path,full_duration_ms,sound_duration_ms,n_pulses,pulse_rate_hz,pulse_strength,rms,centroid_hz,bandwidth_hz,dominant_hz,flatness,class
data/annotated/test/click/01-220217_1120_Ch4_click_1.wav,5.75,5.75,2,333.3,0.117,2e-05,827.28,565.05,173.91,0.52,click
data/annotated/test/click/01-220217_1120_Ch4_click_10.wav,4.06,4.06,1,285.7,-0.187,1e-05,827.0,473.66,246.15,0.37,click
data/annotated/test/click/01-220217_1120_Ch4_click_100.wav,1.17,2.0,1,0.0,0.0,1e-05,1233.79,425.41,857.14,0.97,click
data/annotated/test/click/01-220217_1120_Ch4_click_101.wav,1.28,2.0,1,0.0,0.0,2e-05,1018.14,359.17,780.49,0.73,click
data/annotated/test/click/01-220217_1120_Ch4_click_102.wav,1.0,2.0,1,0.0,0.0,1e-05,1135.98,342.77,1000.0,0.31,click
data/annotated/test/click/01-220217_1120_Ch4_click_103.wav,1.7,2.0,1,0.0,0.0,1e-05,1115.71,525.51,588.96,0.8,click
data/annotated/test/click/01-220217_1120_Ch4_click_104.wav,0.65,2.0,1,0.0,0.0,3e-05,1548.39,0.0,1548.39,1.0,click
data/annotated/test/click/01-220217_1120_Ch4_click_105.wav,1.31,2.0,1,0.0,0.0,1e-05,1003.57,354.57,761.9,0.76,click
data/annotated/test/click/01-220217_1120_Ch4_click_106.wav,1.1,2.0,0,0.0,0.0,0.0,1358.49,452.83,905.66,0.0,click
data/annotated/test/click/01-220217_1120_Ch4_click_107.wav,0.72,2.0,1,0.0,0.0,0.0,1391.3,0.0,1391.3,1.0,click
data/annotated/test/click/01-220217_1120_Ch4_click_108.wav,2.9,2.9,1,0.0,0.0,1e-05,718.34,460.85,345.32,0.34,click
data/annotated/test/click/01-220217_1120_Ch4_click_11.wav,3.04,3.04,1,400.0,-0.316,2e-05,884.74,477.28,328.77,0.53,click
data/annotated/test/click/01-220217_1120_Ch4_click_12.wav,2.04,2.04,1,0.0,0.0,1e-05,1100.14,560.22,979.59,0.64,click
data/annotated/test/click/01-220217_1120_Ch4_click_13.wav,2.72,2.72,1,0.0,0.0,1e-05,744.06,379.72,367.82,0.29,click
data/annotated/test/click/01-220217_1120_Ch4_click_14.wav,2.72,2.72,1,0.0,0.0,2e-05,702.23,448.87,367.82,0.27,click
data/annotated/test/click/01-220217_1120_Ch4_click_15.wav,2.17,2.17,1,0.0,0.0,1e-05,801.13,505.33,461.54,0.25,click
data/annotated/test/click/01-220217_1120_Ch4_click_16.wav,0.8,2.0,1,0.0,0.0,1e-05,1246.75,0.0,1246.75,1.0,click
data/annotated/test/click/01-220217_1120_Ch4_click_17.wav,1.45,2.0,1,0.0,0.0,0.0,866.45,300.85,690.65,0.61,click
data/annotated/test/click/01-220217_1120_Ch4_click_18.wav,1.28,2.0,1,0.0,0.0,1e-05,910.55,290.85,780.49,0.38,click
data/annotated/test/click/01-220217_1120_Ch4_click_19.wav,1.45,2.0,1,0.0,0.0,1e-05,943.11,332.6,690.65,0.87,click
data/annotated/test/click/01-220217_1120_Ch4_click_2.wav,7.68,7.68,2,166.7,0.148,1e-05,819.93,523.68,521.03,0.57,click
data/annotated/test/click/01-220217_1120_Ch4_click_20.wav,2.41,2.41,1,0.0,0.0,1e-05,979.52,456.89,415.58,0.96,click
data/annotated/test/click/01-220217_1120_Ch4_click_21.wav,1.21,2.0,1,0.0,0.0,0.0,1104.2,390.39,827.59,0.8,click
data/annotated/test/click/01-220217_1120_Ch4_click_22.wav,1.45,2.0,1,0.0,0.0,1e-05,856.83,295.22,690.65,0.58,click
data/annotated/test/click/01-220217_1120_Ch4_click_23.wav,0.97,2.0,1,0.0,0.0,2e-05,1032.26,0.0,1032.26,1.0,click
data/annotated/test/click/01-220217_1120_Ch4_click_24.wav,1.33,2.0,1,0.0,0.0,1e-05,1012.83,357.83,750.0,0.84,click
data/annotated/test/click/01-220217_1120_Ch4_click_25.wav,1.18,2.0,1,0.0,0.0,1e-05,1096.39,385.71,849.56,0.7,click
data/annotated/test/click/01-220217_1120_Ch4_click_26.wav,0.72,2.0,1,0.0,0.0,1e-05,1391.3,0.0,1391.3,1.0,click
data/annotated/test/click/01-220217_1120_Ch4_click_27.wav,3.41,3.41,1,400.0,0.327,2e-05,709.02,447.06,293.58,0.3,click
data/annotated/test/click/01-220217_1120_Ch4_click_28.wav,1.58,2.0,1,0.0,0.0,1e-05,1023.69,346.95,1263.16,0.24,click
data/annotated/test/click/01-220217_1120_Ch4_click_29.wav,1.8,2.0,1,0.0,0.0,2e-05,1099.39,440.07,1109.83,0.99,click
data/annotated/test/click/01-220217_1120_Ch4_click_3.wav,9.58,9.58,3,117.6,0.144,2e-05,611.0,560.85,104.35,0.14,click
data/annotated/test/click/01-220217_1120_Ch4_click_30.wav,0.94,2.0,1,0.0,0.0,2e-05,1066.67,0.0,1066.67,1.0,click
data/annotated/test/click/01-220217_1120_Ch4_click_31.wav,1.35,2.0,1,0.0,0.0,1e-05,1152.65,366.48,1476.92,0.97,click
data/annotated/test/click/01-220217_1120_Ch4_click_32.wav,1.69,2.0,1,0.0,0.0,2e-05,1025.95,440.3,592.59,0.78,click
data/annotated/test/click/01-220217_1120_Ch4_click_33.wav,1.43,2.0,1,0.0,0.0,1e-05,813.04,257.07,700.73,0.37,click
data/annotated/test/click/01-220217_1120_Ch4_click_34.wav,1.4,2.0,1,0.0,0.0,0.0,1047.83,357.21,716.42,0.99,click
data/annotated/test/click/01-220217_1120_Ch4_click_35.wav,1.77,2.0,1,0.0,0.0,2e-05,1150.39,454.66,1129.41,0.99,click
data/annotated/test/click/01-220217_1120_Ch4_click_36.wav,1.07,2.0,1,0.0,0.0,2e-05,1183.53,413.7,932.04,0.65,click
data/annotated/test/click/01-220217_1120_Ch4_click_37.wav,1.35,2.0,1,0.0,0.0,2e-05,889.65,297.98,738.46,0.48,click
data/annotated/test/click/01-220217_1120_Ch4_click_38.wav,0.84,2.0,1,0.0,0.0,2e-05,1185.19,0.0,1185.19,1.0,click
data/annotated/test/click/01-220217_1120_Ch4_click_39.wav,1.21,2.0,1,0.0,0.0,1e-05,966.25,309.08,827.59,0.39,click
data/annotated/test/click/01-220217_1120_Ch4_click_4.wav,2.72,2.72,1,0.0,0.0,1e-05,839.92,491.77,367.82,0.51,click
data/annotated/test/click/01-220217_1120_Ch4_click_40.wav,1.1,2.0,1,0.0,0.0,1e-05,1191.88,421.06,905.66,0.76,click
data/annotated/test/click/01-220217_1120_Ch4_click_41.wav,1.18,2.0,1,0.0,0.0,1e-05,868.48,125.37,849.56,0.05,click
data/annotated/test/click/01-220217_1120_Ch4_click_42.wav,0.8,2.0,1,0.0,0.0,3e-05,1246.75,0.0,1246.75,1.0,click
data/annotated/test/click/01-220217_1120_Ch4_click_43.wav,1.33,2.0,1,0.0,0.0,2e-05,1101.52,374.26,750.0,0.99,click
data/annotated/test/click/01-220217_1120_Ch4_click_44.wav,0.75,2.0,1,0.0,0.0,1e-05,1333.33,0.0,1333.33,1.0,click
data/annotated/test/click/01-220217_1120_Ch4_click_45.wav,1.1,2.0,1,0.0,0.0,1e-05,1276.15,445.28,905.66,0.94,click
data/annotated/test/click/01-220217_1120_Ch4_click_46.wav,2.41,2.41,1,0.0,0.0,2e-05,691.39,421.58,415.58,0.13,click
data/annotated/test/click/01-220217_1120_Ch4_click_47.wav,1.3,2.0,1,0.0,0.0,1e-05,889.61,280.37,768.0,0.36,click
data/annotated/test/click/01-220217_1120_Ch4_click_48.wav,1.12,2.0,1,0.0,0.0,2e-05,1207.15,426.15,888.89,0.85,click
data/annotated/test/click/01-220217_1120_Ch4_click_49.wav,1.25,2.0,1,0.0,0.0,3e-05,860.49,211.5,800.0,0.16,click
data/annotated/test/click/01-220217_1120_Ch4_click_5.wav,3.74,3.74,1,400.0,0.3,1e-05,1070.77,466.19,802.23,0.75,click
data/annotated/test/click/01-220217_1120_Ch4_click_50.wav,1.14,2.0,1,0.0,0.0,1e-05,1235.77,432.02,880.73,0.93,click
data/annotated/test/click/01-220217_1120_Ch4_click_51.wav,1.79,2.0,1,0.0,0.0,2e-05,922.06,413.1,558.14,0.69,click
data/annotated/test/click/01-220217_1120_Ch4_click_52.wav,1.81,2.0,1,0.0,0.0,1e-05,1103.46,438.68,1103.45,0.99,click
data/annotated/test/click/01-220217_1120_Ch4_click_53.wav,0.88,2.0,1,0.0,0.0,1e-05,1142.86,0.0,1142.86,1.0,click
data/annotated/test/click/01-220217_1120_Ch4_click_54.wav,0.9,2.0,1,0.0,0.0,1e-05,1116.28,0.0,1116.28,1.0,click
data/annotated/test/click/01-220217_1120_Ch4_click_55.wav,0.97,2.0,1,0.0,0.0,1e-05,1032.26,0.0,1032.26,1.0,click
data/annotated/test/click/01-220217_1120_Ch4_click_56.wav,0.61,2.0,1,0.0,0.0,3e-05,1627.12,0.0,1627.12,1.0,click
data/annotated/test/click/01-220217_1120_Ch4_click_57.wav,1.08,2.0,1,0.0,0.0,1e-05,1304.87,454.6,923.08,0.94,click
data/annotated/test/click/01-220217_1120_Ch4_click_58.wav,1.06,2.0,1,0.0,0.0,1e-05,1366.76,468.43,941.18,0.98,click
data/annotated/test/click/01-220217_1120_Ch4_click_59.wav,1.11,2.0,1,0.0,0.0,1e-05,1154.25,405.65,897.2,0.69,click
data/annotated/test/click/01-220217_1120_Ch4_click_6.wav,4.75,4.75,1,250.0,-0.128,2e-05,617.49,525.43,210.53,0.14,click
data/annotated/test/click/01-220217_1120_Ch4_click_60.wav,1.4,2.0,1,0.0,0.0,1e-05,1080.43,358.16,1432.84,1.0,click
data/annotated/test/click/01-220217_1120_Ch4_click_61.wav,2.8,2.8,1,0.0,0.0,1e-05,859.81,488.96,356.88,0.66,click
data/annotated/test/click/01-220217_1120_Ch4_click_62.wav,1.11,2.0,1,0.0,0.0,4e-05,933.86,177.62,897.2,0.09,click
data/annotated/test/click/01-220217_1120_Ch4_click_63.wav,1.36,2.0,1,0.0,0.0,1e-05,1025.96,359.01,732.82,0.92,click
data/annotated/test/click/01-220217_1120_Ch4_click_64.wav,1.04,2.0,1,0.0,0.0,2e-05,1151.1,383.32,960.0,0.47,click
data/annotated/test/click/01-220217_1120_Ch4_click_65.wav,0.82,2.0,1,0.0,0.0,1e-05,1215.19,0.0,1215.19,1.0,click
data/annotated/test/click/01-220217_1120_Ch4_click_66.wav,0.8,2.0,1,0.0,0.0,1e-05,1246.75,0.0,1246.75,1.0,click
data/annotated/test/click/01-220217_1120_Ch4_click_67.wav,1.15,2.0,1,0.0,0.0,1e-05,1401.13,426.55,1745.45,0.91,click
data/annotated/test/click/01-220217_1120_Ch4_click_68.wav,0.74,2.0,1,0.0,0.0,3e-05,1352.11,0.0,1352.11,1.0,click
data/annotated/test/click/01-220217_1120_Ch4_click_69.wav,0.84,2.0,0,0.0,0.0,0.0,1185.19,0.0,1185.19,0.0,click
data/annotated/test/click/01-220217_1120_Ch4_click_7.wav,2.03,2.03,1,0.0,0.0,1e-05,1001.98,530.43,492.31,0.69,click
data/annotated/test/click/01-220217_1120_Ch4_click_70.wav,1.08,2.0,1,0.0,0.0,1e-05,1025.97,290.5,923.08,0.25,click
data/annotated/test/click/01-220217_1120_Ch4_click_71.wav,0.9,2.0,1,0.0,0.0,0.0,1116.28,0.0,1116.28,0.0,click
data/annotated/test/click/01-220217_1120_Ch4_click_72.wav,1.16,2.0,1,0.0,0.0,1e-05,1026.79,337.38,864.86,0.44,click
data/annotated/test/click/01-220217_1120_Ch4_click_73.wav,1.08,2.0,1,0.0,0.0,1e-05,1364.91,461.12,923.08,1.0,click
data/annotated/test/click/01-220217_1120_Ch4_click_74.wav,0.78,2.0,1,0.0,0.0,1e-05,1280.0,0.0,1280.0,1.0,click
data/annotated/test/click/01-220217_1120_Ch4_click_75.wav,1.02,2.0,1,0.0,0.0,2e-05,1163.33,382.4,979.59,0.44,click
data/annotated/test/click/01-220217_1120_Ch4_click_76.wav,1.05,2.0,1,0.0,0.0,5e-05,1095.87,342.12,950.5,0.35,click
data/annotated/test/click/01-220217_1120_Ch4_click_77.wav,0.89,2.0,1,0.0,0.0,1e-05,1129.41,0.0,1129.41,1.0,click
data/annotated/test/click/01-220217_1120_Ch4_click_78.wav,0.79,2.0,1,0.0,0.0,0.0,1263.16,0.0,1263.16,1.0,click
data/annotated/test/click/01-220217_1120_Ch4_click_79.wav,0.83,2.0,1,0.0,0.0,1e-05,1200.0,0.0,1200.0,1.0,click
data/annotated/test/click/01-220217_1120_Ch4_click_8.wav,3.4,3.4,1,400.0,-0.013,2e-05,824.78,538.27,294.48,0.47,click
data/annotated/test/click/01-220217_1120_Ch4_click_80.wav,2.08,2.08,1,0.0,0.0,1e-05,1111.49,412.85,1440.0,0.54,click
data/annotated/test/click/01-220217_1120_Ch4_click_81.wav,1.16,2.0,1,0.0,0.0,1e-05,1148.47,406.02,864.86,0.79,click
data/annotated/test/click/01-220217_1120_Ch4_click_82.wav,0.99,2.0,1,0.0,0.0,2e-05,1010.53,0.0,1010.53,1.0,click
data/annotated/test/click/01-220217_1120_Ch4_click_83.wav,0.77,2.0,1,0.0,0.0,1e-05,1297.3,0.0,1297.3,1.0,click
data/annotated/test/click/01-220217_1120_Ch4_click_84.wav,0.64,2.0,1,0.0,0.0,1e-05,1573.77,0.0,1573.77,1.0,click
data/annotated/test/click/01-220217_1120_Ch4_click_85.wav,1.07,2.0,1,0.0,0.0,2e-05,1252.6,442.74,932.04,0.82,click
data/annotated/test/click/01-220217_1120_Ch4_click_86.wav,1.48,2.0,1,0.0,0.0,2e-05,922.95,325.51,676.06,0.86,click
data/annotated/test/click/01-220217_1120_Ch4_click_87.wav,1.33,2.0,1,0.0,0.0,1e-05,1276.74,342.93,1500.0,0.72,click
data/annotated/test/click/01-220217_1120_Ch4_click_88.wav,3.75,3.75,1,400.0,0.017,1e-05,834.01,563.51,266.67,0.48,click
data/annotated/test/click/01-220217_1120_Ch4_click_89.wav,2.21,2.21,1,0.0,0.0,1e-05,911.86,471.29,452.83,0.54,click
data/annotated/test/click/01-220217_1120_Ch4_click_9.wav,3.08,3.08,1,400.0,-0.19,1e-05,749.19,419.23,324.32,0.25,click
data/annotated/test/click/01-220217_1120_Ch4_click_90.wav,1.34,2.0,1,0.0,0.0,2e-05,953.92,334.8,744.19,0.68,click
data/annotated/test/click/01-220217_1120_Ch4_click_91.wav,1.03,2.0,1,0.0,0.0,1e-05,1431.94,484.32,969.7,1.0,click
data/annotated/test/click/01-220217_1120_Ch4_click_92.wav,2.32,2.32,1,0.0,0.0,1e-05,870.21,408.8,430.49,0.62,click
data/annotated/test/click/01-220217_1120_Ch4_click_93.wav,0.86,2.0,1,0.0,0.0,1e-05,1156.63,0.0,1156.63,1.0,click
data/annotated/test/click/01-220217_1120_Ch4_click_94.wav,1.95,2.0,1,0.0,0.0,1e-05,994.3,420.79,513.37,0.99,click
data/annotated/test/click/01-220217_1120_Ch4_click_95.wav,1.56,2.0,1,0.0,0.0,2e-05,1082.91,463.24,640.0,0.71,click
data/annotated/test/click/01-220217_1120_Ch4_click_96.wav,1.19,2.0,1,0.0,0.0,3e-05,966.63,298.92,842.11,0.34,click
data/annotated/test/click/01-220217_1120_Ch4_click_97.wav,1.09,2.0,1,0.0,0.0,2e-05,1154.64,402.47,914.29,0.63,click
data/annotated/test/click/01-220217_1120_Ch4_click_98.wav,1.41,2.0,1,0.0,0.0,1e-05,1007.93,350.67,711.11,0.95,click
data/annotated/test/click/01-220217_1120_Ch4_click_99.wav,1.08,2.0,1,0.0,0.0,1e-05,1241.42,438.76,923.08,0.82,click
data/annotated/test/click/01-220218_1108_Ch4_click_1.wav,23.53,23.53,6,400.0,0.461,1e-05,801.25,577.82,84.99,0.22,click
data/annotated/test/click/01-220218_1151_Ch4_click_1.wav,20.12,20.12,6,69.0,0.104,1e-05,919.04,506.12,99.38,0.3,click
data/annotated/test/click/01-220218_1151_Ch4_click_2.wav,23.68,23.68,6,400.0,0.534,1e-05,713.57,542.2,84.47,0.18,click
data/annotated/test/click/01-220218_1234_Ch4_click_1.wav,8.29,8.29,2,142.9,0.181,1e-05,1077.69,534.93,1206.03,0.58,click
data/annotated/test/click/01-220218_1234_Ch4_click_2.wav,6.64,6.64,2,166.7,-0.039,1e-05,1001.97,528.24,904.24,0.38,click
data/annotated/test/click/01-220224_1243_Ch4_click_1.wav,4.94,4.94,1,250.0,0.16,1e-05,1004.65,446.01,1215.19,0.69,click
data/annotated/test/click/01-220224_1243_Ch4_click_10.wav,2.66,2.66,1,0.0,0.0,1e-05,1033.45,431.73,1129.41,0.61,click
data/annotated/test/click/01-220224_1243_Ch4_click_100.wav,2.44,2.44,1,0.0,0.0,3e-05,875.59,475.86,410.26,0.74,click
data/annotated/test/click/01-220224_1243_Ch4_click_101.wav,2.29,2.29,1,0.0,0.0,2e-05,712.29,396.76,436.36,0.28,click
data/annotated/test/click/01-220224_1243_Ch4_click_102.wav,2.28,2.28,1,0.0,0.0,1e-05,1235.12,495.14,1315.07,0.59,click
data/annotated/test/click/01-220224_1243_Ch4_click_103.wav,2.21,2.21,1,0.0,0.0,0.0,1123.85,474.22,905.66,0.93,click
data/annotated/test/click/01-220224_1243_Ch4_click_104.wav,3.31,3.31,1,400.0,-0.203,2e-05,1035.86,458.21,603.77,0.69,click
data/annotated/test/click/01-220224_1243_Ch4_click_105.wav,2.32,2.32,1,0.0,0.0,1e-05,1008.74,486.9,430.49,0.84,click
data/annotated/test/click/01-220224_1243_Ch4_click_106.wav,2.48,2.48,1,0.0,0.0,1e-05,802.03,400.64,403.36,0.64,click
data/annotated/test/click/01-220224_1243_Ch4_click_107.wav,1.48,2.0,1,0.0,0.0,1e-05,1020.36,337.97,1352.11,1.0,click
data/annotated/test/click/01-220224_1243_Ch4_click_108.wav,1.72,2.0,1,0.0,0.0,1e-05,1071.12,479.24,581.82,0.92,click
data/annotated/test/click/01-220224_1243_Ch4_click_109.wav,0.93,2.0,1,0.0,0.0,1e-05,1078.65,0.0,1078.65,1.0,click
data/annotated/test/click/01-220224_1243_Ch4_click_11.wav,1.15,2.0,1,0.0,0.0,2e-05,1114.2,390.42,872.73,0.67,click
data/annotated/test/click/01-220224_1243_Ch4_click_110.wav,1.22,2.0,1,0.0,0.0,2e-05,1236.26,410.22,1641.03,1.0,click
data/annotated/test/click/01-220224_1243_Ch4_click_111.wav,2.32,2.32,1,0.0,0.0,1e-05,945.12,528.3,430.49,0.69,click
data/annotated/test/click/01-220224_1243_Ch4_click_112.wav,2.11,2.11,1,0.0,0.0,2e-05,791.0,496.57,472.91,0.27,click
data/annotated/test/click/01-220224_1243_Ch4_click_113.wav,2.65,2.65,1,0.0,0.0,2e-05,829.13,477.46,377.95,0.51,click
data/annotated/test/click/01-220224_1243_Ch4_click_114.wav,1.58,2.0,1,0.0,0.0,1e-05,1040.2,486.5,631.58,0.68,click
data/annotated/test/click/01-220224_1243_Ch4_click_115.wav,2.57,2.57,1,0.0,0.0,1e-05,1172.7,506.32,1554.66,0.85,click
data/annotated/test/click/01-220224_1243_Ch4_click_116.wav,3.19,3.19,1,400.0,0.033,2e-05,941.82,637.56,313.73,0.45,click
data/annotated/test/click/01-220224_1243_Ch4_click_117.wav,4.65,4.65,2,250.0,0.017,1e-05,859.58,475.56,215.25,0.43,click
data/annotated/test/click/01-220224_1243_Ch4_click_118.wav,1.84,2.0,1,0.0,0.0,2e-05,848.83,385.59,542.37,0.56,click
data/annotated/test/click/01-220224_1243_Ch4_click_119.wav,2.07,2.07,1,0.0,0.0,3e-05,794.7,440.17,482.41,0.28,click
data/annotated/test/click/01-220224_1243_Ch4_click_12.wav,2.16,2.16,1,0.0,0.0,1e-05,926.79,439.17,463.77,0.29,click
data/annotated/test/click/01-220224_1243_Ch4_click_120.wav,2.65,2.65,1,0.0,0.0,2e-05,966.12,562.52,377.95,0.71,click
data/annotated/test/click/01-220224_1243_Ch4_click_121.wav,3.28,3.28,1,400.0,-0.033,1e-05,861.81,468.09,304.76,0.6,click
data/annotated/test/click/01-220224_1243_Ch4_click_122.wav,2.67,2.67,1,0.0,0.0,1e-05,891.47,431.18,375.0,0.42,click
data/annotated/test/click/01-220224_1243_Ch4_click_123.wav,1.42,2.0,1,0.0,0.0,2e-05,901.4,315.89,705.88,0.67,click
data/annotated/test/click/01-220224_1243_Ch4_click_124.wav,1.38,2.0,1,0.0,0.0,1e-05,967.03,341.89,727.27,0.79,click
data/annotated/test/click/01-220224_1243_Ch4_click_125.wav,2.15,2.15,1,0.0,0.0,1e-05,958.93,494.92,466.02,0.73,click
data/annotated/test/click/01-220224_1243_Ch4_click_126.wav,2.12,2.12,1,0.0,0.0,1e-05,921.98,397.91,941.18,0.44,click
data/annotated/test/click/01-220224_1243_Ch4_click_127.wav,1.09,2.0,1,0.0,0.0,0.0,1351.48,456.71,914.29,1.0,click
data/annotated/test/click/01-220224_1243_Ch4_click_128.wav,3.52,3.52,1,400.0,-0.016,2e-05,965.51,492.45,852.07,0.42,click
data/annotated/test/click/01-220224_1243_Ch4_click_129.wav,3.78,3.78,1,400.0,-0.31,1e-05,929.95,552.22,264.46,0.66,click
data/annotated/test/click/01-220224_1243_Ch4_click_13.wav,2.28,2.28,1,0.0,0.0,1e-05,1019.23,462.95,438.36,0.92,click
data/annotated/test/click/01-220224_1243_Ch4_click_130.wav,2.41,2.41,1,0.0,0.0,1e-05,850.03,489.19,415.58,0.47,click
data/annotated/test/click/01-220224_1243_Ch4_click_131.wav,4.46,4.46,2,400.0,0.183,1e-05,681.07,388.55,224.3,0.27,click
data/annotated/test/click/01-220224_1243_Ch4_click_132.wav,1.82,2.0,1,0.0,0.0,2e-05,871.36,440.49,548.57,0.54,click
data/annotated/test/click/01-220224_1243_Ch4_click_133.wav,1.55,2.0,1,0.0,0.0,1e-05,1191.99,487.44,1288.59,0.89,click
data/annotated/test/click/01-220224_1243_Ch4_click_134.wav,1.34,2.0,1,0.0,0.0,2e-05,906.65,307.42,744.19,0.52,click
data/annotated/test/click/01-220224_1243_Ch4_click_135.wav,1.27,2.0,1,0.0,0.0,1e-05,1065.43,376.29,786.89,0.84,click
data/annotated/test/click/01-220224_1243_Ch4_click_136.wav,2.89,2.89,1,0.0,0.0,1e-05,840.04,499.25,346.57,0.66,click
data/annotated/test/click/01-220224_1243_Ch4_click_137.wav,1.99,2.0,1,0.0,0.0,2e-05,702.13,366.5,502.62,0.26,click
data/annotated/test/click/01-220224_1243_Ch4_click_138.wav,3.27,3.27,1,400.0,-0.241,2e-05,742.51,480.73,305.73,0.37,click
data/annotated/test/click/01-220224_1243_Ch4_click_139.wav,2.0,2.0,1,0.0,0.0,1e-05,1179.29,521.93,1000.0,0.92,click
data/annotated/test/click/01-220224_1243_Ch4_click_14.wav,2.68,2.68,1,0.0,0.0,2e-05,882.72,384.16,747.08,0.25,click
data/annotated/test/click/01-220224_1243_Ch4_click_140.wav,4.25,4.25,2,400.0,-0.003,1e-05,737.81,534.59,235.29,0.34,click
data/annotated/test/click/01-220224_1243_Ch4_click_141.wav,4.17,4.17,1,400.0,0.012,1e-05,967.18,472.27,480.0,0.48,click
data/annotated/test/click/01-220224_1243_Ch4_click_142.wav,2.29,2.29,1,0.0,0.0,1e-05,864.0,451.6,436.36,0.61,click
data/annotated/test/click/01-220224_1243_Ch4_click_143.wav,1.89,2.0,1,0.0,0.0,0.0,1105.06,432.27,1591.16,0.98,click
data/annotated/test/click/01-220224_1243_Ch4_click_144.wav,1.19,2.0,1,0.0,0.0,2e-05,994.35,324.08,842.11,0.42,click
data/annotated/test/click/01-220224_1243_Ch4_click_145.wav,2.85,2.85,1,0.0,0.0,1e-05,939.76,486.07,350.36,0.73,click
data/annotated/test/click/01-220224_1243_Ch4_click_146.wav,4.3,4.3,1,285.7,0.109,1e-05,765.64,478.07,232.45,0.41,click
data/annotated/test/click/01-220224_1243_Ch4_click_147.wav,2.22,2.22,1,0.0,0.0,1e-05,982.43,449.67,450.7,0.77,click
data/annotated/test/click/01-220224_1243_Ch4_click_148.wav,1.97,2.0,1,0.0,0.0,2e-05,727.56,283.7,507.94,0.23,click
data/annotated/test/click/01-220224_1243_Ch4_click_149.wav,1.72,2.0,1,0.0,0.0,0.0,1141.89,462.32,1163.64,0.99,click
data/annotated/test/click/01-220224_1243_Ch4_click_15.wav,2.05,2.05,1,0.0,0.0,2e-05,999.86,517.76,487.31,0.63,click
data/annotated/test/click/01-220224_1243_Ch4_click_150.wav,4.91,4.91,2,250.0,-0.159,1e-05,1087.97,417.74,1222.93,0.35,click
data/annotated/test/click/01-220224_1243_Ch4_click_151.wav,1.94,2.0,1,0.0,0.0,2e-05,669.49,290.05,516.13,0.19,click
data/annotated/test/click/01-220224_1243_Ch4_click_152.wav,1.24,2.0,1,0.0,0.0,0.0,1299.62,393.3,1613.45,0.91,click
data/annotated/test/click/01-220224_1243_Ch4_click_153.wav,1.48,2.0,1,0.0,0.0,2e-05,803.77,264.63,676.06,0.44,click
data/annotated/test/click/01-220224_1243_Ch4_click_154.wav,3.52,3.52,1,400.0,-0.009,1e-05,871.68,546.37,284.02,0.46,click
data/annotated/test/click/01-220224_1243_Ch4_click_155.wav,3.12,3.12,1,400.0,-0.47,1e-05,953.71,521.85,320.0,0.63,click
data/annotated/test/click/01-220224_1243_Ch4_click_156.wav,3.21,3.21,1,400.0,-0.302,1e-05,1256.03,392.34,1246.75,0.45,click
data/annotated/test/click/01-220224_1243_Ch4_click_157.wav,3.34,3.34,1,400.0,-0.297,1e-05,890.27,484.11,299.07,0.64,click
data/annotated/test/click/01-220224_1243_Ch4_click_158.wav,5.77,5.77,2,222.2,-0.103,1e-05,854.15,549.28,173.29,0.72,click
data/annotated/test/click/01-220224_1243_Ch4_click_159.wav,3.21,3.21,1,400.0,0.041,1e-05,733.64,480.98,311.69,0.34,click
data/annotated/test/click/01-220224_1243_Ch4_click_16.wav,3.24,3.24,1,400.0,-0.351,1e-05,1108.02,593.72,308.68,0.61,click
data/annotated/test/click/01-220224_1243_Ch4_click_160.wav,1.73,2.0,1,0.0,0.0,2e-05,817.33,368.52,578.31,0.33,click
data/annotated/test/click/01-220224_1243_Ch4_click_161.wav,1.85,2.0,1,0.0,0.0,2e-05,982.96,431.06,539.33,0.91,click
data/annotated/test/click/01-220224_1243_Ch4_click_162.wav,2.18,2.18,1,0.0,0.0,1e-05,1152.72,547.09,459.33,0.85,click
data/annotated/test/click/01-220224_1243_Ch4_click_163.wav,2.86,2.86,1,0.0,0.0,2e-05,917.52,464.29,698.18,0.84,click
data/annotated/test/click/01-220224_1243_Ch4_click_164.wav,2.47,2.47,1,0.0,0.0,2e-05,904.74,412.38,810.13,0.84,click
data/annotated/test/click/01-220224_1243_Ch4_click_165.wav,4.07,4.07,1,285.7,0.024,1e-05,734.5,540.19,245.52,0.28,click
data/annotated/test/click/01-220224_1243_Ch4_click_166.wav,2.61,2.61,1,0.0,0.0,1e-05,967.66,473.89,764.94,0.7,click
data/annotated/test/click/01-220224_1243_Ch4_click_167.wav,1.48,2.0,1,0.0,0.0,1e-05,910.06,321.62,676.06,0.83,click
data/annotated/test/click/01-220224_1243_Ch4_click_168.wav,1.96,2.0,1,0.0,0.0,1e-05,905.62,407.56,510.64,0.86,click
data/annotated/test/click/01-220224_1243_Ch4_click_169.wav,3.24,3.24,1,400.0,-0.338,1e-05,819.83,514.55,308.68,0.55,click
data/annotated/test/click/01-220224_1243_Ch4_click_17.wav,2.14,2.14,1,0.0,0.0,1e-05,1090.87,526.18,468.29,0.95,click
data/annotated/test/click/01-220224_1243_Ch4_click_170.wav,3.7,3.7,1,333.3,-0.126,2e-05,905.32,582.84,270.42,0.56,click
data/annotated/test/click/01-220224_1243_Ch4_click_171.wav,2.89,2.89,1,0.0,0.0,1e-05,920.19,382.48,1039.71,0.46,click
data/annotated/test/click/01-220224_1243_Ch4_click_172.wav,1.4,2.0,1,0.0,0.0,2e-05,1049.38,357.32,716.42,0.99,click
data/annotated/test/click/01-220224_1243_Ch4_click_173.wav,3.69,3.69,1,333.3,0.113,2e-05,647.82,479.69,271.19,0.24,click
data/annotated/test/click/01-220224_1243_Ch4_click_174.wav,4.81,4.81,2,400.0,-0.062,1e-05,947.47,541.18,623.38,0.5,click
data/annotated/test/click/01-220224_1243_Ch4_click_175.wav,2.47,2.47,1,0.0,0.0,2e-05,1001.88,498.95,405.06,0.77,click
data/annotated/test/click/01-220224_1243_Ch4_click_176.wav,1.98,2.0,1,0.0,0.0,1e-05,868.99,376.55,505.26,0.77,click
data/annotated/test/click/01-220224_1243_Ch4_click_177.wav,4.15,4.15,2,400.0,0.145,1e-05,1016.96,477.69,964.82,0.68,click
data/annotated/test/click/01-220224_1243_Ch4_click_178.wav,2.49,2.49,1,0.0,0.0,1e-05,896.53,449.56,401.67,0.89,click
data/annotated/test/click/01-220224_1243_Ch4_click_179.wav,3.52,3.52,1,400.0,-0.197,1e-05,946.06,520.99,852.07,0.68,click
data/annotated/test/click/01-220224_1243_Ch4_click_18.wav,2.32,2.32,1,0.0,0.0,1e-05,855.48,380.98,860.99,0.5,click
data/annotated/test/click/01-220224_1243_Ch4_click_180.wav,3.8,3.8,1,333.3,-0.112,1e-05,749.29,459.9,263.01,0.43,click
data/annotated/test/click/01-220224_1243_Ch4_click_181.wav,2.95,2.95,1,0.0,0.0,1e-05,724.11,398.62,339.22,0.43,click
data/annotated/test/click/01-220224_1243_Ch4_click_182.wav,2.38,2.38,1,0.0,0.0,0.0,1020.75,470.78,421.05,0.99,click
data/annotated/test/click/01-220224_1243_Ch4_click_183.wav,1.88,2.0,1,0.0,0.0,1e-05,921.27,488.41,533.33,0.42,click
data/annotated/test/click/01-220224_1243_Ch4_click_184.wav,2.93,2.93,1,0.0,0.0,1e-05,575.06,387.21,341.64,0.11,click
data/annotated/test/click/01-220224_1243_Ch4_click_185.wav,2.6,2.6,1,0.0,0.0,2e-05,792.44,483.6,384.0,0.4,click
data/annotated/test/click/01-220224_1243_Ch4_click_186.wav,2.22,2.22,1,0.0,0.0,1e-05,930.41,453.69,450.7,0.71,click
data/annotated/test/click/01-220224_1243_Ch4_click_187.wav,2.66,2.66,1,0.0,0.0,2e-05,768.27,502.89,376.47,0.36,click
data/annotated/test/click/01-220224_1243_Ch4_click_188.wav,3.56,3.56,1,400.0,0.374,1e-05,881.81,515.53,280.7,0.63,click
data/annotated/test/click/01-220224_1243_Ch4_click_189.wav,2.77,2.77,1,0.0,0.0,1e-05,1138.02,521.34,1443.61,0.58,click
data/annotated/test/click/01-220224_1243_Ch4_click_19.wav,2.09,2.09,1,0.0,0.0,1e-05,942.0,469.81,477.61,0.62,click
data/annotated/test/click/01-220224_1243_Ch4_click_190.wav,2.72,2.72,1,0.0,0.0,2e-05,660.17,457.38,367.82,0.19,click
data/annotated/test/click/01-220224_1243_Ch4_click_191.wav,1.82,2.0,1,0.0,0.0,2e-05,1000.89,508.97,548.57,0.53,click
data/annotated/test/click/01-220224_1243_Ch4_click_192.wav,4.59,4.59,1,250.0,0.11,1e-05,1043.59,488.27,653.06,0.63,click
data/annotated/test/click/01-220224_1243_Ch4_click_193.wav,3.35,3.35,1,400.0,-0.377,1e-05,1071.73,493.54,894.41,0.77,click
data/annotated/test/click/01-220224_1243_Ch4_click_194.wav,4.2,4.2,2,333.3,-0.21,1e-05,921.4,546.65,238.21,0.81,click
data/annotated/test/click/01-220224_1243_Ch4_click_195.wav,3.45,3.45,1,400.0,-0.303,1e-05,843.05,513.17,290.03,0.62,click
data/annotated/test/click/01-220224_1243_Ch4_click_196.wav,2.83,2.83,1,0.0,0.0,1e-05,997.96,516.21,352.94,0.44,click
data/annotated/test/click/01-220224_1243_Ch4_click_197.wav,1.94,2.0,1,0.0,0.0,1e-05,984.21,459.31,516.13,0.82,click
data/annotated/test/click/01-220224_1243_Ch4_click_198.wav,5.62,5.62,2,222.2,0.33,1e-05,793.9,495.18,177.78,0.47,click
data/annotated/test/click/01-220224_1243_Ch4_click_199.wav,2.47,2.47,1,0.0,0.0,1e-05,1084.25,417.29,1215.19,0.83,click
data/annotated/test/click/01-220224_1243_Ch4_click_2.wav,2.96,2.96,1,0.0,0.0,1e-05,798.36,414.97,338.03,0.63,click
data/annotated/test/click/01-220224_1243_Ch4_click_20.wav,4.16,4.16,1,285.7,-0.095,1e-05,921.38,408.84,962.41,0.41,click
data/annotated/test/click/01-220224_1243_Ch4_click_200.wav,2.97,2.97,1,0.0,0.0,0.0,1122.31,494.1,1347.37,0.69,click
data/annotated/test/click/01-220224_1243_Ch4_click_201.wav,1.24,2.0,1,0.0,0.0,0.0,1149.53,398.79,806.72,0.96,click
data/annotated/test/click/01-220224_1243_Ch4_click_202.wav,2.17,2.17,1,0.0,0.0,3e-05,688.82,449.94,461.54,0.09,click
data/annotated/test/click/01-220224_1243_Ch4_click_203.wav,1.65,2.0,1,0.0,0.0,1e-05,1010.81,402.95,1215.19,0.57,click
data/annotated/test/click/01-220224_1243_Ch4_click_204.wav,1.24,2.0,1,0.0,0.0,1e-05,900.82,258.95,806.72,0.26,click
data/annotated/test/click/01-220224_1243_Ch4_click_205.wav,2.85,2.85,1,0.0,0.0,2e-05,875.21,437.39,1051.09,0.64,click
data/annotated/test/click/01-220224_1243_Ch4_click_206.wav,1.73,2.0,1,0.0,0.0,1e-05,1038.79,451.14,578.31,0.88,click
data/annotated/test/click/01-220224_1243_Ch4_click_207.wav,3.58,3.58,1,333.3,0.012,1e-05,940.59,581.67,279.07,0.62,click
data/annotated/test/click/01-220224_1243_Ch4_click_208.wav,3.02,3.02,1,400.0,-0.047,1e-05,967.5,506.64,993.1,0.71,click
data/annotated/test/click/01-220224_1243_Ch4_click_209.wav,1.43,2.0,1,0.0,0.0,1e-05,998.54,346.4,700.73,0.96,click
data/annotated/test/click/01-220224_1243_Ch4_click_21.wav,7.73,7.73,2,400.0,0.1,2e-05,849.16,581.91,129.38,0.47,click
data/annotated/test/click/01-220224_1243_Ch4_click_210.wav,3.0,3.0,1,0.0,0.0,1e-05,1119.46,555.17,1000.0,0.85,click
data/annotated/test/click/01-220224_1243_Ch4_click_211.wav,0.95,2.0,1,0.0,0.0,1e-05,1054.95,0.0,1054.95,1.0,click
data/annotated/test/click/01-220224_1243_Ch4_click_212.wav,4.06,4.06,1,400.0,-0.079,1e-05,901.68,550.72,246.15,0.56,click
data/annotated/test/click/01-220224_1243_Ch4_click_213.wav,1.49,2.0,1,0.0,0.0,1e-05,1081.36,327.32,1342.66,0.91,click
data/annotated/test/click/01-220224_1243_Ch4_click_214.wav,3.85,3.85,1,333.3,-0.154,1e-05,899.13,453.11,778.38,0.49,click
data/annotated/test/click/01-220224_1243_Ch4_click_215.wav,1.73,2.0,1,0.0,0.0,1e-05,1126.47,455.94,1156.63,0.98,click
data/annotated/test/click/01-220224_1243_Ch4_click_216.wav,2.21,2.21,1,0.0,0.0,1e-05,1046.6,468.79,905.66,0.9,click
data/annotated/test/click/01-220224_1243_Ch4_click_217.wav,2.03,2.03,1,0.0,0.0,1e-05,956.18,472.32,984.62,0.5,click
data/annotated/test/click/01-220224_1243_Ch4_click_218.wav,2.4,2.4,1,0.0,0.0,2e-05,843.74,514.71,417.39,0.46,click
data/annotated/test/click/01-220224_1243_Ch4_click_219.wav,2.23,2.23,1,0.0,0.0,1e-05,1051.78,539.54,448.6,0.84,click
data/annotated/test/click/01-220224_1243_Ch4_click_22.wav,2.33,2.33,1,0.0,0.0,1e-05,811.09,429.82,428.57,0.54,click
data/annotated/test/click/01-220224_1243_Ch4_click_220.wav,2.9,2.9,1,0.0,0.0,1e-05,1026.67,431.28,1035.97,0.69,click
data/annotated/test/click/01-220224_1243_Ch4_click_221.wav,1.73,2.0,1,0.0,0.0,1e-05,1107.3,487.91,578.31,0.96,click
data/annotated/test/click/01-220224_1243_Ch4_click_222.wav,2.64,2.64,1,0.0,0.0,1e-05,840.98,551.0,379.45,0.39,click
data/annotated/test/click/01-220224_1243_Ch4_click_223.wav,3.73,3.73,1,333.3,-0.087,1e-05,936.12,315.54,1072.63,0.13,click
data/annotated/test/click/01-220224_1243_Ch4_click_224.wav,1.25,2.0,1,0.0,0.0,0.0,1265.26,394.64,1600.0,0.95,click
data/annotated/test/click/01-220224_1243_Ch4_click_225.wav,3.61,3.61,1,333.3,-0.112,1e-05,1092.0,525.55,276.66,0.64,click
data/annotated/test/click/01-220224_1243_Ch4_click_226.wav,3.07,3.07,1,400.0,-0.178,1e-05,1039.41,456.46,976.27,0.67,click
data/annotated/test/click/01-220224_1243_Ch4_click_227.wav,2.57,2.57,1,0.0,0.0,1e-05,1283.1,498.28,1554.66,0.72,click
data/annotated/test/click/01-220224_1243_Ch4_click_228.wav,1.61,2.0,1,0.0,0.0,1e-05,1288.38,450.34,1238.71,0.84,click
data/annotated/test/click/01-220224_1243_Ch4_click_229.wav,3.26,3.26,1,400.0,-0.042,1e-05,811.04,404.64,920.13,0.45,click
data/annotated/test/click/01-220224_1243_Ch4_click_23.wav,4.74,4.74,2,250.0,-0.113,2e-05,921.83,606.75,210.99,0.37,click
data/annotated/test/click/01-220224_1243_Ch4_click_230.wav,2.75,2.75,1,0.0,0.0,2e-05,618.07,397.72,363.64,0.16,click
data/annotated/test/click/01-220224_1243_Ch4_click_231.wav,1.36,2.0,1,0.0,0.0,2e-05,869.88,285.75,732.82,0.44,click
data/annotated/test/click/01-220224_1243_Ch4_click_232.wav,2.81,2.81,1,0.0,0.0,0.0,907.29,511.47,355.56,0.39,click
data/annotated/test/click/01-220224_1243_Ch4_click_233.wav,2.26,2.26,1,0.0,0.0,1e-05,786.49,459.15,442.4,0.41,click
data/annotated/test/click/01-220224_1243_Ch4_click_234.wav,1.58,2.0,1,0.0,0.0,2e-05,1107.33,518.01,631.58,0.81,click
data/annotated/test/click/01-220224_1243_Ch4_click_24.wav,2.65,2.65,1,0.0,0.0,1e-05,861.97,503.58,377.95,0.56,click
data/annotated/test/click/01-220224_1243_Ch4_click_25.wav,2.73,2.73,1,0.0,0.0,1e-05,753.29,377.43,366.41,0.29,click
data/annotated/test/click/01-220224_1243_Ch4_click_26.wav,1.89,2.0,1,0.0,0.0,2e-05,891.71,364.81,530.39,0.63,click
data/annotated/test/click/01-220224_1243_Ch4_click_27.wav,2.75,2.75,1,0.0,0.0,0.0,1206.89,459.53,1454.55,0.83,click
data/annotated/test/click/01-220224_1243_Ch4_click_28.wav,1.59,2.0,1,0.0,0.0,2e-05,1023.39,478.9,627.45,0.66,click
data/annotated/test/click/01-220224_1243_Ch4_click_29.wav,3.1,3.1,1,400.0,0.026,1e-05,1109.96,454.47,966.44,0.73,click
data/annotated/test/click/01-220224_1243_Ch4_click_3.wav,1.4,2.0,1,0.0,0.0,1e-05,854.53,282.62,716.42,0.45,click
data/annotated/test/click/01-220224_1243_Ch4_click_30.wav,2.68,2.68,1,0.0,0.0,1e-05,847.1,515.45,373.54,0.23,click
data/annotated/test/click/01-220224_1243_Ch4_click_31.wav,2.21,2.21,1,0.0,0.0,3e-05,636.9,357.54,452.83,0.12,click
data/annotated/test/click/01-220224_1243_Ch4_click_32.wav,2.76,2.76,1,0.0,0.0,2e-05,892.8,488.99,362.26,0.73,click
data/annotated/test/click/01-220224_1243_Ch4_click_33.wav,1.44,2.0,1,0.0,0.0,2e-05,931.24,329.22,695.65,0.81,click
data/annotated/test/click/01-220224_1243_Ch4_click_34.wav,3.33,3.33,1,400.0,0.072,1e-05,931.02,497.92,300.0,0.8,click
data/annotated/test/click/01-220224_1243_Ch4_click_35.wav,2.28,2.28,1,0.0,0.0,1e-05,825.76,502.87,438.36,0.43,click
data/annotated/test/click/01-220224_1243_Ch4_click_36.wav,2.24,2.24,1,0.0,0.0,1e-05,980.01,487.85,446.51,0.84,click
data/annotated/test/click/01-220224_1243_Ch4_click_37.wav,3.7,3.56,1,333.3,-0.228,1e-05,1070.25,547.8,561.4,0.93,click
data/annotated/test/click/01-220224_1243_Ch4_click_38.wav,1.15,2.0,1,0.0,0.0,1e-05,1160.06,410.12,872.73,0.79,click
data/annotated/test/click/01-220224_1243_Ch4_click_39.wav,3.74,3.74,1,400.0,-0.126,1e-05,998.46,450.0,802.23,0.68,click
data/annotated/test/click/01-220224_1243_Ch4_click_4.wav,1.38,2.0,1,0.0,0.0,2e-05,847.46,270.12,727.27,0.38,click
data/annotated/test/click/01-220224_1243_Ch4_click_40.wav,2.51,2.51,1,0.0,0.0,2e-05,1017.8,582.86,398.34,0.45,click
data/annotated/test/click/01-220224_1243_Ch4_click_41.wav,36.79,36.79,9,400.0,0.455,2e-05,781.01,600.6,135.9,0.2,click
data/annotated/test/click/01-220224_1243_Ch4_click_42.wav,1.81,2.0,1,0.0,0.0,1e-05,783.35,371.23,551.72,0.35,click
data/annotated/test/click/01-220224_1243_Ch4_click_43.wav,1.76,2.0,1,0.0,0.0,1e-05,868.72,403.41,568.05,0.51,click
data/annotated/test/click/01-220224_1243_Ch4_click_44.wav,2.04,2.04,1,0.0,0.0,2e-05,1091.44,442.93,979.59,0.58,click
data/annotated/test/click/01-220224_1243_Ch4_click_45.wav,1.35,2.0,1,0.0,0.0,0.0,901.94,306.59,738.46,0.53,click
data/annotated/test/click/01-220224_1243_Ch4_click_46.wav,3.68,3.68,1,400.0,0.12,1e-05,656.14,486.48,271.95,0.22,click
data/annotated/test/click/01-220224_1243_Ch4_click_47.wav,2.68,2.68,1,0.0,0.0,2e-05,839.14,487.53,373.54,0.55,click
data/annotated/test/click/01-220224_1243_Ch4_click_48.wav,1.78,2.0,1,0.0,0.0,1e-05,835.01,418.04,561.4,0.42,click
data/annotated/test/click/01-220224_1243_Ch4_click_49.wav,3.46,3.46,1,400.0,-0.118,1e-05,853.38,453.2,289.16,0.6,click
data/annotated/test/click/01-220224_1243_Ch4_click_5.wav,2.64,2.64,1,0.0,0.0,1e-05,726.63,363.84,379.45,0.21,click
data/annotated/test/click/01-220224_1243_Ch4_click_50.wav,2.41,2.41,1,0.0,0.0,1e-05,1007.37,463.92,831.17,0.96,click
data/annotated/test/click/01-220224_1243_Ch4_click_51.wav,2.04,2.04,1,0.0,0.0,0.0,1063.11,583.57,489.8,0.73,click
data/annotated/test/click/01-220224_1243_Ch4_click_52.wav,1.66,2.0,1,0.0,0.0,1e-05,1030.85,465.51,603.77,0.77,click
data/annotated/test/click/01-220224_1243_Ch4_click_53.wav,3.7,3.7,1,333.3,0.154,1e-05,613.28,439.73,270.42,0.16,click
data/annotated/test/click/01-220224_1243_Ch4_click_54.wav,31.69,31.69,7,400.0,0.369,2e-05,796.86,582.87,94.67,0.3,click
data/annotated/test/click/01-220224_1243_Ch4_click_55.wav,2.27,2.27,1,0.0,0.0,2e-05,765.28,439.2,440.37,0.38,click
data/annotated/test/click/01-220224_1243_Ch4_click_56.wav,1.41,2.0,1,0.0,0.0,1e-05,916.56,322.32,711.11,0.7,click
data/annotated/test/click/01-220224_1243_Ch4_click_57.wav,1.66,2.0,1,0.0,0.0,1e-05,1023.35,452.24,603.77,0.74,click
data/annotated/test/click/01-220224_1243_Ch4_click_58.wav,2.97,2.97,1,0.0,0.0,2e-05,792.37,478.69,336.84,0.41,click
data/annotated/test/click/01-220224_1243_Ch4_click_59.wav,1.73,2.0,1,0.0,0.0,1e-05,885.98,412.7,578.31,0.51,click
data/annotated/test/click/01-220224_1243_Ch4_click_6.wav,2.4,2.4,1,0.0,0.0,3e-05,797.52,423.69,417.39,0.57,click
data/annotated/test/click/01-220224_1243_Ch4_click_60.wav,2.42,2.42,1,0.0,0.0,1e-05,981.4,463.52,413.79,0.97,click
data/annotated/test/click/01-220224_1243_Ch4_click_61.wav,2.79,2.79,1,0.0,0.0,1e-05,960.93,482.06,716.42,0.88,click
data/annotated/test/click/01-220224_1243_Ch4_click_62.wav,2.85,2.85,1,0.0,0.0,1e-05,876.28,451.23,700.73,0.62,click
data/annotated/test/click/01-220224_1243_Ch4_click_63.wav,1.77,2.0,1,0.0,0.0,1e-05,807.77,371.55,564.71,0.36,click
data/annotated/test/click/01-220224_1243_Ch4_click_64.wav,2.69,2.69,1,0.0,0.0,2e-05,975.33,505.77,372.09,0.68,click
data/annotated/test/click/01-220224_1243_Ch4_click_65.wav,3.9,3.9,1,333.3,0.126,1e-05,966.03,487.02,770.05,0.85,click
data/annotated/test/click/01-220224_1243_Ch4_click_66.wav,2.28,2.28,1,0.0,0.0,1e-05,1024.17,527.88,438.36,0.87,click
data/annotated/test/click/01-220224_1243_Ch4_click_67.wav,1.61,2.0,1,0.0,0.0,1e-05,852.96,373.86,619.35,0.28,click
data/annotated/test/click/01-220224_1243_Ch4_click_68.wav,3.02,3.02,1,400.0,0.017,1e-05,872.95,523.17,331.03,0.56,click
data/annotated/test/click/01-220224_1243_Ch4_click_69.wav,2.25,2.25,1,0.0,0.0,1e-05,1041.3,438.4,1333.33,0.75,click
data/annotated/test/click/01-220224_1243_Ch4_click_7.wav,2.17,2.17,1,0.0,0.0,1e-05,999.84,533.97,461.54,0.75,click
data/annotated/test/click/01-220224_1243_Ch4_click_70.wav,18.31,18.31,3,333.3,0.33,4e-05,1108.44,584.63,982.94,0.47,click
data/annotated/test/click/01-220224_1243_Ch4_click_71.wav,3.58,3.58,1,333.3,-0.285,1e-05,663.95,542.4,279.07,0.17,click
data/annotated/test/click/01-220224_1243_Ch4_click_72.wav,2.3,2.3,1,0.0,0.0,1e-05,1105.3,482.27,1303.17,0.9,click
data/annotated/test/click/01-220224_1243_Ch4_click_73.wav,3.01,3.01,1,400.0,-0.238,1e-05,990.19,607.46,332.18,0.68,click
data/annotated/test/click/01-220224_1243_Ch4_click_74.wav,1.98,2.0,1,0.0,0.0,2e-05,821.1,360.71,505.26,0.63,click
data/annotated/test/click/01-220224_1243_Ch4_click_75.wav,3.3,3.3,1,400.0,-0.283,0.0,1163.95,513.69,1514.2,0.7,click
data/annotated/test/click/01-220224_1243_Ch4_click_76.wav,2.45,2.45,1,0.0,0.0,2e-05,834.11,508.52,408.51,0.47,click
data/annotated/test/click/01-220224_1243_Ch4_click_77.wav,1.6,2.0,1,0.0,0.0,0.0,1174.79,489.32,623.38,0.95,click
data/annotated/test/click/01-220224_1243_Ch4_click_78.wav,1.19,2.0,1,0.0,0.0,2e-05,1009.21,335.85,842.11,0.47,click
data/annotated/test/click/01-220224_1243_Ch4_click_79.wav,1.56,2.0,1,0.0,0.0,2e-05,987.84,441.63,640.0,0.51,click
data/annotated/test/click/01-220224_1243_Ch4_click_8.wav,1.74,2.0,1,0.0,0.0,2e-05,1142.09,393.77,1149.7,0.73,click
data/annotated/test/click/01-220224_1243_Ch4_click_80.wav,1.89,2.0,1,0.0,0.0,0.0,1114.48,421.25,1591.16,0.96,click
data/annotated/test/click/01-220224_1243_Ch4_click_81.wav,3.29,3.29,1,400.0,-0.243,1e-05,969.96,529.6,303.8,0.51,click
data/annotated/test/click/01-220224_1243_Ch4_click_82.wav,3.54,3.54,1,400.0,0.144,1e-05,1111.36,378.09,1129.41,0.29,click
data/annotated/test/click/01-220224_1243_Ch4_click_83.wav,2.58,2.58,1,0.0,0.0,2e-05,902.88,503.22,387.1,0.51,click
data/annotated/test/click/01-220224_1243_Ch4_click_84.wav,3.23,3.23,1,400.0,0.125,2e-05,746.96,526.69,309.68,0.25,click
data/annotated/test/click/01-220224_1243_Ch4_click_85.wav,3.15,3.15,1,400.0,-0.201,1e-05,850.85,448.64,317.88,0.38,click
data/annotated/test/click/01-220224_1243_Ch4_click_86.wav,3.7,3.7,1,400.0,-0.225,1e-05,805.59,498.57,270.42,0.56,click
data/annotated/test/click/01-220224_1243_Ch4_click_87.wav,2.9,2.9,1,0.0,0.0,1e-05,1048.76,502.89,1381.29,0.8,click
data/annotated/test/click/01-220224_1243_Ch4_click_88.wav,3.89,3.89,1,333.3,0.363,1e-05,931.13,458.95,1029.49,0.73,click
data/annotated/test/click/01-220224_1243_Ch4_click_89.wav,3.67,3.67,1,400.0,0.01,2e-05,831.69,514.42,272.73,0.57,click
data/annotated/test/click/01-220224_1243_Ch4_click_9.wav,2.09,2.09,1,0.0,0.0,2e-05,840.83,506.48,477.61,0.37,click
data/annotated/test/click/01-220224_1243_Ch4_click_90.wav,3.05,3.05,1,400.0,-0.084,1e-05,1017.29,422.88,982.94,0.5,click
data/annotated/test/click/01-220224_1243_Ch4_click_91.wav,2.06,2.06,1,0.0,0.0,1e-05,852.8,435.11,484.85,0.33,click
data/annotated/test/click/01-220224_1243_Ch4_click_92.wav,2.9,2.9,1,0.0,0.0,2e-05,765.97,390.93,345.32,0.44,click
data/annotated/test/click/01-220224_1243_Ch4_click_93.wav,2.35,2.35,1,0.0,0.0,1e-05,754.03,431.9,424.78,0.41,click
data/annotated/test/click/01-220224_1243_Ch4_click_94.wav,1.56,2.0,1,0.0,0.0,0.0,1152.62,485.4,640.0,0.86,click
data/annotated/test/click/01-220224_1243_Ch4_click_95.wav,2.31,2.31,1,0.0,0.0,1e-05,1097.4,496.01,1297.3,0.94,click
data/annotated/test/click/01-220224_1243_Ch4_click_96.wav,1.71,2.0,1,0.0,0.0,2e-05,758.32,358.51,585.37,0.19,click
data/annotated/test/click/01-220224_1243_Ch4_click_97.wav,2.73,2.73,1,0.0,0.0,1e-05,953.32,519.98,366.41,0.61,click
data/annotated/test/click/01-220224_1243_Ch4_click_98.wav,2.5,2.5,1,0.0,0.0,2e-05,840.67,507.59,400.0,0.26,click
data/annotated/test/click/01-220224_1243_Ch4_click_99.wav,2.76,2.76,1,0.0,0.0,1e-05,943.28,478.06,724.53,0.78,click
data/annotated/test/click/01-220301_1413_Ch4_click_1.wav,1.65,2.0,1,0.0,0.0,3e-05,1110.72,491.54,607.59,0.91,click
data/annotated/test/click/01-220301_1413_Ch4_click_2.wav,2.06,2.06,1,0.0,0.0,2e-05,1167.39,570.7,484.85,0.69,click
data/annotated/test/click/01-220301_1413_Ch4_click_3.wav,2.35,2.35,1,0.0,0.0,3e-05,855.4,413.14,424.78,0.63,click
data/annotated/test/click/01-220301_1413_Ch4_click_4.wav,2.49,2.49,1,0.0,0.0,2e-05,983.69,504.6,401.67,0.63,click
data/annotated/test/click/01-220301_1413_Ch4_click_5.wav,3.08,3.08,1,400.0,-0.243,1e-05,1146.12,410.14,972.97,0.49,click
data/annotated/test/click/01-220301_1413_Ch4_click_6.wav,2.32,2.32,1,0.0,0.0,3e-05,675.09,414.76,430.49,0.21,click
data/annotated/test/click/01-220301_1456_Ch4_click_1.wav,1.62,2.0,1,0.0,0.0,4e-05,806.21,373.35,615.38,0.21,click
data/annotated/test/click/01-220301_1456_Ch4_click_10.wav,1.18,2.0,1,0.0,0.0,3e-05,1038.0,352.96,849.56,0.53,click
data/annotated/test/click/01-220301_1456_Ch4_click_11.wav,1.93,2.0,1,0.0,0.0,1e-05,936.74,420.21,518.92,0.89,click
data/annotated/test/click/01-220301_1456_Ch4_click_12.wav,1.47,2.0,1,0.0,0.0,4e-05,806.3,263.96,680.85,0.43,click
data/annotated/test/click/01-220301_1456_Ch4_click_13.wav,0.59,2.0,1,0.0,0.0,0.0001,1684.21,0.0,1684.21,1.0,click
data/annotated/test/click/01-220301_1456_Ch4_click_14.wav,3.46,3.46,1,400.0,-0.342,2e-05,1047.56,426.86,1445.78,0.81,click
data/annotated/test/click/01-220301_1456_Ch4_click_15.wav,1.5,2.0,1,0.0,0.0,4e-05,917.26,441.85,666.67,0.29,click
data/annotated/test/click/01-220301_1456_Ch4_click_16.wav,3.31,3.31,1,400.0,0.047,2e-05,632.67,367.45,301.89,0.13,click
data/annotated/test/click/01-220301_1456_Ch4_click_17.wav,2.88,2.88,1,0.0,0.0,2e-05,817.01,450.07,347.83,0.59,click
data/annotated/test/click/01-220301_1456_Ch4_click_18.wav,2.64,2.64,1,0.0,0.0,2e-05,941.12,479.26,379.45,0.68,click
data/annotated/test/click/01-220301_1456_Ch4_click_19.wav,2.17,2.17,1,0.0,0.0,3e-05,866.12,393.47,923.08,0.41,click
data/annotated/test/click/01-220301_1456_Ch4_click_2.wav,2.25,2.25,1,0.0,0.0,2e-05,951.37,436.14,888.89,0.5,click
data/annotated/test/click/01-220301_1456_Ch4_click_20.wav,1.74,2.0,1,0.0,0.0,2e-05,884.91,390.58,574.85,0.5,click
data/annotated/test/click/01-220301_1456_Ch4_click_21.wav,2.14,2.14,1,0.0,0.0,3e-05,886.79,464.85,468.29,0.48,click
data/annotated/test/click/01-220301_1456_Ch4_click_22.wav,3.2,3.2,1,400.0,-0.172,2e-05,751.66,481.47,312.7,0.38,click
data/annotated/test/click/01-220301_1456_Ch4_click_23.wav,1.03,2.0,1,0.0,0.0,3e-05,1091.91,321.83,969.7,0.28,click
data/annotated/test/click/01-220301_1456_Ch4_click_24.wav,7.14,7.14,2,153.8,-0.038,4e-05,778.68,530.45,140.15,0.46,click
data/annotated/test/click/01-220301_1456_Ch4_click_3.wav,4.33,4.33,1,285.7,0.138,2e-05,607.51,496.29,230.77,0.18,click
data/annotated/test/click/01-220301_1456_Ch4_click_4.wav,1.03,2.0,1,0.0,0.0,3e-05,1163.38,387.68,969.7,0.47,click
data/annotated/test/click/01-220301_1456_Ch4_click_5.wav,2.0,2.0,1,0.0,0.0,1e-05,1077.8,494.55,1000.0,0.76,click
data/annotated/test/click/01-220301_1456_Ch4_click_6.wav,2.23,2.23,1,0.0,0.0,1e-05,947.48,467.0,448.6,0.74,click
data/annotated/test/click/01-220301_1456_Ch4_click_7.wav,1.18,2.0,1,0.0,0.0,1e-05,1432.13,394.38,1699.12,0.76,click
data/annotated/test/click/01-220301_1456_Ch4_click_8.wav,2.28,2.28,1,0.0,0.0,1e-05,854.15,521.42,438.36,0.44,click
data/annotated/test/click/01-220301_1456_Ch4_click_9.wav,2.8,2.8,1,0.0,0.0,2e-05,798.3,449.56,356.88,0.53,click
data/annotated/test/click/01-220302_1212_Ch4_click_1.wav,2.48,2.48,1,0.0,0.0,3e-05,633.37,402.34,403.36,0.19,click
data/annotated/test/click/01-220302_1212_Ch4_click_10.wav,1.81,2.0,1,0.0,0.0,2e-05,806.27,396.24,551.72,0.4,click
data/annotated/test/click/01-220302_1212_Ch4_click_100.wav,1.92,2.0,1,0.0,0.0,2e-05,756.67,335.66,521.74,0.37,click
data/annotated/test/click/01-220302_1212_Ch4_click_101.wav,1.29,2.0,1,0.0,0.0,3e-05,853.1,234.23,774.19,0.22,click
data/annotated/test/click/01-220302_1212_Ch4_click_102.wav,2.95,2.95,1,0.0,0.0,2e-05,859.87,554.24,339.22,0.39,click
data/annotated/test/click/01-220302_1212_Ch4_click_103.wav,2.93,2.93,1,0.0,0.0,1e-05,937.9,503.69,341.64,0.89,click
data/annotated/test/click/01-220302_1212_Ch4_click_104.wav,1.47,2.0,1,0.0,0.0,1e-05,778.22,238.36,680.85,0.32,click
data/annotated/test/click/01-220302_1212_Ch4_click_105.wav,2.56,2.56,1,0.0,0.0,1e-05,807.61,466.04,390.24,0.37,click
data/annotated/test/click/01-220302_1212_Ch4_click_106.wav,2.35,2.35,1,0.0,0.0,1e-05,950.56,546.36,424.78,0.57,click
data/annotated/test/click/01-220302_1212_Ch4_click_11.wav,1.77,2.0,1,0.0,0.0,1e-05,836.52,377.8,564.71,0.43,click
data/annotated/test/click/01-220302_1212_Ch4_click_12.wav,1.0,2.0,1,0.0,0.0,2e-05,1354.46,478.35,1000.0,0.84,click
data/annotated/test/click/01-220302_1212_Ch4_click_13.wav,1.27,2.0,1,0.0,0.0,1e-05,1020.42,359.48,786.89,0.72,click
data/annotated/test/click/01-220302_1212_Ch4_click_14.wav,1.42,2.0,1,0.0,0.0,1e-05,806.88,247.16,705.88,0.32,click
data/annotated/test/click/01-220302_1212_Ch4_click_15.wav,2.27,2.27,1,0.0,0.0,2e-05,1033.23,432.43,1321.1,0.64,click
data/annotated/test/click/01-220302_1212_Ch4_click_16.wav,1.71,2.0,1,0.0,0.0,2e-05,931.58,358.97,585.37,0.41,click
data/annotated/test/click/01-220302_1212_Ch4_click_17.wav,2.48,2.48,1,0.0,0.0,2e-05,1028.72,395.81,1210.08,0.59,click
data/annotated/test/click/01-220302_1212_Ch4_click_18.wav,1.29,2.0,1,0.0,0.0,0.0,1129.36,385.78,774.19,0.99,click
data/annotated/test/click/01-220302_1212_Ch4_click_19.wav,2.44,2.44,1,0.0,0.0,1e-05,1204.84,375.37,1230.77,0.6,click
data/annotated/test/click/01-220302_1212_Ch4_click_2.wav,1.67,2.0,1,0.0,0.0,4e-05,754.76,375.9,600.0,0.12,click
data/annotated/test/click/01-220302_1212_Ch4_click_20.wav,1.34,2.0,1,0.0,0.0,2e-05,1016.0,358.32,744.19,0.86,click
data/annotated/test/click/01-220302_1212_Ch4_click_21.wav,2.61,2.61,1,0.0,0.0,1e-05,1010.8,407.27,1147.41,0.5,click
data/annotated/test/click/01-220302_1212_Ch4_click_22.wav,1.72,2.0,1,0.0,0.0,2e-05,955.13,481.87,581.82,0.59,click
data/annotated/test/click/01-220302_1212_Ch4_click_23.wav,1.16,2.0,1,0.0,0.0,1e-05,969.73,282.3,864.86,0.27,click
data/annotated/test/click/01-220302_1212_Ch4_click_24.wav,1.32,2.0,1,0.0,0.0,1e-05,1117.96,377.62,755.91,1.0,click
data/annotated/test/click/01-220302_1212_Ch4_click_25.wav,3.18,3.18,1,400.0,-0.241,2e-05,812.09,481.73,629.51,0.38,click
data/annotated/test/click/01-220302_1212_Ch4_click_26.wav,1.31,2.0,1,0.0,0.0,3e-05,1043.57,367.79,761.9,0.87,click
data/annotated/test/click/01-220302_1212_Ch4_click_27.wav,2.49,2.49,1,0.0,0.0,3e-05,704.47,396.32,401.67,0.4,click
data/annotated/test/click/01-220302_1212_Ch4_click_28.wav,1.44,2.0,1,0.0,0.0,1e-05,859.37,295.11,695.65,0.56,click
data/annotated/test/click/01-220302_1212_Ch4_click_29.wav,2.86,2.86,1,0.0,0.0,2e-05,1008.28,412.53,698.18,0.72,click
data/annotated/test/click/01-220302_1212_Ch4_click_3.wav,1.91,2.0,1,0.0,0.0,1e-05,1160.1,414.74,1573.77,0.87,click
data/annotated/test/click/01-220302_1212_Ch4_click_30.wav,2.38,2.38,1,0.0,0.0,2e-05,713.86,418.41,421.05,0.33,click
data/annotated/test/click/01-220302_1212_Ch4_click_31.wav,1.8,2.0,1,0.0,0.0,2e-05,967.34,486.44,554.91,0.65,click
data/annotated/test/click/01-220302_1212_Ch4_click_32.wav,2.85,2.85,1,0.0,0.0,1e-05,1025.13,398.63,1051.09,0.67,click
data/annotated/test/click/01-220302_1212_Ch4_click_33.wav,1.73,2.0,1,0.0,0.0,2e-05,870.64,489.63,578.31,0.18,click
data/annotated/test/click/01-220302_1212_Ch4_click_34.wav,1.19,2.0,1,0.0,0.0,1e-05,1036.3,354.71,842.11,0.55,click
data/annotated/test/click/01-220302_1212_Ch4_click_35.wav,2.07,2.07,1,0.0,0.0,1e-05,985.54,399.59,964.82,0.34,click
data/annotated/test/click/01-220302_1212_Ch4_click_36.wav,1.68,2.0,1,0.0,0.0,1e-05,1026.46,413.85,1192.55,0.67,click
data/annotated/test/click/01-220302_1212_Ch4_click_37.wav,1.22,2.0,1,0.0,0.0,3e-05,950.18,299.3,820.51,0.36,click
data/annotated/test/click/01-220302_1212_Ch4_click_38.wav,1.41,2.0,1,0.0,0.0,2e-05,1138.84,348.15,1422.22,0.92,click
data/annotated/test/click/01-220302_1212_Ch4_click_39.wav,1.91,2.0,1,0.0,0.0,2e-05,1025.57,441.31,524.59,0.98,click
data/annotated/test/click/01-220302_1212_Ch4_click_4.wav,2.32,2.32,1,0.0,0.0,1e-05,1179.77,459.67,1721.97,0.86,click
data/annotated/test/click/01-220302_1212_Ch4_click_40.wav,1.49,2.0,1,0.0,0.0,2e-05,972.14,333.85,671.33,0.98,click
data/annotated/test/click/01-220302_1212_Ch4_click_41.wav,2.43,2.43,1,0.0,0.0,2e-05,1074.98,414.36,824.03,0.85,click
data/annotated/test/click/01-220302_1212_Ch4_click_42.wav,1.42,2.0,1,0.0,0.0,4e-05,779.03,215.14,705.88,0.23,click
data/annotated/test/click/01-220302_1212_Ch4_click_43.wav,1.96,2.0,1,0.0,0.0,2e-05,1091.95,410.52,1531.91,0.94,click
data/annotated/test/click/01-220302_1212_Ch4_click_44.wav,12.32,12.32,3,400.0,0.073,8e-05,903.91,700.59,81.15,0.24,click
data/annotated/test/click/01-220302_1212_Ch4_click_45.wav,1.64,2.0,1,0.0,0.0,2e-05,1065.95,482.65,611.46,0.82,click
data/annotated/test/click/01-220302_1212_Ch4_click_46.wav,12.31,12.31,3,90.9,0.125,2e-05,739.32,583.67,162.44,0.26,click
data/annotated/test/click/01-220302_1212_Ch4_click_47.wav,1.51,2.0,1,0.0,0.0,1e-05,1266.69,535.85,662.07,0.98,click
data/annotated/test/click/01-220302_1212_Ch4_click_48.wav,1.62,2.0,1,0.0,0.0,2e-05,887.62,458.63,615.38,0.33,click
data/annotated/test/click/01-220302_1212_Ch4_click_49.wav,1.31,2.0,1,0.0,0.0,3e-05,960.48,334.46,761.9,0.63,click
data/annotated/test/click/01-220302_1212_Ch4_click_5.wav,1.5,2.0,1,0.0,0.0,1e-05,1618.38,339.56,1333.33,0.09,click
data/annotated/test/click/01-220302_1212_Ch4_click_50.wav,1.89,2.0,1,0.0,0.0,1e-05,880.89,368.25,530.39,0.63,click
data/annotated/test/click/01-220302_1212_Ch4_click_51.wav,3.56,3.56,1,400.0,0.004,1e-05,1207.52,476.13,1403.51,0.61,click
data/annotated/test/click/01-220302_1212_Ch4_click_52.wav,3.74,3.74,1,333.3,-0.225,2e-05,867.06,546.22,267.41,0.65,click
data/annotated/test/click/01-220302_1212_Ch4_click_53.wav,1.84,2.0,1,0.0,0.0,1e-05,716.38,324.73,542.37,0.22,click
data/annotated/test/click/01-220302_1212_Ch4_click_54.wav,3.32,3.32,1,400.0,-0.448,1e-05,950.78,481.97,1203.76,0.73,click
data/annotated/test/click/01-220302_1212_Ch4_click_55.wav,2.73,2.73,1,0.0,0.0,2e-05,669.57,497.93,366.41,0.16,click
data/annotated/test/click/01-220302_1212_Ch4_click_56.wav,1.96,2.0,1,0.0,0.0,2e-05,705.74,307.42,510.64,0.28,click
data/annotated/test/click/01-220302_1212_Ch4_click_57.wav,2.86,2.86,1,0.0,0.0,2e-05,865.56,461.08,349.09,0.72,click
data/annotated/test/click/01-220302_1212_Ch4_click_58.wav,2.26,2.26,1,0.0,0.0,2e-05,823.03,484.08,442.4,0.46,click
data/annotated/test/click/01-220302_1212_Ch4_click_59.wav,3.22,3.22,1,400.0,0.066,2e-05,651.91,401.43,310.68,0.22,click
data/annotated/test/click/01-220302_1212_Ch4_click_6.wav,2.44,2.44,1,0.0,0.0,1e-05,1104.21,481.76,1641.03,0.9,click
data/annotated/test/click/01-220302_1212_Ch4_click_60.wav,1.9,2.0,1,0.0,0.0,3e-05,691.21,291.6,527.47,0.19,click
data/annotated/test/click/01-220302_1212_Ch4_click_61.wav,1.8,2.0,1,0.0,0.0,1e-05,936.39,444.31,554.91,0.73,click
data/annotated/test/click/01-220302_1212_Ch4_click_62.wav,1.94,2.0,1,0.0,0.0,2e-05,963.34,445.22,516.13,0.88,click
data/annotated/test/click/01-220302_1212_Ch4_click_63.wav,3.22,3.22,1,400.0,-0.137,1e-05,1028.33,379.9,932.04,0.33,click
data/annotated/test/click/01-220302_1212_Ch4_click_64.wav,1.75,2.0,1,0.0,0.0,3e-05,808.08,398.11,571.43,0.33,click
data/annotated/test/click/01-220302_1212_Ch4_click_65.wav,2.57,2.57,1,0.0,0.0,1e-05,756.85,406.92,777.33,0.22,click
data/annotated/test/click/01-220302_1212_Ch4_click_66.wav,1.98,2.0,1,0.0,0.0,2e-05,727.91,321.88,505.26,0.36,click
data/annotated/test/click/01-220302_1212_Ch4_click_67.wav,2.55,2.55,1,0.0,0.0,3e-05,664.4,431.94,391.84,0.14,click
data/annotated/test/click/01-220302_1212_Ch4_click_68.wav,1.85,2.0,1,0.0,0.0,2e-05,1065.62,381.3,1078.65,0.79,click
data/annotated/test/click/01-220302_1212_Ch4_click_69.wav,2.64,2.64,1,0.0,0.0,1e-05,1012.37,507.33,758.89,0.76,click
data/annotated/test/click/01-220302_1212_Ch4_click_7.wav,1.33,2.0,1,0.0,0.0,1e-05,1099.66,374.14,750.0,0.99,click
data/annotated/test/click/01-220302_1212_Ch4_click_70.wav,1.7,2.0,1,0.0,0.0,2e-05,1132.28,469.96,588.96,0.98,click
data/annotated/test/click/01-220302_1212_Ch4_click_71.wav,2.59,2.59,1,0.0,0.0,2e-05,964.46,523.49,385.54,0.72,click
data/annotated/test/click/01-220302_1212_Ch4_click_72.wav,1.09,2.0,1,0.0,0.0,2e-05,1171.33,411.02,914.29,0.68,click
data/annotated/test/click/01-220302_1212_Ch4_click_73.wav,2.55,2.55,1,0.0,0.0,2e-05,1022.48,415.82,1175.51,0.51,click
data/annotated/test/click/01-220302_1212_Ch4_click_74.wav,1.59,2.0,1,0.0,0.0,2e-05,1230.0,488.25,1254.9,0.96,click
data/annotated/test/click/01-220302_1212_Ch4_click_75.wav,1.79,2.0,1,0.0,0.0,1e-05,1009.8,385.01,1116.28,0.71,click
data/annotated/test/click/01-220302_1212_Ch4_click_76.wav,1.65,2.0,1,0.0,0.0,2e-05,985.57,480.23,607.59,0.63,click
data/annotated/test/click/01-220302_1212_Ch4_click_77.wav,2.99,2.99,1,0.0,0.0,2e-05,764.13,525.0,334.49,0.34,click
data/annotated/test/click/01-220302_1212_Ch4_click_78.wav,2.59,2.59,1,0.0,0.0,1e-05,1082.78,573.98,771.08,0.83,click
data/annotated/test/click/01-220302_1212_Ch4_click_79.wav,1.6,2.0,1,0.0,0.0,3e-05,1034.73,471.82,623.38,0.7,click
data/annotated/test/click/01-220302_1212_Ch4_click_8.wav,2.26,2.26,1,0.0,0.0,4e-05,922.72,497.41,442.4,0.53,click
data/annotated/test/click/01-220302_1212_Ch4_click_80.wav,2.85,2.85,1,0.0,0.0,1e-05,1177.34,476.01,1401.46,0.84,click
data/annotated/test/click/01-220302_1212_Ch4_click_81.wav,2.01,2.01,1,0.0,0.0,1e-05,990.63,415.59,994.82,0.38,click
data/annotated/test/click/01-220302_1212_Ch4_click_82.wav,1.28,2.0,1,0.0,0.0,2e-05,1135.37,388.64,780.49,0.98,click
data/annotated/test/click/01-220302_1212_Ch4_click_83.wav,3.02,3.02,1,400.0,-0.299,1e-05,784.44,513.21,331.03,0.35,click
data/annotated/test/click/01-220302_1212_Ch4_click_84.wav,1.53,2.0,1,0.0,0.0,3e-05,1062.23,480.7,653.06,0.65,click
data/annotated/test/click/01-220302_1212_Ch4_click_85.wav,2.49,2.49,1,0.0,0.0,1e-05,897.66,430.62,401.67,0.88,click
data/annotated/test/click/01-220302_1212_Ch4_click_86.wav,1.51,2.0,1,0.0,0.0,4e-05,772.63,313.2,662.07,0.08,click
data/annotated/test/click/01-220302_1212_Ch4_click_87.wav,1.67,2.0,1,0.0,0.0,1e-05,1086.59,427.62,1200.0,0.77,click
data/annotated/test/click/01-220302_1212_Ch4_click_88.wav,1.8,2.0,1,0.0,0.0,2e-05,1058.39,450.16,554.91,0.97,click
data/annotated/test/click/01-220302_1212_Ch4_click_89.wav,2.0,2.0,1,0.0,0.0,1e-05,805.65,446.1,500.0,0.25,click
data/annotated/test/click/01-220302_1212_Ch4_click_9.wav,1.54,2.0,1,0.0,0.0,2e-05,1121.52,482.96,648.65,0.78,click
data/annotated/test/click/01-220302_1212_Ch4_click_90.wav,1.85,2.0,1,0.0,0.0,2e-05,898.7,473.2,539.33,0.48,click
data/annotated/test/click/01-220302_1212_Ch4_click_91.wav,2.5,2.5,1,0.0,0.0,2e-05,1001.95,492.93,400.0,0.69,click
data/annotated/test/click/01-220302_1212_Ch4_click_92.wav,1.95,2.0,1,0.0,0.0,1e-05,992.03,405.51,1026.74,0.97,click
data/annotated/test/click/01-220302_1212_Ch4_click_93.wav,2.04,2.04,1,0.0,0.0,1e-05,1188.69,541.49,979.59,0.56,click
data/annotated/test/click/01-220302_1212_Ch4_click_94.wav,1.92,2.0,1,0.0,0.0,1e-05,1039.85,397.83,1043.48,0.94,click
data/annotated/test/click/01-220302_1212_Ch4_click_95.wav,3.57,3.57,1,400.0,0.132,2e-05,944.43,484.57,559.77,0.61,click
data/annotated/test/click/01-220302_1212_Ch4_click_96.wav,1.75,2.0,1,0.0,0.0,1e-05,776.34,336.86,571.43,0.25,click
data/annotated/test/click/01-220302_1212_Ch4_click_97.wav,2.81,2.81,1,0.0,0.0,2e-05,811.77,456.62,355.56,0.46,click
data/annotated/test/click/01-220302_1212_Ch4_click_98.wav,1.79,2.0,1,0.0,0.0,4e-05,988.58,476.72,558.14,0.77,click
data/annotated/test/click/01-220302_1212_Ch4_click_99.wav,1.01,2.0,1,0.0,0.0,2e-05,1835.14,349.21,1979.38,0.33,click
data/annotated/test/click/01-220302_1255_Ch4_click_1.wav,2.34,2.34,1,0.0,0.0,1e-05,948.16,430.76,853.33,0.82,click
data/annotated/test/click/01-220302_1255_Ch4_click_10.wav,2.31,2.31,1,0.0,0.0,1e-05,1193.2,497.92,1729.73,0.87,click
data/annotated/test/click/01-220302_1255_Ch4_click_11.wav,1.8,2.0,1,0.0,0.0,2e-05,722.32,343.69,554.91,0.2,click
data/annotated/test/click/01-220302_1255_Ch4_click_12.wav,1.46,2.0,1,0.0,0.0,1e-05,737.06,180.47,685.71,0.16,click
data/annotated/test/click/01-220302_1255_Ch4_click_13.wav,2.58,2.58,1,0.0,0.0,2e-05,966.43,454.75,774.19,0.64,click
data/annotated/test/click/01-220302_1255_Ch4_click_14.wav,1.8,2.0,1,0.0,0.0,2e-05,810.74,408.71,554.91,0.38,click
data/annotated/test/click/01-220302_1255_Ch4_click_15.wav,2.15,2.15,1,0.0,0.0,2e-05,1047.07,486.94,1398.06,0.76,click
data/annotated/test/click/01-220302_1255_Ch4_click_16.wav,2.43,2.43,1,0.0,0.0,1e-05,1128.68,462.27,1648.07,0.84,click
data/annotated/test/click/01-220302_1255_Ch4_click_17.wav,1.33,2.0,1,0.0,0.0,1e-05,1197.78,367.87,1500.0,0.93,click
data/annotated/test/click/01-220302_1255_Ch4_click_18.wav,2.01,2.01,1,0.0,0.0,2e-05,868.28,516.91,497.41,0.36,click
data/annotated/test/click/01-220302_1255_Ch4_click_19.wav,2.32,2.32,1,0.0,0.0,2e-05,798.03,509.26,430.49,0.32,click
data/annotated/test/click/01-220302_1255_Ch4_click_2.wav,1.56,2.0,1,0.0,0.0,2e-05,1244.59,542.36,640.0,0.96,click
data/annotated/test/click/01-220302_1255_Ch4_click_20.wav,1.8,2.0,1,0.0,0.0,1e-05,1123.28,420.61,1109.83,0.93,click
data/annotated/test/click/01-220302_1255_Ch4_click_21.wav,2.47,2.47,1,0.0,0.0,1e-05,1168.18,404.42,1215.19,0.73,click
data/annotated/test/click/01-220302_1255_Ch4_click_22.wav,1.46,2.0,1,0.0,0.0,3e-05,857.26,296.99,685.71,0.6,click
data/annotated/test/click/01-220302_1255_Ch4_click_23.wav,1.36,2.0,1,0.0,0.0,2e-05,1098.32,366.41,732.82,1.0,click
data/annotated/test/click/01-220302_1255_Ch4_click_24.wav,2.55,2.55,1,0.0,0.0,1e-05,845.86,467.91,391.84,0.42,click
data/annotated/test/other/01-220217_1037_Ch4_other_1.wav,6000.0,5696.79,452,400.0,0.8,0.00013,566.34,444.45,131.3,0.08,other
data/annotated/test/other/01-220217_1037_Ch4_other_2.wav,1018.05,1017.65,217,24.7,0.446,2e-05,846.26,510.91,100.23,0.22,other
data/annotated/test/other/01-220217_1037_Ch4_other_3.wav,641.19,641.19,151,400.0,0.352,1e-05,962.87,530.62,99.81,0.3,other
data/annotated/test/other/01-220217_1037_Ch4_other_4.wav,371.16,371.16,76,50.0,0.448,1e-05,932.56,560.15,99.69,0.26,other
data/annotated/test/other/01-220217_1037_Ch4_other_5.wav,380.49,380.49,84,50.0,0.455,1e-05,842.14,533.43,99.87,0.24,other
data/annotated/test/other/01-220217_1120_Ch4_other_1.wav,710.22,710.12,57,400.0,0.637,2e-05,943.57,524.66,99.98,0.21,other
data/annotated/test/other/01-220217_1120_Ch4_other_2.wav,566.68,566.68,85,400.0,0.451,2e-05,1116.12,524.37,100.59,0.27,other
data/annotated/test/other/01-220217_1120_Ch4_other_3.wav,351.27,350.05,47,400.0,0.589,2e-05,946.65,470.55,99.99,0.24,other
data/annotated/test/other/01-220217_1120_Ch4_other_4.wav,146.15,146.15,36,400.0,0.555,2e-05,838.38,601.33,82.11,0.17,other
data/annotated/test/other/01-220217_1120_Ch4_other_5.wav,457.44,453.73,25,400.0,0.521,2e-05,1000.12,496.0,99.18,0.24,other
data/annotated/test/other/01-220217_1120_Ch4_other_6.wav,1209.25,1208.84,215,55.6,0.297,2e-05,806.89,502.34,100.1,0.15,other
data/annotated/test/other/01-220217_1120_Ch4_other_7.wav,1239.57,1239.57,268,25.0,0.436,1e-05,955.13,543.83,100.03,0.26,other
data/annotated/test/other/01-220217_1120_Ch4_other_8.wav,6000.0,5392.64,153,400.0,0.81,0.0002,523.8,460.78,143.16,0.06,other
data/annotated/test/other/01-220218_1151_Ch4_other_1.wav,2085.08,2085.08,455,16.5,0.283,1e-05,843.99,489.38,100.24,0.25,other
data/annotated/test/other/01-220218_1151_Ch4_other_2.wav,160.92,160.92,34,400.0,0.206,1e-05,724.53,544.04,99.43,0.26,other
data/annotated/test/other/01-220218_1234_Ch4_other_1.wav,122.53,122.53,27,400.0,0.455,1e-05,994.83,554.76,97.93,0.3,other
data/annotated/test/other/01-220301_1413_Ch4_other_1.wav,100.85,100.85,6,111.1,0.398,4e-05,928.51,539.01,59.49,0.44,other
data/annotated/test/other/01-220301_1413_Ch4_other_2.wav,6000.0,5932.24,30,400.0,0.793,4e-05,756.64,527.52,50.07,0.11,other
data/annotated/test/other/01-220301_1413_Ch6_other_1.wav,6000.0,6000.0,1224,50.0,0.512,0.00012,596.72,534.35,50.0,0.02,other
data/annotated/test/other/01-220301_1456_Ch4_other_1.wav,886.16,886.16,177,100.0,0.907,4e-05,834.84,550.17,50.78,0.06,other
data/annotated/test/other/01-220301_1456_Ch4_other_2.wav,1096.42,1096.42,244,50.0,0.748,4e-05,754.98,542.34,50.16,0.05,other
data/annotated/test/other/01-220301_1456_Ch6_other_1.wav,384.75,383.46,76,51.3,0.541,0.00022,563.47,509.62,52.16,0.03,other
data/annotated/test/other/01-220301_1456_Ch6_other_10.wav,154.09,154.09,33,33.3,0.407,0.00013,553.76,543.49,51.92,0.04,other
data/annotated/test/other/01-220301_1456_Ch6_other_11.wav,120.61,120.61,26,50.0,0.49,0.0001,701.11,531.44,58.04,0.07,other
data/annotated/test/other/01-220301_1456_Ch6_other_12.wav,125.26,125.26,29,50.0,0.602,0.00011,670.67,564.84,55.88,0.07,other
data/annotated/test/other/01-220301_1456_Ch6_other_13.wav,235.2,235.2,42,400.0,0.525,0.00013,469.27,506.1,51.02,0.02,other
data/annotated/test/other/01-220301_1456_Ch6_other_14.wav,472.57,472.57,46,400.0,0.394,0.00013,622.33,496.63,50.79,0.08,other
data/annotated/test/other/01-220301_1456_Ch6_other_2.wav,1040.04,1040.04,215,50.0,0.444,0.0001,561.91,538.42,50.96,0.04,other
data/annotated/test/other/01-220301_1456_Ch6_other_3.wav,2003.79,2003.79,353,400.0,0.527,0.00011,536.08,534.81,50.4,0.03,other
data/annotated/test/other/01-220301_1456_Ch6_other_4.wav,481.84,481.84,108,50.0,0.724,9e-05,714.55,554.84,51.88,0.05,other
data/annotated/test/other/01-220301_1456_Ch6_other_5.wav,203.64,203.64,15,400.0,0.84,0.00023,468.22,475.97,103.13,0.04,other
data/annotated/test/other/01-220301_1456_Ch6_other_6.wav,268.9,268.9,62,400.0,0.521,0.00012,737.24,584.27,52.06,0.15,other
data/annotated/test/other/01-220301_1456_Ch6_other_7.wav,229.02,229.02,43,400.0,0.648,0.00012,549.39,519.91,52.4,0.04,other
data/annotated/test/other/01-220301_1456_Ch6_other_8.wav,150.54,149.56,26,400.0,0.522,0.00012,483.9,458.47,53.49,0.04,other
data/annotated/test/other/01-220301_1456_Ch6_other_9.wav,303.79,303.26,50,400.0,0.581,0.00018,523.05,495.57,52.76,0.03,other
data/annotated/test/other/01-220302_1212_Ch4_other_1.wav,460.67,460.67,106,50.0,0.257,2e-05,959.76,512.07,52.1,0.32,other
data/annotated/test/other/01-220302_1212_Ch4_other_2.wav,466.44,466.19,98,100.0,0.771,3e-05,738.53,553.68,51.48,0.1,other
data/annotated/test/other/01-220302_1212_Ch4_other_3.wav,190.99,161.0,8,400.0,0.659,6e-05,611.3,398.62,521.74,0.09,other
data/annotated/test/other/01-220302_1212_Ch4_other_4.wav,318.14,318.14,74,333.3,0.354,3e-05,830.05,517.6,50.29,0.1,other
data/annotated/test/other/01-220302_1212_Ch4_other_5.wav,722.49,722.49,156,50.0,0.713,3e-05,807.69,545.15,51.21,0.14,other
data/annotated/test/other/01-220302_1212_Ch6_other_1.wav,118.06,118.06,26,50.0,0.392,5e-05,660.71,570.72,50.82,0.11,other
data/annotated/test/other/01-220302_1212_Ch6_other_10.wav,6000.0,5995.43,36,400.0,0.624,9e-05,1006.12,625.22,50.04,0.11,other
data/annotated/test/other/01-220302_1212_Ch6_other_2.wav,6000.0,5902.28,26,400.0,0.803,0.00013,995.27,501.93,50.15,0.17,other
data/annotated/test/other/01-220302_1212_Ch6_other_3.wav,3411.1,2049.93,20,400.0,0.841,0.00019,426.78,444.75,50.25,0.03,other
data/annotated/test/other/01-220302_1212_Ch6_other_4.wav,450.05,449.8,80,100.0,0.804,0.00014,510.53,517.6,51.13,0.02,other
data/annotated/test/other/01-220302_1212_Ch6_other_5.wav,146.51,146.51,32,100.0,0.581,0.0001,686.27,576.27,54.6,0.04,other
data/annotated/test/other/01-220302_1212_Ch6_other_6.wav,365.56,365.56,66,166.7,0.632,0.00013,531.45,514.24,218.84,0.04,other
data/annotated/test/other/01-220302_1212_Ch6_other_7.wav,393.71,393.71,86,50.0,0.491,9e-05,698.41,592.3,50.8,0.03,other
data/annotated/test/other/01-220302_1212_Ch6_other_8.wav,1510.04,654.48,3,400.0,0.624,0.00018,668.77,459.12,50.42,0.19,other
data/annotated/test/other/01-220302_1212_Ch6_other_9.wav,714.27,713.3,151,25.0,0.401,9e-05,888.32,636.78,50.47,0.06,other
data/annotated/test/other/01-220302_1255_Ch4_other_1.wav,152.66,151.82,10,400.0,0.642,4e-05,754.18,452.15,434.72,0.17,other
data/annotated/test/other/01-220302_1255_Ch4_other_10.wav,525.17,525.17,70,400.0,0.548,2e-05,877.81,486.99,51.41,0.28,other
data/annotated/test/other/01-220302_1255_Ch4_other_11.wav,722.54,694.73,48,400.0,0.665,5e-05,1102.57,485.0,1111.22,0.2,other
data/annotated/test/other/01-220302_1255_Ch4_other_2.wav,249.61,248.27,11,400.0,0.704,2e-05,807.03,487.28,447.09,0.3,other
data/annotated/test/other/01-220302_1255_Ch4_other_3.wav,92.74,77.21,5,400.0,0.75,7e-05,842.48,473.79,440.37,0.24,other
data/annotated/test/other/01-220302_1255_Ch4_other_4.wav,191.27,190.77,7,400.0,0.727,3e-05,865.51,439.89,487.5,0.22,other
data/annotated/test/other/01-220302_1255_Ch4_other_5.wav,96.96,96.93,23,42.6,0.19,2e-05,850.35,493.81,51.59,0.36,other
data/annotated/test/other/01-220302_1255_Ch4_other_6.wav,224.59,221.42,16,200.0,0.615,4e-05,828.02,417.08,433.57,0.18,other
data/annotated/test/other/01-220302_1255_Ch4_other_7.wav,813.74,813.74,176,50.0,0.32,2e-05,1003.79,516.99,50.38,0.26,other
data/annotated/test/other/01-220302_1255_Ch4_other_8.wav,81.74,81.74,15,400.0,0.527,3e-05,763.65,452.69,464.89,0.14,other
data/annotated/test/other/01-220302_1255_Ch4_other_9.wav,423.45,422.8,6,400.0,0.793,3e-05,811.8,448.01,52.03,0.21,other
data/annotated/test/other/01-220302_1255_Ch6_other_1.wav,81.31,79.27,10,400.0,0.634,0.00015,461.36,508.21,75.69,0.03,other
data/annotated/test/other/01-220302_1255_Ch6_other_10.wav,2704.17,504.03,36,111.1,0.659,0.00203,1110.12,440.06,1196.35,0.14,other
data/annotated/test/other/01-220302_1255_Ch6_other_2.wav,40.83,40.83,9,400.0,0.526,0.00011,626.85,514.2,122.45,0.15,other
data/annotated/test/other/01-220302_1255_Ch6_other_3.wav,181.72,165.16,11,400.0,0.928,0.00017,292.54,407.96,96.88,0.0,other
data/annotated/test/other/01-220302_1255_Ch6_other_4.wav,107.32,102.47,18,400.0,0.843,0.00018,436.41,514.84,97.59,0.02,other
data/annotated/test/other/01-220302_1255_Ch6_other_5.wav,4829.15,4829.15,1008,7.1,0.506,5e-05,791.0,577.63,50.11,0.07,other
data/annotated/test/other/01-220302_1255_Ch6_other_6.wav,268.73,268.73,52,400.0,0.252,5e-05,938.09,550.11,52.1,0.23,other
data/annotated/test/other/01-220302_1255_Ch6_other_7.wav,193.03,193.03,41,400.0,0.43,6e-05,790.22,572.39,51.81,0.09,other
data/annotated/test/other/01-220302_1255_Ch6_other_8.wav,4182.16,1076.86,27,250.0,0.806,0.00028,1158.44,455.33,1423.58,0.16,other
data/annotated/test/other/01-220302_1255_Ch6_other_9.wav,423.9,423.9,94,50.0,0.393,5e-05,768.18,547.38,51.9,0.13,other
data/annotated/test/other/01-220303_1221_Ch6_other_1.wav,142.06,142.06,34,400.0,0.55,8e-05,925.91,581.81,56.31,0.22,other
data/annotated/test/other/01-220303_1221_Ch6_other_2.wav,75.57,75.57,20,400.0,0.397,9e-05,924.14,626.52,52.93,0.15,other
data/annotated/test/other/01-220303_1221_Ch6_other_3.wav,132.72,132.48,22,400.0,0.492,0.00015,600.17,603.81,52.84,0.08,other
data/annotated/test/other/01-220303_1304_Ch6_other_1.wav,4597.57,4577.26,31,400.0,0.455,0.00011,815.98,456.66,50.03,0.12,other
data/annotated/test/other/01-220402_1615_Ch6_other_1.wav,391.83,391.83,89,50.0,0.662,8e-05,880.6,564.73,51.04,0.09,other
data/annotated/test/other/01-220402_1615_Ch6_other_2.wav,635.18,635.18,141,50.0,0.713,7e-05,845.77,570.44,50.38,0.07,other
data/annotated/test/other/01-220402_1615_Ch6_other_3.wav,1803.68,1803.68,421,25.0,0.772,7e-05,907.91,572.44,50.45,0.08,other
data/annotated/test/other/01-220402_1615_Ch6_other_4.wav,1215.07,1215.07,270,50.0,0.748,7e-05,879.01,569.67,50.2,0.06,other
data/annotated/test/other/01-220402_1615_Ch6_other_5.wav,6000.0,5981.08,6,400.0,0.61,8e-05,886.47,583.85,50.16,0.07,other
data/annotated/test/other/01-220402_1636_Ch6_other_1.wav,768.32,768.32,173,50.0,0.517,7e-05,930.46,508.34,50.76,0.19,other
data/annotated/test/other/01-220402_1636_Ch6_other_2.wav,184.77,182.81,9,100.0,0.482,9e-05,1180.16,667.48,54.7,0.2,other
data/annotated/test/other/01-220402_1636_Ch6_other_3.wav,95.09,92.61,13,400.0,0.892,0.00011,483.92,536.32,97.18,0.02,other
data/annotated/test/other/01-220402_1636_Ch6_other_4.wav,761.71,761.71,171,100.0,0.511,6e-05,777.78,542.84,51.2,0.14,other
data/annotated/test/other/01-220402_1636_Ch6_other_5.wav,2262.53,2260.76,245,50.0,0.581,7e-05,872.73,599.26,50.43,0.09,other
data/annotated/test/other/01-220402_1658_Ch6_other_1.wav,807.29,806.31,161,25.0,0.626,6e-05,857.65,539.19,50.85,0.08,other
data/annotated/test/other/01-220402_1658_Ch6_other_2.wav,2851.47,2841.92,80,100.0,0.608,8e-05,730.66,551.55,50.32,0.07,other
data/annotated/test/other/01-220402_1658_Ch6_other_3.wav,634.64,634.64,156,50.0,0.54,6e-05,937.9,569.16,50.42,0.13,other
data/annotated/test/other/01-220402_1658_Ch6_other_4.wav,808.32,788.94,36,400.0,0.955,0.00015,443.76,522.93,112.81,0.01,other
data/annotated/test/other/01-220402_1658_Ch6_other_5.wav,393.62,393.23,101,50.0,0.571,8e-05,930.76,579.34,50.86,0.07,other
data/annotated/test/other/01-220402_1658_Ch6_other_6.wav,1285.55,1285.55,321,50.0,0.712,7e-05,874.32,575.83,50.56,0.06,other
data/annotated/test/other/01-220404_1129_Ch4_other_1.wav,6000.0,5241.07,38,400.0,0.874,4e-05,913.65,482.58,50.18,0.29,other
data/annotated/test/other/01-220404_1129_Ch6_other_1.wav,138.21,138.21,30,400.0,0.29,0.0001,750.53,567.73,50.65,0.19,other
data/annotated/test/other/01-220404_1129_Ch6_other_10.wav,6000.0,5996.82,13,50.0,0.287,9e-05,996.53,609.69,50.03,0.13,other
data/annotated/test/other/01-220404_1129_Ch6_other_2.wav,414.83,413.9,50,400.0,0.194,9e-05,753.44,548.28,50.74,0.14,other
data/annotated/test/other/01-220404_1129_Ch6_other_3.wav,267.52,267.02,46,400.0,0.386,0.00011,766.77,541.35,52.43,0.23,other
data/annotated/test/other/01-220404_1129_Ch6_other_4.wav,898.08,895.81,77,400.0,0.481,0.0001,668.62,551.75,50.23,0.13,other
data/annotated/test/other/01-220404_1129_Ch6_other_5.wav,1423.88,172.92,5,333.3,0.736,0.00328,294.78,213.73,138.8,0.0,other
data/annotated/test/other/01-220404_1129_Ch6_other_6.wav,6000.0,5995.83,71,400.0,0.463,9e-05,707.16,557.1,50.03,0.12,other
data/annotated/test/other/01-220404_1129_Ch6_other_7.wav,3684.29,3522.77,20,400.0,0.698,0.00016,525.52,505.95,50.24,0.06,other
data/annotated/test/other/01-220404_1129_Ch6_other_8.wav,1580.06,672.86,15,400.0,0.86,0.00115,498.58,443.18,99.57,0.08,other
data/annotated/test/other/01-220404_1129_Ch6_other_9.wav,468.75,468.75,101,100.0,0.335,8e-05,856.76,530.98,51.2,0.26,other
data/annotated/test/other/01-220404_1151_Ch6_other_1.wav,6000.0,5998.2,411,16.7,0.447,9e-05,805.83,625.85,50.02,0.05,other
data/annotated/test/other/01-220405_1200_Ch6_other_1.wav,178.42,177.88,25,250.0,0.569,9e-05,900.3,468.81,50.6,0.24,other
data/annotated/test/other/01-220405_1200_Ch6_other_2.wav,481.0,464.94,11,400.0,0.707,0.00013,622.05,553.89,51.62,0.09,other
data/annotated/test/other/01-220405_1200_Ch6_other_3.wav,244.96,243.68,12,400.0,0.773,0.00016,767.91,602.85,151.84,0.18,other
data/annotated/test/other/01-220405_1200_Ch6_other_4.wav,2789.86,2789.86,624,25.0,0.494,7e-05,891.53,586.39,50.18,0.08,other
data/annotated/test/other/01-220405_1200_Ch6_other_5.wav,574.08,573.89,131,25.0,0.507,7e-05,904.97,657.79,50.53,0.06,other
data/annotated/test/other/01-220405_1200_Ch6_other_6.wav,149.46,141.82,16,400.0,0.789,0.00014,1204.15,370.96,1255.09,0.08,other
data/annotated/test/other/01-220406_1357_Ch6_other_1.wav,332.21,331.8,77,100.0,0.616,8e-05,926.12,571.83,51.24,0.11,other
data/annotated/test/other/01-220406_1357_Ch6_other_2.wav,463.31,463.31,75,400.0,0.644,0.00013,994.65,574.02,51.8,0.08,other
data/annotated/test/other/01-220408_1249_Ch6_other_1.wav,493.07,493.07,111,25.0,0.35,3e-05,815.29,602.77,50.7,0.17,other
data/annotated/test/other/01-220408_1249_Ch6_other_10.wav,158.08,158.08,37,400.0,0.422,3e-05,859.55,598.93,50.61,0.2,other
data/annotated/test/other/01-220408_1249_Ch6_other_11.wav,86.34,86.34,21,23.8,0.238,3e-05,711.46,579.69,57.91,0.18,other
data/annotated/test/other/01-220408_1249_Ch6_other_12.wav,640.04,639.66,135,50.0,0.391,3e-05,765.16,567.31,50.03,0.16,other
data/annotated/test/other/01-220408_1249_Ch6_other_13.wav,762.4,762.4,166,16.7,0.38,3e-05,937.75,612.8,51.15,0.24,other
data/annotated/test/other/01-220408_1249_Ch6_other_14.wav,1930.38,1930.38,390,7.1,0.327,3e-05,890.57,596.68,50.25,0.17,other
data/annotated/test/other/01-220408_1249_Ch6_other_15.wav,502.14,501.56,8,250.0,0.717,5e-05,1108.41,450.99,1042.74,0.1,other
data/annotated/test/other/01-220408_1249_Ch6_other_16.wav,6000.0,2922.55,129,400.0,0.876,0.00423,146.79,126.87,86.91,0.0,other
data/annotated/test/other/01-220408_1249_Ch6_other_17.wav,181.77,181.77,37,50.0,0.302,3e-05,1048.95,630.51,55.01,0.26,other
data/annotated/test/other/01-220408_1249_Ch6_other_18.wav,721.39,718.07,48,400.0,0.617,5e-05,818.77,574.28,50.13,0.21,other
data/annotated/test/other/01-220408_1249_Ch6_other_19.wav,780.56,778.9,50,400.0,0.732,5e-05,625.37,617.55,50.07,0.07,other
data/annotated/test/other/01-220408_1249_Ch6_other_2.wav,153.88,153.78,17,133.3,0.207,4e-05,870.47,525.27,52.02,0.29,other
data/annotated/test/other/01-220408_1249_Ch6_other_20.wav,212.84,212.84,14,400.0,0.699,7e-05,1019.92,584.13,98.66,0.38,other
data/annotated/test/other/01-220408_1249_Ch6_other_21.wav,153.53,153.53,31,117.6,0.208,4e-05,731.33,463.25,52.11,0.23,other
data/annotated/test/other/01-220408_1249_Ch6_other_22.wav,288.62,288.53,30,400.0,0.461,5e-05,751.41,588.27,51.99,0.21,other
data/annotated/test/other/01-220408_1249_Ch6_other_23.wav,223.89,223.89,16,400.0,0.341,6e-05,1067.76,553.27,53.6,0.47,other
data/annotated/test/other/01-220408_1249_Ch6_other_24.wav,2389.99,2389.58,89,400.0,0.577,4e-05,879.18,661.59,50.22,0.18,other
data/annotated/test/other/01-220408_1249_Ch6_other_25.wav,1018.0,1018.0,206,400.0,0.344,3e-05,741.04,597.44,50.1,0.12,other
data/annotated/test/other/01-220408_1249_Ch6_other_26.wav,524.74,524.74,114,25.0,0.401,3e-05,797.83,599.26,51.45,0.16,other
data/annotated/test/other/01-220408_1249_Ch6_other_27.wav,486.36,486.36,82,400.0,0.436,3e-05,841.3,609.74,51.4,0.18,other
data/annotated/test/other/01-220408_1249_Ch6_other_28.wav,309.05,307.3,37,400.0,0.43,4e-05,779.31,546.24,52.07,0.29,other
data/annotated/test/other/01-220408_1249_Ch6_other_29.wav,487.25,486.24,58,400.0,0.713,6e-05,499.75,494.69,51.41,0.07,other
data/annotated/test/other/01-220408_1249_Ch6_other_3.wav,1287.84,1273.12,33,400.0,0.651,4e-05,799.8,610.83,50.27,0.15,other
data/annotated/test/other/01-220408_1249_Ch6_other_4.wav,790.35,790.35,142,50.0,0.356,3e-05,788.1,585.74,50.61,0.15,other
data/annotated/test/other/01-220408_1249_Ch6_other_5.wav,119.65,119.22,8,153.8,0.345,4e-05,715.77,509.52,50.33,0.24,other
data/annotated/test/other/01-220408_1249_Ch6_other_6.wav,176.9,176.72,9,27.4,0.197,4e-05,642.73,500.15,50.93,0.19,other
data/annotated/test/other/01-220408_1249_Ch6_other_7.wav,170.24,170.24,15,400.0,0.418,4e-05,793.44,518.64,52.87,0.26,other
data/annotated/test/other/01-220408_1249_Ch6_other_8.wav,376.94,376.94,71,400.0,0.198,3e-05,721.36,543.36,50.41,0.22,other
data/annotated/test/other/01-220408_1249_Ch6_other_9.wav,378.03,378.03,57,400.0,0.296,3e-05,799.75,527.57,50.26,0.28,other
data/annotated/test/other/01-220411_1255_Ch4_other_1.wav,6000.0,6000.0,1337,17.1,0.353,1e-05,912.75,513.47,50.0,0.19,other
data/annotated/test/other/01-220411_1400_Ch6_other_1.wav,2010.65,2010.65,454,400.0,0.464,4e-05,827.41,580.36,50.23,0.13,other
data/annotated/test/other/01-220411_1400_Ch6_other_2.wav,1224.79,1020.84,15,400.0,0.915,0.00022,374.83,461.05,114.61,0.01,other
data/annotated/test/other/01-220413_1650_Ch4_other_1.wav,65.03,55.41,4,400.0,0.352,6e-05,841.37,312.22,776.09,0.08,other
data/annotated/test/other/01-220413_1650_Ch4_other_2.wav,3174.73,3174.68,643,400.0,0.41,2e-05,729.87,565.34,50.08,0.15,other
data/annotated/test/other/01-220413_1650_Ch4_other_3.wav,4054.56,4054.44,759,400.0,0.354,2e-05,728.39,546.26,50.07,0.2,other
data/annotated/test/other/01-220413_1650_Ch4_other_4.wav,1231.55,1231.41,258,400.0,0.362,2e-05,801.24,537.68,50.35,0.22,other
data/annotated/test/other/01-220413_1650_Ch6_other_1.wav,954.54,954.54,226,50.0,0.483,7e-05,771.51,601.99,50.29,0.03,other
data/annotated/test/other/01-220413_1650_Ch6_other_2.wav,6000.0,5999.82,1097,400.0,0.422,7e-05,577.56,575.32,50.0,0.03,other
data/annotated/test/other/01-220413_1650_Ch6_other_3.wav,1268.03,1268.03,188,400.0,0.411,7e-05,507.57,526.17,50.47,0.03,other
data/annotated/test/other/01-220413_1712_Ch4_other_1.wav,1021.02,1021.02,227,400.0,0.322,2e-05,787.65,518.81,50.93,0.25,other
data/annotated/test/other/01-220413_1712_Ch6_other_1.wav,6000.0,5999.29,1286,25.0,0.345,6e-05,799.94,576.89,50.01,0.08,other
data/annotated/test/other/01-220413_1712_Ch6_other_2.wav,1885.8,1872.33,12,400.0,0.701,0.00011,398.19,421.2,50.2,0.02,other
data/annotated/test/other/01-220413_1712_Ch6_other_3.wav,753.71,753.71,187,50.0,0.557,6e-05,775.93,596.42,50.42,0.04,other
data/annotated/test/other/01-220416_1237_Ch4_other_1.wav,1664.79,1664.79,380,16.7,0.195,1e-05,936.93,505.17,50.46,0.28,other
data/annotated/test/other/01-220416_1237_Ch4_other_2.wav,846.69,846.69,197,51.3,0.736,2e-05,828.55,532.0,50.79,0.12,other
data/annotated/test/other/01-220416_1237_Ch6_other_1.wav,180.49,180.49,45,50.0,0.293,5e-05,770.05,574.38,55.4,0.19,other
data/annotated/test/other/01-220416_1237_Ch6_other_2.wav,484.2,483.6,103,100.0,0.799,0.00012,631.26,568.05,51.7,0.03,other
data/annotated/test/other/01-220416_1237_Ch6_other_3.wav,435.03,434.36,85,100.0,0.639,7e-05,628.29,559.85,50.65,0.05,other
data/annotated/test/other/01-220416_1237_Ch6_other_4.wav,378.25,378.25,88,400.0,0.34,6e-05,866.01,580.64,50.23,0.12,other
data/annotated/test/other/01-220416_1237_Ch6_other_5.wav,1520.57,1520.07,10,250.0,0.405,5e-05,825.45,544.93,50.66,0.22,other
data/annotated/test/other/01-220416_1237_Ch6_other_6.wav,309.62,309.62,37,10.0,0.273,3e-05,686.45,524.91,51.68,0.19,other
data/annotated/test/other/01-220416_1237_Ch6_other_7.wav,527.02,527.02,97,25.0,0.408,3e-05,844.91,581.21,51.23,0.28,other
data/annotated/test/other/01-220416_1320_Ch4_other_1.wav,6000.0,6000.0,1346,400.0,0.324,1e-05,909.93,517.18,50.0,0.22,other
data/annotated/test/other/01-220416_1320_Ch6_other_1.wav,186.24,186.24,47,50.0,0.466,5e-05,711.49,571.76,53.69,0.07,other
data/annotated/test/other/01-220416_1320_Ch6_other_10.wav,6000.0,6000.0,1417,25.0,0.486,5e-05,804.94,602.41,50.0,0.04,other
data/annotated/test/other/01-220416_1320_Ch6_other_11.wav,1639.58,1639.58,391,50.0,0.489,5e-05,791.55,590.9,50.01,0.05,other
data/annotated/test/other/01-220416_1320_Ch6_other_12.wav,2578.36,2578.19,574,50.0,0.475,5e-05,854.61,555.81,50.04,0.06,other
data/annotated/test/other/01-220416_1320_Ch6_other_2.wav,2130.62,2130.62,515,50.0,0.512,5e-05,775.07,591.27,50.22,0.05,other
data/annotated/test/other/01-220416_1320_Ch6_other_3.wav,6000.0,6000.0,1433,16.7,0.546,5e-05,938.23,598.3,50.17,0.06,other
data/annotated/test/other/01-220416_1320_Ch6_other_4.wav,219.78,219.78,54,25.0,0.393,5e-05,784.89,613.47,50.05,0.1,other
data/annotated/test/other/01-220416_1320_Ch6_other_5.wav,379.75,379.75,94,400.0,0.422,5e-05,774.22,597.21,50.03,0.06,other
data/annotated/test/other/01-220416_1320_Ch6_other_6.wav,6000.0,6000.0,1445,16.7,0.525,5e-05,812.67,602.3,50.0,0.04,other
data/annotated/test/other/01-220416_1320_Ch6_other_7.wav,1318.36,1318.36,303,16.7,0.45,4e-05,808.85,599.47,50.06,0.06,other
data/annotated/test/other/01-220416_1320_Ch6_other_8.wav,865.79,865.79,201,16.7,0.464,4e-05,811.07,605.73,50.82,0.09,other
data/annotated/test/other/01-220416_1320_Ch6_other_9.wav,6000.0,6000.0,1305,60.6,0.388,5e-05,711.47,600.59,50.0,0.03,other
data/annotated/test/other/01-220417_1225_Ch4_other_1.wav,1214.65,1214.28,268,50.0,0.727,2e-05,908.09,524.21,50.24,0.2,other
data/annotated/test/other/01-220417_1225_Ch4_other_2.wav,895.01,894.91,119,400.0,0.479,2e-05,659.55,538.54,50.28,0.15,other
data/annotated/test/other/01-220417_1225_Ch4_other_3.wav,669.38,669.38,147,48.8,0.162,1e-05,826.74,521.77,50.79,0.25,other
data/annotated/test/other/01-220417_1225_Ch6_other_1.wav,1723.19,1723.19,393,16.7,0.441,3e-05,849.28,599.48,50.49,0.18,other
data/annotated/test/other/01-220417_1225_Ch6_other_2.wav,138.91,138.91,30,400.0,0.383,3e-05,954.28,624.24,50.39,0.3,other
data/annotated/test/other/01-220417_1225_Ch6_other_3.wav,887.55,887.55,147,100.0,0.881,8e-05,689.24,575.44,50.7,0.04,other
data/annotated/test/other/01-220417_1225_Ch6_other_4.wav,368.61,301.54,5,400.0,0.647,0.00014,736.86,570.05,53.06,0.12,other
data/annotated/test/other/01-220417_1225_Ch6_other_5.wav,1591.82,1591.82,331,50.0,0.643,5e-05,664.67,564.95,50.26,0.05,other
data/annotated/test/other/01-220417_1225_Ch6_other_6.wav,154.55,154.55,34,76.9,0.347,6e-05,643.3,571.61,51.76,0.05,other
data/annotated/test/other/01-220419_1327_Ch4_other_1.wav,858.28,858.28,201,400.0,0.434,2e-05,913.27,530.28,50.1,0.19,other
data/annotated/test/other/01-220419_1327_Ch6_other_1.wav,183.98,183.98,44,400.0,0.463,6e-05,771.34,577.89,54.35,0.09,other
data/annotated/test/other/01-220419_1327_Ch6_other_2.wav,1332.0,1331.88,314,50.0,0.5,7e-05,759.94,592.35,50.31,0.03,other
data/annotated/test/other/01-220419_1431_Ch6_other_1.wav,4082.66,4078.86,92,50.0,0.408,4e-05,949.51,553.56,50.01,0.18,other
data/annotated/test/other/01-220420_1524_Ch4_other_1.wav,6000.0,5576.2,250,400.0,0.753,0.0002,543.22,436.25,163.01,0.08,other
data/annotated/test/other/01-220420_1524_Ch4_other_2.wav,6000.0,5616.82,16,400.0,0.791,2e-05,646.4,502.23,50.03,0.11,other
data/annotated/test/other/01-220420_1524_Ch6_other_1.wav,6000.0,5997.01,133,166.7,0.384,6e-05,926.36,617.44,50.02,0.21,other
data/annotated/test/other/01-220420_1524_Ch6_other_2.wav,6000.0,6000.0,983,50.0,0.537,5e-05,902.64,599.8,50.0,0.08,other
data/annotated/test/other/01-220420_1524_Ch6_other_3.wav,2131.31,2131.31,466,12.5,0.574,4e-05,826.79,574.34,50.2,0.08,other
data/annotated/test/other/01-220420_1524_Ch6_other_4.wav,917.27,917.27,108,50.0,0.324,4e-05,935.48,569.1,50.15,0.26,other
data/annotated/test/other/01-220420_1524_Ch6_other_5.wav,6000.0,5983.9,19,400.0,0.416,4e-05,952.83,646.99,50.13,0.2,other
data/annotated/test/other/01-220420_1524_Ch6_other_6.wav,512.59,503.22,28,100.0,0.722,6e-05,578.26,505.47,151.03,0.08,other
data/annotated/test/other/01-220420_1545_Ch6_other_1.wav,2212.93,2212.93,355,400.0,0.579,4e-05,781.04,600.13,50.16,0.12,other
data/annotated/test/other/01-220420_1545_Ch6_other_2.wav,496.32,496.32,106,25.0,0.32,3e-05,859.1,597.93,50.37,0.19,other
data/annotated/test/other/01-220420_1545_Ch6_other_3.wav,650.61,648.35,11,400.0,0.268,6e-05,781.85,532.56,50.9,0.32,other
data/annotated/test/other/01-220420_1545_Ch6_other_4.wav,2213.86,2213.86,278,25.0,0.39,3e-05,910.04,582.27,50.14,0.21,other
data/annotated/test/other/01-220420_1545_Ch6_other_5.wav,1114.91,1114.82,41,400.0,0.698,4e-05,899.57,504.65,50.23,0.21,other
data/annotated/test/other/01-220420_1545_Ch6_other_6.wav,985.43,984.4,40,400.0,0.649,6e-05,1143.36,473.78,1180.42,0.24,other
data/annotated/test/other/01-220421_1151_Ch4_other_1.wav,866.81,504.02,12,400.0,0.827,5e-05,521.07,419.16,196.42,0.05,other
data/annotated/test/other/01-220421_1151_Ch4_other_2.wav,4120.14,4119.69,330,400.0,0.195,1e-05,1012.18,538.64,50.0,0.3,other
data/annotated/test/other/01-220421_1151_Ch4_other_3.wav,3095.73,3094.83,383,400.0,0.288,1e-05,1004.78,536.63,50.08,0.3,other
data/annotated/test/other/01-220421_1151_Ch4_other_4.wav,6000.0,5999.69,29,400.0,0.408,1e-05,1000.44,527.45,50.0,0.29,other
data/annotated/test/other/01-220421_1151_Ch6_other_1.wav,6000.0,5999.59,360,400.0,0.444,5e-05,745.49,604.69,50.0,0.09,other
data/annotated/test/other/01-220421_1151_Ch6_other_2.wav,235.98,235.98,56,400.0,0.459,4e-05,839.96,649.34,50.85,0.14,other
data/annotated/test/other/01-220421_1151_Ch6_other_3.wav,290.34,290.34,69,400.0,0.322,5e-05,779.85,637.24,51.66,0.13,other
data/annotated/test/other/01-220421_1151_Ch6_other_4.wav,4912.29,4909.48,339,333.3,0.392,5e-05,857.46,571.49,50.11,0.18,other
data/annotated/test/other/01-220421_1151_Ch6_other_5.wav,690.57,690.57,142,400.0,0.559,4e-05,935.25,544.01,50.68,0.14,other
data/annotated/test/other/01-220422_1139_Ch4_other_1.wav,2104.32,2104.17,420,400.0,0.597,1e-05,894.39,525.89,100.28,0.31,other
data/annotated/test/other/01-220422_1139_Ch6_other_1.wav,240.39,240.39,29,400.0,0.666,5e-05,789.83,550.94,95.68,0.33,other
data/annotated/test/other/01-220422_1139_Ch6_other_2.wav,449.52,449.52,101,50.0,0.307,3e-05,771.4,581.08,51.17,0.18,other
data/annotated/test/other/01-220425_1158_Ch6_other_1.wav,37.43,37.43,8,285.7,0.262,4e-05,827.08,624.68,53.44,0.27,other
data/annotated/test/other/01-220425_1158_Ch6_other_10.wav,80.0,80.0,20,133.3,0.296,4e-05,573.52,525.03,50.0,0.11,other
data/annotated/test/other/01-220425_1158_Ch6_other_11.wav,139.33,60.53,3,400.0,0.75,0.00046,419.02,403.65,148.68,0.03,other
data/annotated/test/other/01-220425_1158_Ch6_other_12.wav,43.71,43.71,11,400.0,0.608,4e-05,806.34,583.81,68.64,0.39,other
data/annotated/test/other/01-220425_1158_Ch6_other_13.wav,48.69,48.69,13,333.3,0.272,3e-05,712.34,545.08,61.62,0.18,other
data/annotated/test/other/01-220425_1158_Ch6_other_14.wav,65.97,53.98,1,400.0,0.352,7e-05,575.59,327.21,592.82,0.08,other
data/annotated/test/other/01-220425_1158_Ch6_other_15.wav,63.73,62.74,7,400.0,0.286,5e-05,1130.82,581.48,63.76,0.28,other
data/annotated/test/other/01-220425_1158_Ch6_other_16.wav,6000.0,6000.0,1320,16.7,0.459,4e-05,788.89,586.15,50.0,0.07,other
data/annotated/test/other/01-220425_1158_Ch6_other_17.wav,80.31,80.31,12,400.0,0.422,5e-05,654.49,434.22,448.25,0.16,other
data/annotated/test/other/01-220425_1158_Ch6_other_18.wav,239.33,239.33,55,333.3,0.299,4e-05,731.58,567.1,50.14,0.13,other
data/annotated/test/other/01-220425_1158_Ch6_other_19.wav,65.19,65.19,10,400.0,0.46,4e-05,806.3,606.52,61.36,0.23,other
data/annotated/test/other/01-220425_1158_Ch6_other_2.wav,59.88,48.56,2,400.0,0.282,0.0001,640.71,289.17,555.98,0.04,other
data/annotated/test/other/01-220425_1158_Ch6_other_20.wav,177.61,176.69,26,400.0,0.499,4e-05,690.69,565.87,50.94,0.12,other
data/annotated/test/other/01-220425_1158_Ch6_other_21.wav,155.03,155.03,32,50.0,0.305,3e-05,679.38,557.34,51.6,0.11,other
data/annotated/test/other/01-220425_1158_Ch6_other_22.wav,349.68,349.68,78,50.0,0.368,3e-05,760.47,584.98,51.48,0.13,other
data/annotated/test/other/01-220425_1158_Ch6_other_23.wav,415.56,415.56,92,16.7,0.433,3e-05,752.11,576.61,50.53,0.11,other
data/annotated/test/other/01-220425_1158_Ch6_other_24.wav,411.59,411.59,93,16.7,0.412,3e-05,742.47,576.4,51.02,0.1,other
data/annotated/test/other/01-220425_1158_Ch6_other_25.wav,30.45,30.45,6,400.0,0.596,5e-05,884.77,522.67,65.69,0.38,other
data/annotated/test/other/01-220425_1158_Ch6_other_26.wav,29.19,29.19,7,87.0,0.26,4e-05,842.98,530.48,513.92,0.51,other
data/annotated/test/other/01-220425_1158_Ch6_other_27.wav,227.15,227.15,4,400.0,0.528,5e-05,773.91,556.2,52.83,0.17,other
data/annotated/test/other/01-220425_1158_Ch6_other_28.wav,28.91,28.91,8,333.3,0.306,3e-05,803.09,533.98,103.78,0.38,other
data/annotated/test/other/01-220425_1158_Ch6_other_29.wav,29.86,28.23,1,105.3,0.062,5e-05,696.83,552.65,354.24,0.29,other
data/annotated/test/other/01-220425_1158_Ch6_other_3.wav,597.01,597.01,133,16.7,0.455,4e-05,728.31,582.76,50.25,0.06,other
data/annotated/test/other/01-220425_1158_Ch6_other_30.wav,30.83,30.83,6,400.0,0.283,4e-05,793.34,447.31,64.86,0.29,other
data/annotated/test/other/01-220425_1158_Ch6_other_31.wav,175.24,175.22,28,400.0,0.463,6e-05,883.23,579.06,51.36,0.41,other
data/annotated/test/other/01-220425_1158_Ch6_other_32.wav,104.92,104.92,22,50.0,0.234,4e-05,799.62,526.96,57.19,0.24,other
data/annotated/test/other/01-220425_1158_Ch6_other_33.wav,60.81,60.81,14,117.6,0.211,4e-05,603.71,517.34,65.78,0.14,other
data/annotated/test/other/01-220425_1158_Ch6_other_34.wav,61.68,61.68,13,400.0,0.258,4e-05,869.69,581.25,64.85,0.47,other
data/annotated/test/other/01-220425_1158_Ch6_other_35.wav,136.08,136.07,19,400.0,0.526,9e-05,526.0,481.44,117.58,0.07,other
data/annotated/test/other/01-220425_1158_Ch6_other_36.wav,684.98,684.98,67,400.0,0.323,4e-05,798.42,582.13,51.1,0.14,other
data/annotated/test/other/01-220425_1158_Ch6_other_37.wav,38.88,38.88,8,400.0,0.532,4e-05,854.12,505.4,900.32,0.2,other
data/annotated/test/other/01-220425_1158_Ch6_other_38.wav,246.43,246.43,56,25.0,0.423,4e-05,746.4,572.34,52.75,0.13,other
data/annotated/test/other/01-220425_1158_Ch6_other_39.wav,272.42,272.42,54,400.0,0.359,4e-05,711.67,577.62,51.39,0.09,other
data/annotated/test/other/01-220425_1158_Ch6_other_4.wav,430.02,429.55,95,400.0,0.346,4e-05,721.18,578.7,51.22,0.07,other
data/annotated/test/other/01-220425_1158_Ch6_other_40.wav,93.49,93.49,16,400.0,0.403,4e-05,668.97,514.62,53.48,0.17,other
data/annotated/test/other/01-220425_1158_Ch6_other_41.wav,70.89,70.89,16,125.0,0.463,4e-05,666.88,552.88,56.43,0.14,other
data/annotated/test/other/01-220425_1158_Ch6_other_42.wav,256.68,256.68,57,25.0,0.345,3e-05,731.73,572.31,50.65,0.1,other
data/annotated/test/other/01-220425_1158_Ch6_other_43.wav,4313.53,4313.53,930,16.7,0.465,3e-05,791.23,588.42,50.07,0.1,other
data/annotated/test/other/01-220425_1158_Ch6_other_44.wav,3019.74,3019.74,663,50.0,0.42,3e-05,784.98,589.01,50.0,0.08,other
data/annotated/test/other/01-220425_1158_Ch6_other_45.wav,4722.64,4722.64,787,50.0,0.406,4e-05,773.51,581.78,50.18,0.11,other
data/annotated/test/other/01-220425_1158_Ch6_other_46.wav,63.78,63.59,3,400.0,0.178,5e-05,963.08,527.44,62.9,0.5,other
data/annotated/test/other/01-220425_1158_Ch6_other_47.wav,123.98,123.98,29,50.0,0.427,4e-05,719.82,585.1,104.86,0.12,other
data/annotated/test/other/01-220425_1158_Ch6_other_48.wav,207.66,207.66,44,12.4,0.341,4e-05,684.33,565.06,52.97,0.11,other
data/annotated/test/other/01-220425_1158_Ch6_other_49.wav,99.09,99.09,23,50.0,0.347,4e-05,929.59,647.54,50.46,0.2,other
data/annotated/test/other/01-220425_1158_Ch6_other_5.wav,305.26,304.64,63,16.7,0.359,4e-05,762.09,590.08,52.52,0.12,other
data/annotated/test/other/01-220425_1158_Ch6_other_50.wav,140.41,140.41,33,50.0,0.374,4e-05,766.26,571.92,56.98,0.16,other
data/annotated/test/other/01-220425_1158_Ch6_other_51.wav,2660.36,2660.36,551,7.1,0.375,3e-05,750.17,589.3,50.37,0.14,other
data/annotated/test/other/01-220425_1158_Ch6_other_52.wav,1458.54,1458.54,302,50.0,0.358,2e-05,756.63,577.41,50.05,0.14,other
data/annotated/test/other/01-220425_1158_Ch6_other_53.wav,377.76,377.76,84,25.0,0.407,3e-05,735.53,581.68,50.3,0.14,other
data/annotated/test/other/01-220425_1158_Ch6_other_6.wav,70.4,70.4,14,87.0,0.497,4e-05,535.75,536.05,56.82,0.07,other
data/annotated/test/other/01-220425_1158_Ch6_other_7.wav,288.73,288.73,65,50.0,0.365,4e-05,801.73,590.47,51.95,0.13,other
data/annotated/test/other/01-220425_1158_Ch6_other_8.wav,2296.59,2295.73,163,400.0,0.363,4e-05,800.19,596.37,50.09,0.1,other
data/annotated/test/other/01-220425_1158_Ch6_other_9.wav,61.21,58.61,2,400.0,0.643,7e-05,625.25,458.18,187.67,0.2,other
data/annotated/test/other/01-220425_1241_Ch6_other_1.wav,128.54,128.54,30,50.0,0.458,6e-05,711.61,576.61,54.46,0.07,other
data/annotated/test/other/01-220425_1241_Ch6_other_10.wav,1250.9,1250.9,275,50.0,0.441,8e-05,728.89,592.15,50.36,0.02,other
data/annotated/test/other/01-220425_1241_Ch6_other_11.wav,4287.53,4270.25,36,400.0,0.719,0.0001,801.35,538.11,50.11,0.05,other
data/annotated/test/other/01-220425_1241_Ch6_other_2.wav,633.4,633.4,138,50.0,0.494,8e-05,680.89,575.12,50.52,0.02,other
data/annotated/test/other/01-220425_1241_Ch6_other_3.wav,595.53,595.53,126,333.3,0.435,8e-05,684.29,577.18,50.38,0.02,other
data/annotated/test/other/01-220425_1241_Ch6_other_4.wav,462.32,462.32,100,333.3,0.422,8e-05,735.05,567.34,51.91,0.04,other
data/annotated/test/other/01-220425_1241_Ch6_other_5.wav,445.66,445.66,96,333.3,0.406,8e-05,747.99,558.65,51.61,0.05,other
data/annotated/test/other/01-220425_1241_Ch6_other_6.wav,449.96,449.91,95,25.0,0.434,8e-05,712.14,572.44,51.12,0.02,other
data/annotated/test/other/01-220425_1241_Ch6_other_7.wav,592.12,592.12,126,50.0,0.443,8e-05,729.71,590.53,50.66,0.02,other
data/annotated/test/other/01-220425_1241_Ch6_other_8.wav,437.24,437.24,92,50.0,0.509,8e-05,666.79,580.23,50.32,0.02,other
data/annotated/test/other/01-220425_1241_Ch6_other_9.wav,138.66,138.66,33,400.0,0.508,8e-05,655.29,603.43,50.48,0.03,other
data/annotated/test/other/01-220501_1022_Ch4_other_1.wav,193.22,193.22,38,400.0,0.43,2e-05,1192.26,565.41,51.75,0.33,other
data/annotated/test/other/01-220501_1022_Ch4_other_2.wav,6000.0,6000.0,1355,250.0,0.254,1e-05,868.49,524.88,50.0,0.23,other
data/annotated/test/other/01-220501_1022_Ch6_other_1.wav,2320.16,2320.16,523,16.7,0.518,4e-05,767.18,573.16,50.43,0.1,other
data/annotated/test/other/01-220501_1022_Ch6_other_10.wav,310.26,310.26,71,50.0,0.374,5e-05,911.63,637.71,51.57,0.18,other
data/annotated/test/other/01-220501_1022_Ch6_other_11.wav,6000.0,5999.65,1349,50.0,0.485,5e-05,681.43,572.4,50.0,0.03,other
data/annotated/test/other/01-220501_1022_Ch6_other_2.wav,1017.59,1017.59,223,12.5,0.513,4e-05,747.81,576.71,50.12,0.06,other
data/annotated/test/other/01-220501_1022_Ch6_other_3.wav,175.38,175.38,39,25.0,0.375,4e-05,731.02,562.44,51.32,0.12,other
data/annotated/test/other/01-220501_1022_Ch6_other_4.wav,1200.55,1200.55,271,16.7,0.512,4e-05,750.94,571.0,50.81,0.09,other
data/annotated/test/other/01-220501_1022_Ch6_other_5.wav,1107.54,1107.54,241,10.0,0.494,4e-05,727.2,566.0,50.56,0.07,other
data/annotated/test/other/01-220501_1022_Ch6_other_6.wav,1601.27,1601.27,350,16.7,0.537,4e-05,801.15,592.53,50.58,0.1,other
data/annotated/test/other/01-220501_1022_Ch6_other_7.wav,1163.57,1163.2,255,10.0,0.512,4e-05,748.94,571.14,50.72,0.07,other
data/annotated/test/other/01-220501_1022_Ch6_other_8.wav,2495.51,2495.51,562,25.0,0.545,5e-05,762.97,584.55,50.09,0.05,other
data/annotated/test/other/01-220501_1022_Ch6_other_9.wav,1153.33,1153.33,259,25.0,0.551,4e-05,740.25,577.16,50.29,0.05,other
data/annotated/test/other/01-220501_1105_Ch6_other_1.wav,229.34,192.34,12,400.0,0.852,0.0004,212.67,340.27,103.98,0.0,other
data/annotated/test/other/01-220501_1105_Ch6_other_2.wav,1669.85,1669.07,270,50.0,0.399,4e-05,803.7,577.12,50.33,0.12,other
data/annotated/test/other/01-220501_1105_Ch6_other_3.wav,1149.11,1064.26,19,400.0,0.913,9e-05,621.38,568.02,50.74,0.07,other
data/annotated/test/other/01-220501_1105_Ch6_other_4.wav,866.36,620.58,9,400.0,0.896,0.00024,492.63,520.31,66.07,0.03,other
data/annotated/test/other/01-220501_1105_Ch6_other_5.wav,233.61,233.61,55,50.0,0.477,4e-05,893.67,596.54,51.37,0.21,other
data/annotated/test/other/01-220503_1521_Ch4_other_1.wav,3237.42,3237.42,696,400.0,0.28,1e-05,892.27,559.12,50.04,0.3,other
data/annotated/test/other/01-220503_1521_Ch6_other_1.wav,6000.0,6000.0,1014,400.0,0.342,5e-05,704.99,588.08,50.0,0.07,other
data/annotated/test/other/01-220503_1521_Ch6_other_2.wav,1318.03,132.33,6,400.0,0.861,0.0096,167.52,167.87,120.91,0.0,other
data/annotated/test/other/01-220503_1521_Ch6_other_3.wav,162.86,146.78,6,333.3,0.614,0.00022,1187.03,462.14,1239.94,0.12,other
data/annotated/test/other/01-220503_1521_Ch6_other_4.wav,137.49,137.49,30,50.0,0.336,5e-05,891.96,593.78,50.91,0.19,other
data/annotated/test/other/01-220503_1521_Ch6_other_5.wav,475.12,475.12,87,400.0,0.458,6e-05,688.12,471.93,50.51,0.11,other
data/annotated/test/other/01-220503_1521_Ch6_other_6.wav,157.62,157.55,31,400.0,0.615,6e-05,676.01,574.0,50.78,0.08,other
data/annotated/test/other/01-220506_1339_Ch4_other_1.wav,4000.2,4000.2,912,25.0,0.489,1e-05,952.08,534.82,50.25,0.23,other
data/annotated/test/other/01-220506_1339_Ch4_other_2.wav,1456.67,1456.67,333,50.0,0.447,1e-05,912.36,542.55,50.11,0.17,other
data/annotated/test/other/01-220506_1339_Ch4_other_3.wav,1792.26,1784.24,15,400.0,0.666,2e-05,957.33,531.72,50.44,0.26,other
data/annotated/test/other/01-220506_1339_Ch4_other_4.wav,410.35,410.35,97,50.0,0.443,1e-05,929.04,558.73,51.18,0.26,other
data/annotated/test/other/01-220506_1339_Ch6_other_1.wav,26.27,20.67,1,60.6,0.024,0.00022,927.73,524.41,870.97,0.67,other
data/annotated/test/other/01-220506_1339_Ch6_other_10.wav,88.69,88.69,22,50.0,0.51,6e-05,750.34,557.44,56.38,0.12,other
data/annotated/test/other/01-220506_1339_Ch6_other_11.wav,177.36,177.36,43,50.0,0.424,6e-05,740.09,592.39,50.74,0.06,other
data/annotated/test/other/01-220506_1339_Ch6_other_12.wav,158.35,158.35,38,50.0,0.474,6e-05,628.24,538.14,50.52,0.04,other
data/annotated/test/other/01-220506_1339_Ch6_other_13.wav,198.07,198.07,44,50.0,0.5,6e-05,703.96,583.66,50.49,0.05,other
data/annotated/test/other/01-220506_1339_Ch6_other_14.wav,176.23,176.23,40,50.0,0.445,6e-05,640.03,553.46,51.07,0.04,other
data/annotated/test/other/01-220506_1339_Ch6_other_15.wav,120.17,120.17,29,400.0,0.474,6e-05,685.55,536.62,58.25,0.1,other
data/annotated/test/other/01-220506_1339_Ch6_other_16.wav,111.72,111.72,28,100.0,0.399,6e-05,636.38,549.14,53.71,0.07,other
data/annotated/test/other/01-220506_1339_Ch6_other_17.wav,56.3,56.3,12,100.0,0.312,5e-05,592.33,519.51,53.28,0.07,other
data/annotated/test/other/01-220506_1339_Ch6_other_18.wav,138.41,138.41,34,50.0,0.43,6e-05,634.36,541.08,50.58,0.04,other
data/annotated/test/other/01-220506_1339_Ch6_other_19.wav,90.07,90.07,21,400.0,0.386,6e-05,634.56,533.76,55.51,0.06,other
data/annotated/test/other/01-220506_1339_Ch6_other_2.wav,49.88,29.99,1,45.5,0.029,0.00019,836.96,486.71,933.66,0.58,other
data/annotated/test/other/01-220506_1339_Ch6_other_20.wav,199.4,199.4,46,50.0,0.523,6e-05,653.48,562.43,50.15,0.03,other
data/annotated/test/other/01-220506_1339_Ch6_other_21.wav,128.65,128.65,27,400.0,0.366,6e-05,677.58,547.48,54.41,0.07,other
data/annotated/test/other/01-220506_1339_Ch6_other_22.wav,186.19,186.19,45,50.0,0.601,6e-05,704.54,552.41,53.71,0.06,other
data/annotated/test/other/01-220506_1339_Ch6_other_23.wav,206.0,206.0,49,400.0,0.39,6e-05,703.5,561.33,53.4,0.07,other
data/annotated/test/other/01-220506_1339_Ch6_other_24.wav,512.01,512.01,118,50.0,0.589,6e-05,742.79,584.62,50.78,0.04,other
data/annotated/test/other/01-220506_1339_Ch6_other_25.wav,166.39,166.39,40,50.0,0.549,6e-05,666.97,558.75,54.09,0.07,other
data/annotated/test/other/01-220506_1339_Ch6_other_26.wav,198.07,198.07,46,50.0,0.572,6e-05,702.39,572.56,50.49,0.04,other
data/annotated/test/other/01-220506_1339_Ch6_other_27.wav,93.76,93.76,22,400.0,0.417,5e-05,660.79,534.36,53.33,0.08,other
data/annotated/test/other/01-220506_1339_Ch6_other_28.wav,169.02,169.02,40,50.0,0.397,6e-05,698.57,551.28,53.25,0.07,other
data/annotated/test/other/01-220506_1339_Ch6_other_29.wav,128.09,128.09,29,100.0,0.458,6e-05,742.47,590.14,54.65,0.08,other
data/annotated/test/other/01-220506_1339_Ch6_other_3.wav,182.92,182.92,41,50.0,0.478,7e-05,660.4,542.87,54.67,0.07,other
data/annotated/test/other/01-220506_1339_Ch6_other_30.wav,125.45,125.45,30,50.0,0.464,5e-05,673.9,531.41,55.8,0.09,other
data/annotated/test/other/01-220506_1339_Ch6_other_31.wav,60.77,43.47,1,400.0,0.067,0.00017,686.77,518.2,69.02,0.17,other
data/annotated/test/other/01-220506_1339_Ch6_other_32.wav,179.59,179.44,39,100.0,0.534,6e-05,690.89,568.13,50.16,0.04,other
data/annotated/test/other/01-220506_1339_Ch6_other_33.wav,121.49,121.49,28,25.0,0.395,6e-05,731.97,550.34,57.62,0.09,other
data/annotated/test/other/01-220506_1339_Ch6_other_34.wav,203.33,203.33,46,50.0,0.536,6e-05,790.4,579.16,54.1,0.09,other
data/annotated/test/other/01-220506_1339_Ch6_other_35.wav,179.58,179.58,40,50.0,0.471,6e-05,663.49,563.87,50.12,0.04,other
data/annotated/test/other/01-220506_1339_Ch6_other_36.wav,197.3,197.3,43,400.0,0.428,6e-05,658.22,562.7,50.68,0.04,other
data/annotated/test/other/01-220506_1339_Ch6_other_37.wav,148.42,148.42,34,50.0,0.414,6e-05,645.56,534.78,53.9,0.06,other
data/annotated/test/other/01-220506_1339_Ch6_other_38.wav,100.36,100.36,21,400.0,0.446,6e-05,694.7,536.16,59.78,0.09,other
data/annotated/test/other/01-220506_1339_Ch6_other_39.wav,110.72,110.72,25,100.0,0.428,6e-05,711.09,574.55,54.19,0.08,other
data/annotated/test/other/01-220506_1339_Ch6_other_4.wav,56.97,56.5,1,47.6,0.046,0.00014,846.13,505.69,53.1,0.62,other
data/annotated/test/other/01-220506_1339_Ch6_other_40.wav,132.05,132.05,31,50.0,0.417,6e-05,612.31,534.15,53.01,0.05,other
data/annotated/test/other/01-220506_1339_Ch6_other_41.wav,244.29,244.29,57,50.0,0.553,6e-05,746.86,572.59,53.22,0.08,other
data/annotated/test/other/01-220506_1339_Ch6_other_42.wav,384.36,383.73,90,25.0,0.418,6e-05,844.76,609.28,52.12,0.11,other
data/annotated/test/other/01-220506_1339_Ch6_other_43.wav,1110.66,1067.44,48,400.0,0.667,0.00014,1047.14,469.04,50.59,0.22,other
data/annotated/test/other/01-220506_1339_Ch6_other_44.wav,211.99,211.99,48,50.0,0.512,6e-05,833.28,617.95,51.89,0.09,other
data/annotated/test/other/01-220506_1339_Ch6_other_45.wav,221.17,221.17,50,50.0,0.477,6e-05,791.76,603.31,54.26,0.12,other
data/annotated/test/other/01-220506_1339_Ch6_other_46.wav,695.78,695.78,161,25.0,0.61,6e-05,799.39,611.64,50.3,0.05,other
data/annotated/test/other/01-220506_1339_Ch6_other_47.wav,397.58,397.58,88,25.0,0.533,6e-05,728.57,590.51,50.3,0.05,other
data/annotated/test/other/01-220506_1339_Ch6_other_48.wav,535.27,535.27,118,50.0,0.529,6e-05,701.92,569.84,50.44,0.04,other
data/annotated/test/other/01-220506_1339_Ch6_other_49.wav,180.96,180.96,45,50.0,0.535,6e-05,751.15,548.46,55.26,0.1,other
data/annotated/test/other/01-220506_1339_Ch6_other_5.wav,1291.19,1291.19,287,16.7,0.569,6e-05,758.69,563.53,50.34,0.05,other
data/annotated/test/other/01-220506_1339_Ch6_other_50.wav,237.5,237.5,57,50.0,0.471,6e-05,737.05,566.69,50.53,0.04,other
data/annotated/test/other/01-220506_1339_Ch6_other_51.wav,204.02,204.02,51,50.0,0.474,8e-05,906.1,595.38,53.92,0.1,other
data/annotated/test/other/01-220506_1339_Ch6_other_52.wav,142.73,142.73,33,50.0,0.409,7e-05,734.39,554.58,56.05,0.1,other
data/annotated/test/other/01-220506_1339_Ch6_other_53.wav,200.14,200.14,47,400.0,0.416,7e-05,755.8,555.26,54.96,0.1,other
data/annotated/test/other/01-220506_1339_Ch6_other_54.wav,57.06,38.59,1,400.0,0.167,0.00017,868.69,515.85,51.82,0.65,other
data/annotated/test/other/01-220506_1339_Ch6_other_55.wav,60.2,59.28,1,400.0,0.076,0.00014,875.5,502.05,50.61,0.61,other
data/annotated/test/other/01-220506_1339_Ch6_other_56.wav,55.94,39.54,1,400.0,0.037,0.00018,710.26,510.15,50.58,0.26,other
data/annotated/test/other/01-220506_1339_Ch6_other_57.wav,69.46,61.48,1,400.0,0.04,0.00014,874.99,494.39,65.06,0.58,other
data/annotated/test/other/01-220506_1339_Ch6_other_58.wav,61.57,43.0,1,400.0,0.148,0.00016,798.55,487.85,69.77,0.55,other
data/annotated/test/other/01-220506_1339_Ch6_other_59.wav,546.06,546.06,75,400.0,0.537,7e-05,931.13,546.91,51.28,0.11,other
data/annotated/test/other/01-220506_1339_Ch6_other_6.wav,784.3,783.95,172,50.0,0.644,6e-05,767.25,562.58,51.02,0.07,other
data/annotated/test/other/01-220506_1339_Ch6_other_60.wav,61.59,52.28,1,400.0,0.159,0.00015,854.49,534.23,57.38,0.52,other
data/annotated/test/other/01-220506_1339_Ch6_other_7.wav,60.09,50.57,1,400.0,0.147,0.00015,869.08,510.18,790.94,0.59,other
data/annotated/test/other/01-220506_1339_Ch6_other_8.wav,116.59,116.59,29,100.0,0.376,6e-05,694.52,566.72,51.46,0.07,other
data/annotated/test/other/01-220506_1339_Ch6_other_9.wav,1111.22,1103.7,109,400.0,0.52,8e-05,1048.29,530.27,50.74,0.22,other
data/annotated/test/other/01-220506_1400_Ch4_other_1.wav,6000.0,6000.0,1405,25.0,0.449,1e-05,977.8,534.43,50.0,0.23,other
data/annotated/test/other/01-220506_1400_Ch6_other_1.wav,88.27,86.25,12,400.0,0.541,0.0001,1292.56,527.65,57.97,0.14,other
data/annotated/test/other/01-220506_1400_Ch6_other_2.wav,243.68,243.68,53,50.0,0.382,6e-05,778.97,605.78,53.35,0.11,other
data/annotated/test/other/01-220506_1400_Ch6_other_3.wav,6000.0,6000.0,1041,50.0,0.515,6e-05,781.94,575.88,50.0,0.04,other
data/annotated/test/other/01-220506_1400_Ch6_other_4.wav,2019.42,2019.25,242,400.0,0.734,6e-05,595.12,576.19,50.02,0.03,other
data/annotated/test/other/01-220506_1400_Ch6_other_5.wav,182.36,182.36,37,400.0,0.491,5e-05,858.13,585.82,54.84,0.2,other
data/annotated/test/other/01-220510_1332_Ch4_other_1.wav,1161.64,1161.64,260,400.0,0.264,1e-05,1027.36,557.39,50.79,0.34,other
data/annotated/test/other/01-220510_1332_Ch4_other_2.wav,6000.0,5106.97,211,400.0,0.838,0.00021,466.63,447.53,139.42,0.04,other
data/annotated/test/other/01-220510_1332_Ch6_other_1.wav,6000.0,6000.0,1036,16.7,0.42,6e-05,871.37,578.57,50.0,0.11,other
data/annotated/test/other/01-220510_1332_Ch6_other_2.wav,2478.46,2372.9,26,250.0,0.683,9e-05,696.18,551.21,50.15,0.05,other
data/annotated/test/other/01-220511_1319_Ch6_other_1.wav,186.46,75.5,3,333.3,0.488,0.00018,979.36,644.5,52.98,0.3,other
data/annotated/test/other/01-240329_0025_Ch2_other_1.wav,273.31,273.15,58,400.0,0.358,8e-05,678.6,483.67,256.27,0.11,other
data/annotated/test/other/01-240329_0025_Ch6_other_1.wav,183.25,180.33,41,400.0,0.673,0.00056,252.36,349.18,55.45,0.0,other
data/annotated/test/other/01-240412_2314_Ch2_other_1.wav,6000.0,5999.85,774,142.9,0.334,5e-05,545.72,466.73,50.0,0.06,other
data/annotated/test/other/01-240412_2314_Ch2_other_2.wav,6000.0,5999.67,517,142.9,0.291,5e-05,549.2,477.12,50.0,0.07,other
data/annotated/test/other/01-240412_2314_Ch2_other_3.wav,6000.0,6000.0,674,400.0,0.27,5e-05,542.87,457.3,50.0,0.06,other
data/annotated/test/other/01-240412_2314_Ch2_other_4.wav,6000.0,5999.81,788,200.0,0.311,5e-05,534.3,460.49,50.0,0.06,other
data/annotated/test/other/01-240412_2314_Ch2_other_5.wav,6000.0,5999.73,735,142.9,0.309,5e-05,540.87,460.91,50.0,0.06,other
data/annotated/test/other/01-240412_2314_Ch2_other_6.wav,2133.21,2132.67,195,153.8,0.281,5e-05,554.81,474.93,50.17,0.07,other
data/annotated/test/other/01-240412_2314_Ch3_other_1.wav,21.77,21.77,5,400.0,0.168,6e-05,569.26,516.59,91.87,0.14,other
data/annotated/test/other/01-240412_2314_Ch3_other_10.wav,46.58,46.44,8,400.0,0.414,0.00012,468.72,440.51,64.6,0.06,other
data/annotated/test/other/01-240412_2314_Ch3_other_11.wav,34.19,34.06,5,400.0,0.26,7e-05,654.7,536.48,88.07,0.24,other
data/annotated/test/other/01-240412_2314_Ch3_other_12.wav,37.27,37.0,5,400.0,0.679,0.00012,467.27,475.81,81.08,0.07,other
data/annotated/test/other/01-240412_2314_Ch3_other_13.wav,55.92,55.17,9,34.5,0.284,9e-05,459.58,449.41,54.38,0.04,other
data/annotated/test/other/01-240412_2314_Ch3_other_14.wav,31.06,31.06,6,400.0,0.187,6e-05,709.89,571.58,64.39,0.25,other
data/annotated/test/other/01-240412_2314_Ch3_other_15.wav,31.08,31.08,5,181.8,0.159,7e-05,610.87,503.79,64.34,0.19,other
data/annotated/test/other/01-240412_2314_Ch3_other_16.wav,37.27,37.27,7,66.7,0.238,7e-05,475.55,435.85,53.66,0.1,other
data/annotated/test/other/01-240412_2314_Ch3_other_17.wav,27.96,27.96,4,222.2,0.377,8e-05,646.11,530.28,71.54,0.23,other
data/annotated/test/other/01-240412_2314_Ch3_other_18.wav,27.98,27.98,6,400.0,0.606,6e-05,739.07,576.17,71.48,0.17,other
data/annotated/test/other/01-240412_2314_Ch3_other_19.wav,65.23,64.94,9,400.0,0.352,0.0001,508.66,471.8,92.4,0.1,other
data/annotated/test/other/01-240412_2314_Ch3_other_2.wav,21.77,21.77,6,58.8,0.265,5e-05,706.79,574.32,91.87,0.22,other
data/annotated/test/other/01-240412_2314_Ch3_other_20.wav,34.17,34.08,7,400.0,0.693,0.00013,330.48,421.41,58.68,0.02,other
data/annotated/test/other/01-240412_2314_Ch3_other_21.wav,31.06,31.06,5,400.0,0.7,0.00014,369.95,446.47,64.39,0.03,other
data/annotated/test/other/01-240412_2314_Ch3_other_22.wav,34.19,34.02,6,400.0,0.67,0.00014,343.86,435.03,58.79,0.02,other
data/annotated/test/other/01-240412_2314_Ch3_other_23.wav,24.88,24.88,5,181.8,0.258,4e-05,558.77,482.75,120.6,0.19,other
data/annotated/test/other/01-240412_2314_Ch3_other_24.wav,40.4,40.4,8,400.0,0.697,9e-05,376.45,429.88,74.27,0.02,other
data/annotated/test/other/01-240412_2314_Ch3_other_25.wav,24.88,24.88,6,400.0,0.375,8e-05,412.78,447.17,80.4,0.04,other
data/annotated/test/other/01-240412_2314_Ch3_other_26.wav,4.92,4.92,1,250.0,0.096,4e-05,890.15,511.24,203.39,0.84,other
data/annotated/test/other/01-240412_2314_Ch3_other_27.wav,37.27,33.62,4,400.0,0.566,0.0001,415.1,459.3,89.22,0.04,other
data/annotated/test/other/01-240412_2314_Ch3_other_28.wav,34.19,33.92,6,400.0,0.595,0.0001,441.42,466.01,88.45,0.05,other
data/annotated/test/other/01-240412_2314_Ch3_other_29.wav,9.0,8.85,2,142.9,0.094,9e-05,512.06,460.8,112.94,0.17,other
data/annotated/test/other/01-240412_2314_Ch3_other_3.wav,18.67,17.88,4,64.5,0.123,5e-05,459.62,457.81,111.89,0.1,other
data/annotated/test/other/01-240412_2314_Ch3_other_30.wav,5.75,5.75,1,200.0,0.025,5e-05,869.36,533.18,173.91,0.81,other
data/annotated/test/other/01-240412_2314_Ch3_other_31.wav,11.44,11.44,2,153.8,0.367,0.0001,471.86,463.82,87.43,0.1,other
data/annotated/test/other/01-240412_2314_Ch3_other_32.wav,12.27,12.17,2,105.3,0.139,0.00011,415.62,445.3,82.19,0.07,other
data/annotated/test/other/01-240412_2314_Ch3_other_33.wav,11.44,11.42,1,100.0,0.133,8e-05,489.19,466.02,87.59,0.13,other
data/annotated/test/other/01-240412_2314_Ch3_other_34.wav,13.9,13.06,2,90.9,0.165,7e-05,480.19,475.91,153.11,0.12,other
data/annotated/test/other/01-240412_2314_Ch3_other_35.wav,5.73,5.73,1,200.0,0.034,7e-05,627.7,494.66,174.55,0.29,other
data/annotated/test/other/01-240412_2314_Ch3_other_36.wav,6.54,6.54,2,166.7,-0.078,0.00013,487.81,452.25,152.87,0.09,other
data/annotated/test/other/01-240412_2314_Ch3_other_37.wav,8.98,8.98,1,125.0,0.046,9e-05,522.48,474.58,111.37,0.18,other
data/annotated/test/other/01-240412_2314_Ch3_other_38.wav,26.15,26.15,5,69.0,0.403,8e-05,469.83,470.24,76.49,0.07,other
data/annotated/test/other/01-240412_2314_Ch3_other_39.wav,6.54,6.54,1,181.8,0.102,0.00011,556.69,476.99,152.87,0.17,other
data/annotated/test/other/01-240412_2314_Ch3_other_4.wav,18.65,18.65,5,105.3,0.102,3e-05,759.09,511.48,53.63,0.4,other
data/annotated/test/other/01-240412_2314_Ch3_other_40.wav,9.0,9.0,2,142.9,0.109,9e-05,521.98,462.48,222.22,0.15,other
data/annotated/test/other/01-240412_2314_Ch3_other_41.wav,9.0,9.0,1,125.0,0.099,0.0001,517.73,481.47,111.11,0.15,other
data/annotated/test/other/01-240412_2314_Ch3_other_42.wav,12.25,11.4,2,105.3,0.097,9e-05,480.69,462.82,175.5,0.13,other
data/annotated/test/other/01-240412_2314_Ch3_other_43.wav,10.62,10.29,1,105.3,0.097,0.00011,488.59,470.31,97.17,0.13,other
data/annotated/test/other/01-240412_2314_Ch3_other_44.wav,8.19,7.98,2,166.7,0.151,9e-05,475.57,428.99,125.33,0.13,other
data/annotated/test/other/01-240412_2314_Ch3_other_45.wav,8.19,8.12,2,153.8,0.104,0.00012,526.94,464.19,123.08,0.14,other
data/annotated/test/other/01-240412_2314_Ch3_other_46.wav,9.0,9.0,3,166.7,0.068,0.0001,562.54,478.13,111.11,0.18,other
data/annotated/test/other/01-240412_2314_Ch3_other_47.wav,23.67,23.6,3,400.0,0.385,9e-05,491.29,485.41,84.73,0.07,other
data/annotated/test/other/01-240412_2314_Ch3_other_48.wav,7.35,7.35,2,153.8,-0.013,9e-05,534.71,480.52,135.98,0.17,other
data/annotated/test/other/01-240412_2314_Ch3_other_5.wav,34.19,34.19,7,64.5,0.367,6e-05,453.07,469.53,58.5,0.06,other
data/annotated/test/other/01-240412_2314_Ch3_other_6.wav,40.4,38.65,6,400.0,0.493,0.00012,321.97,418.18,51.75,0.02,other
data/annotated/test/other/01-240412_2314_Ch3_other_7.wav,18.67,16.96,3,400.0,0.174,5e-05,470.01,496.67,117.94,0.12,other
data/annotated/test/other/01-240412_2314_Ch3_other_8.wav,31.08,30.17,3,400.0,0.484,8e-05,468.83,449.18,66.3,0.08,other
data/annotated/test/other/01-240412_2314_Ch3_other_9.wav,40.4,40.4,10,400.0,0.284,0.00011,568.05,500.33,74.27,0.07,other
data/annotated/test/other/01-240413_1046_Ch2_other_1.wav,46.6,46.27,9,400.0,0.375,9e-05,487.49,362.46,237.73,0.03,other
data/annotated/test/other/01-240413_1046_Ch2_other_2.wav,34.19,34.19,5,400.0,0.346,0.00011,465.91,354.3,234.0,0.03,other
data/annotated/test/other/01-240413_1046_Ch2_other_3.wav,31.08,30.73,5,400.0,0.297,9e-05,419.9,358.7,227.8,0.02,other
data/annotated/test/other/01-240413_1046_Ch2_other_4.wav,34.17,33.33,4,400.0,0.543,0.00011,420.41,310.84,240.0,0.02,other
data/annotated/test/other/01-240413_1046_Ch2_other_5.wav,83.88,83.15,15,400.0,0.5,9e-05,484.1,430.36,252.57,0.04,other
data/annotated/test/other/01-240413_1046_Ch2_other_6.wav,46.6,46.52,10,400.0,0.289,0.00012,463.32,401.6,214.96,0.02,other
data/annotated/test/other/01-240413_1046_Ch2_other_7.wav,229.83,229.0,36,400.0,0.42,8e-05,478.88,407.86,235.81,0.04,other
data/annotated/test/other/01-240413_1046_Ch2_other_8.wav,49.71,49.71,7,400.0,0.42,0.00011,453.16,349.62,241.41,0.03,other
data/annotated/test/other/01-240413_1046_Ch2_other_9.wav,54.38,53.17,7,333.3,0.443,0.0001,462.19,324.99,225.71,0.03,other
data/annotated/test/other/01-240413_1046_Ch3_other_1.wav,40.38,39.79,6,400.0,0.628,0.0001,332.0,417.11,50.26,0.02,other
data/annotated/test/other/01-240413_1046_Ch3_other_10.wav,27.96,27.6,1,400.0,0.3,8e-05,537.01,492.12,108.68,0.17,other
data/annotated/test/other/01-240413_1046_Ch3_other_11.wav,37.29,36.33,4,400.0,0.286,8e-05,733.5,511.82,55.05,0.55,other
data/annotated/test/other/01-240413_1046_Ch3_other_12.wav,27.96,27.71,2,400.0,0.337,0.00011,834.67,562.73,72.18,0.46,other
data/annotated/test/other/01-240413_1046_Ch3_other_13.wav,31.08,25.94,1,51.3,0.041,0.0001,787.43,532.19,77.11,0.64,other
data/annotated/test/other/01-240413_1046_Ch3_other_14.wav,43.48,43.4,10,400.0,0.572,8e-05,599.85,529.96,69.13,0.16,other
data/annotated/test/other/01-240413_1046_Ch3_other_15.wav,34.17,33.94,6,400.0,0.386,6e-05,828.56,621.06,58.93,0.34,other
data/annotated/test/other/01-240413_1046_Ch3_other_16.wav,34.17,33.96,6,400.0,0.483,7e-05,696.48,590.65,58.9,0.18,other
data/annotated/test/other/01-240413_1046_Ch3_other_17.wav,59.02,31.02,2,400.0,0.641,0.00192,356.0,420.84,64.47,0.03,other
data/annotated/test/other/01-240413_1046_Ch3_other_18.wav,24.88,16.4,1,74.1,0.033,0.00035,802.89,546.63,121.98,0.75,other
data/annotated/test/other/01-240413_1046_Ch3_other_19.wav,27.98,18.75,3,400.0,0.08,0.00015,783.47,557.41,106.67,0.39,other
data/annotated/test/other/01-240413_1046_Ch3_other_2.wav,37.27,37.25,6,400.0,0.236,4e-05,602.99,462.59,53.69,0.22,other
data/annotated/test/other/01-240413_1046_Ch3_other_20.wav,34.21,33.5,3,400.0,0.297,8e-05,813.25,582.59,59.7,0.52,other
data/annotated/test/other/01-240413_1046_Ch3_other_21.wav,49.73,20.52,1,400.0,0.37,0.00188,452.89,453.87,97.46,0.05,other
data/annotated/test/other/01-240413_1046_Ch3_other_22.wav,40.38,38.73,8,400.0,0.485,0.00011,338.58,421.38,51.64,0.02,other
data/annotated/test/other/01-240413_1046_Ch3_other_23.wav,40.4,40.21,7,400.0,0.716,0.00012,360.54,419.41,99.48,0.02,other
data/annotated/test/other/01-240413_1046_Ch3_other_24.wav,23.62,23.62,3,400.0,0.244,7e-05,614.94,540.38,84.66,0.22,other
data/annotated/test/other/01-240413_1046_Ch3_other_25.wav,139.79,134.06,15,400.0,0.636,0.00015,508.45,497.67,89.51,0.07,other
data/annotated/test/other/01-240413_1046_Ch3_other_26.wav,27.98,27.98,3,400.0,0.226,6e-05,661.13,482.43,71.48,0.33,other
data/annotated/test/other/01-240413_1046_Ch3_other_27.wav,37.27,36.29,4,400.0,0.495,9e-05,444.03,470.79,110.22,0.07,other
data/annotated/test/other/01-240413_1046_Ch3_other_28.wav,40.38,39.69,9,250.0,0.228,0.00011,555.79,478.33,50.39,0.17,other
data/annotated/test/other/01-240413_1046_Ch3_other_29.wav,55.92,55.12,7,400.0,0.442,0.00012,512.42,509.7,54.42,0.09,other
data/annotated/test/other/01-240413_1046_Ch3_other_3.wav,46.6,46.25,8,400.0,0.512,9e-05,432.62,463.49,64.86,0.04,other
data/annotated/test/other/01-240413_1046_Ch3_other_30.wav,40.4,32.38,3,400.0,0.322,8e-05,413.21,433.73,61.78,0.06,other
data/annotated/test/other/01-240413_1046_Ch3_other_31.wav,46.6,46.6,11,400.0,0.366,6e-05,723.79,538.63,64.37,0.25,other
data/annotated/test/other/01-240413_1046_Ch3_other_32.wav,46.6,46.6,7,400.0,0.541,9e-05,624.4,539.52,64.37,0.12,other
data/annotated/test/other/01-240413_1046_Ch3_other_33.wav,46.6,46.6,10,400.0,0.458,8e-05,671.19,545.64,64.37,0.16,other
data/annotated/test/other/01-240413_1046_Ch3_other_34.wav,40.38,40.38,10,250.0,0.423,7e-05,763.57,555.06,74.3,0.38,other
data/annotated/test/other/01-240413_1046_Ch3_other_35.wav,62.12,62.12,14,285.7,0.511,7e-05,649.24,537.93,64.39,0.16,other
data/annotated/test/other/01-240413_1046_Ch3_other_36.wav,40.4,39.62,5,400.0,0.613,0.00011,454.56,533.91,50.47,0.06,other
data/annotated/test/other/01-240413_1046_Ch3_other_37.wav,34.17,32.94,7,285.7,0.212,8e-05,690.46,528.48,60.72,0.24,other
data/annotated/test/other/01-240413_1046_Ch3_other_38.wav,46.58,46.52,7,400.0,0.737,0.00012,466.25,517.7,64.49,0.05,other
data/annotated/test/other/01-240413_1046_Ch3_other_39.wav,37.29,37.02,5,400.0,0.246,9e-05,492.12,428.43,54.02,0.09,other
data/annotated/test/other/01-240413_1046_Ch3_other_4.wav,52.81,52.54,8,400.0,0.665,8e-05,501.38,530.23,57.1,0.05,other
data/annotated/test/other/01-240413_1046_Ch3_other_40.wav,40.4,40.4,5,400.0,0.476,9e-05,504.41,528.92,74.27,0.08,other
data/annotated/test/other/01-240413_1046_Ch3_other_41.wav,62.12,62.12,7,400.0,0.523,0.00011,481.24,492.23,96.58,0.06,other
data/annotated/test/other/01-240413_1046_Ch3_other_42.wav,43.48,43.48,8,400.0,0.48,9e-05,574.9,525.26,69.0,0.13,other
data/annotated/test/other/01-240413_1046_Ch3_other_43.wav,90.08,87.46,10,400.0,0.486,0.0001,495.66,509.5,57.17,0.06,other
data/annotated/test/other/01-240413_1046_Ch3_other_44.wav,46.6,46.44,5,400.0,0.605,0.0001,467.8,441.09,64.6,0.07,other
data/annotated/test/other/01-240413_1046_Ch3_other_45.wav,55.92,55.67,10,400.0,0.444,0.00011,438.59,465.1,53.89,0.05,other
data/annotated/test/other/01-240413_1046_Ch3_other_46.wav,62.12,62.12,13,400.0,0.629,8e-05,376.98,425.23,64.39,0.02,other
data/annotated/test/other/01-240413_1046_Ch3_other_47.wav,59.04,59.04,12,400.0,0.581,0.0001,429.33,486.56,50.81,0.04,other
data/annotated/test/other/01-240413_1046_Ch3_other_48.wav,49.71,49.56,7,400.0,0.604,8e-05,433.64,497.45,60.53,0.04,other
data/annotated/test/other/01-240413_1046_Ch3_other_49.wav,34.19,33.81,5,400.0,0.469,7e-05,567.64,585.78,59.15,0.09,other
data/annotated/test/other/01-240413_1046_Ch3_other_5.wav,59.02,57.23,13,400.0,0.557,9e-05,373.78,461.52,52.42,0.02,other
data/annotated/test/other/01-240413_1046_Ch3_other_50.wav,62.12,53.85,4,400.0,0.655,0.00012,426.34,451.8,111.41,0.04,other
data/annotated/test/other/01-240413_1046_Ch3_other_51.wav,43.5,39.56,6,400.0,0.288,9e-05,468.21,465.34,50.55,0.09,other
data/annotated/test/other/01-240413_1046_Ch3_other_52.wav,43.5,43.5,4,400.0,0.387,8e-05,459.84,442.34,68.97,0.07,other
data/annotated/test/other/01-240413_1046_Ch3_other_53.wav,52.81,52.73,11,400.0,0.715,8e-05,498.68,569.81,56.89,0.04,other
data/annotated/test/other/01-240413_1046_Ch3_other_54.wav,55.92,55.06,8,400.0,0.711,0.00011,304.29,394.78,54.48,0.01,other
data/annotated/test/other/01-240413_1046_Ch3_other_55.wav,55.94,55.94,12,400.0,0.694,0.0001,380.68,444.87,53.63,0.02,other
data/annotated/test/other/01-240413_1046_Ch3_other_56.wav,37.29,37.1,7,400.0,0.606,0.0001,518.01,526.33,53.9,0.07,other
data/annotated/test/other/01-240413_1046_Ch3_other_57.wav,31.08,30.31,2,400.0,0.205,8e-05,475.0,456.07,65.98,0.1,other
data/annotated/test/other/01-240413_1046_Ch3_other_58.wav,46.6,46.6,8,400.0,0.387,8e-05,426.54,461.72,64.37,0.05,other
data/annotated/test/other/01-240413_1046_Ch3_other_59.wav,40.4,31.92,5,400.0,0.241,8e-05,458.12,460.53,93.99,0.07,other
data/annotated/test/other/01-240413_1046_Ch3_other_6.wav,37.29,34.85,7,400.0,0.527,0.0001,366.67,430.54,57.38,0.03,other
data/annotated/test/silence/01-220217_1037_Ch4_silence_1.wav,2466.85,2466.85,562,7.1,0.357,1e-05,876.86,529.95,100.13,0.22,silence
data/annotated/test/silence/01-220217_1037_Ch4_silence_2.wav,1899.89,1899.85,426,5.6,0.282,1e-05,889.27,515.65,100.01,0.23,silence
data/annotated/test/silence/01-220217_1037_Ch4_silence_3.wav,1596.5,1595.75,352,400.0,0.409,1e-05,839.22,524.01,99.64,0.21,silence
data/annotated/test/silence/01-220217_1037_Ch4_silence_4.wav,2108.76,2108.76,484,50.0,0.45,1e-05,927.63,494.6,100.06,0.21,silence
data/annotated/test/silence/01-220217_1037_Ch4_silence_5.wav,4426.41,4426.41,979,16.7,0.459,1e-05,880.37,520.31,100.08,0.2,silence
data/annotated/test/silence/01-220217_1120_Ch4_silence_1.wav,5954.31,5954.31,1335,50.0,0.4,1e-05,908.96,515.51,99.93,0.21,silence
data/annotated/test/silence/01-220217_1120_Ch4_silence_2.wav,955.41,955.41,213,50.0,0.578,1e-05,895.06,519.14,100.48,0.22,silence
data/annotated/test/silence/01-220217_1120_Ch4_silence_3.wav,375.42,375.42,83,50.0,0.47,1e-05,844.54,533.68,101.22,0.2,silence
data/annotated/test/silence/01-220217_1120_Ch4_silence_4.wav,2258.07,2258.07,494,7.1,0.505,1e-05,850.78,537.11,100.09,0.19,silence
data/annotated/test/silence/01-220217_1120_Ch4_silence_5.wav,3454.31,3454.31,772,50.0,0.453,1e-05,855.29,538.71,100.16,0.2,silence
data/annotated/test/silence/01-220217_1120_Ch4_silence_6.wav,2123.66,2123.66,454,50.0,0.589,1e-05,887.42,526.06,99.83,0.21,silence
data/annotated/test/silence/01-220218_1108_Ch4_silence_1.wav,4986.57,4986.57,1046,25.0,0.727,1e-05,915.93,520.12,100.07,0.19,silence
data/annotated/test/silence/01-220218_1108_Ch4_silence_2.wav,5107.53,5107.53,1111,5.0,0.59,1e-05,905.91,526.2,100.05,0.18,silence
data/annotated/test/silence/01-220218_1108_Ch4_silence_3.wav,6000.0,6000.0,1330,7.1,0.573,1e-05,896.3,524.25,100.17,0.18,silence
data/annotated/test/silence/01-220218_1151_Ch4_silence_1.wav,6000.0,6000.0,1289,8.3,0.607,1e-05,891.24,526.43,100.0,0.17,silence
data/annotated/test/silence/01-220218_1151_Ch4_silence_2.wav,5416.67,5416.67,1160,12.5,0.715,1e-05,912.45,523.89,100.06,0.16,silence
data/annotated/test/silence/01-220218_1151_Ch4_silence_3.wav,803.38,803.38,166,50.0,0.842,1e-05,877.88,537.28,99.58,0.15,silence
data/annotated/test/silence/01-220218_1151_Ch4_silence_4.wav,931.17,931.17,207,50.0,0.777,1e-05,893.63,531.37,99.87,0.17,silence
data/annotated/test/silence/01-220218_1151_Ch4_silence_5.wav,4623.67,4623.67,956,50.0,0.849,1e-05,926.42,513.08,100.14,0.15,silence
data/annotated/test/silence/01-220218_1234_Ch4_silence_1.wav,1290.05,1290.05,299,25.0,0.582,1e-05,904.73,520.08,100.0,0.19,silence
data/annotated/test/silence/01-220218_1234_Ch4_silence_2.wav,1281.77,1281.77,295,50.0,0.583,1e-05,879.47,530.18,99.86,0.2,silence
data/annotated/test/silence/01-220218_1234_Ch4_silence_3.wav,1167.5,1166.51,255,50.0,0.762,1e-05,885.85,528.13,100.3,0.18,silence
data/annotated/test/silence/01-220218_1234_Ch4_silence_4.wav,1339.73,1339.73,281,50.0,0.762,1e-05,891.36,526.12,100.02,0.16,silence
data/annotated/test/silence/01-220218_1234_Ch4_silence_5.wav,1210.55,1210.55,262,50.0,0.769,1e-05,890.76,524.56,99.95,0.17,silence
data/annotated/test/silence/01-220218_1234_Ch4_silence_6.wav,1271.83,1271.83,272,50.0,0.679,1e-05,884.42,535.57,99.86,0.17,silence
data/annotated/test/silence/01-220224_1243_Ch4_silence_1.wav,4905.92,4905.92,1022,50.0,0.641,1e-05,901.06,536.88,100.08,0.2,silence
data/annotated/test/silence/01-220224_1243_Ch4_silence_2.wav,781.59,781.59,177,50.0,0.5,1e-05,905.59,536.52,99.8,0.21,silence
data/annotated/test/silence/01-220224_1243_Ch4_silence_3.wav,2298.4,2298.4,467,50.0,0.832,1e-05,914.6,532.8,100.07,0.14,silence
data/annotated/test/silence/01-220224_1243_Ch4_silence_4.wav,4919.36,4919.19,1073,50.0,0.804,1e-05,936.9,523.9,100.02,0.15,silence
data/annotated/test/silence/01-220224_1243_Ch4_silence_5.wav,5147.85,5147.77,1108,50.0,0.802,1e-05,947.91,516.04,100.04,0.17,silence
data/annotated/test/silence/01-220224_1243_Ch4_silence_6.wav,6000.0,5999.89,1288,5.0,0.639,1e-05,898.44,534.71,100.0,0.16,silence
data/annotated/test/silence/01-220301_1413_Ch4_silence_1.wav,48.59,48.59,12,100.0,0.267,3e-05,723.23,531.37,61.74,0.18,silence
data/annotated/test/silence/01-220301_1413_Ch4_silence_2.wav,50.18,50.18,13,100.0,0.347,3e-05,799.47,591.68,59.79,0.19,silence
data/annotated/test/silence/01-220301_1413_Ch4_silence_3.wav,50.78,50.78,12,400.0,0.505,3e-05,737.04,568.68,59.08,0.14,silence
data/annotated/test/silence/01-220301_1413_Ch4_silence_4.wav,18.0,18.0,5,400.0,0.201,2e-05,791.18,512.9,55.56,0.35,silence
data/annotated/test/silence/01-220301_1413_Ch6_silence_1.wav,2.09,2.09,1,0.0,0.0,8e-05,1067.76,335.89,955.22,0.21,silence
data/annotated/test/silence/01-220301_1413_Ch6_silence_10.wav,1.6,2.0,1,0.0,0.0,0.0001,918.49,426.23,623.38,0.42,silence
data/annotated/test/silence/01-220301_1413_Ch6_silence_11.wav,1.58,2.0,1,0.0,0.0,0.00012,1074.52,480.52,631.58,0.76,silence
data/annotated/test/silence/01-220301_1413_Ch6_silence_12.wav,3.83,3.83,1,333.3,-0.258,0.0001,686.54,430.64,260.87,0.27,silence
data/annotated/test/silence/01-220301_1413_Ch6_silence_13.wav,2.36,2.36,1,0.0,0.0,0.0001,778.77,420.19,422.91,0.49,silence
data/annotated/test/silence/01-220301_1413_Ch6_silence_14.wav,1.67,2.0,1,0.0,0.0,4e-05,1175.83,503.42,600.0,0.98,silence
data/annotated/test/silence/01-220301_1413_Ch6_silence_15.wav,2.09,2.09,1,0.0,0.0,8e-05,731.82,368.05,477.61,0.18,silence
data/annotated/test/silence/01-220301_1413_Ch6_silence_16.wav,1.9,2.0,1,0.0,0.0,0.00019,651.66,265.38,527.47,0.13,silence
data/annotated/test/silence/01-220301_1413_Ch6_silence_17.wav,2.2,2.2,1,0.0,0.0,8e-05,801.96,430.44,454.98,0.39,silence
data/annotated/test/silence/01-220301_1413_Ch6_silence_18.wav,1.41,2.0,1,0.0,0.0,8e-05,869.77,296.06,711.11,0.53,silence
data/annotated/test/silence/01-220301_1413_Ch6_silence_19.wav,2.2,2.2,1,0.0,0.0,0.00019,705.05,432.43,454.98,0.17,silence
data/annotated/test/silence/01-220301_1413_Ch6_silence_2.wav,1.62,2.0,1,0.0,0.0,0.00015,770.27,313.47,615.38,0.14,silence
data/annotated/test/silence/01-220301_1413_Ch6_silence_20.wav,89.71,89.71,20,76.9,0.265,0.00012,493.85,493.88,55.74,0.04,silence
data/annotated/test/silence/01-220301_1413_Ch6_silence_3.wav,1.39,2.0,1,0.0,0.0,0.00016,785.27,204.4,721.8,0.19,silence
data/annotated/test/silence/01-220301_1413_Ch6_silence_4.wav,1.33,2.0,1,0.0,0.0,5e-05,862.9,268.19,750.0,0.34,silence
data/annotated/test/silence/01-220301_1413_Ch6_silence_5.wav,1.43,2.0,1,0.0,0.0,9e-05,835.31,276.03,700.73,0.45,silence
data/annotated/test/silence/01-220301_1413_Ch6_silence_6.wav,1.39,2.0,1,0.0,0.0,0.0001,900.03,311.26,721.8,0.59,silence
data/annotated/test/silence/01-220301_1413_Ch6_silence_7.wav,1.71,2.0,1,0.0,0.0,9e-05,1056.19,443.6,585.37,0.86,silence
data/annotated/test/silence/01-220301_1413_Ch6_silence_8.wav,1.36,2.0,1,0.0,0.0,7e-05,946.89,333.24,732.82,0.71,silence
data/annotated/test/silence/01-220301_1413_Ch6_silence_9.wav,2.84,2.84,1,0.0,0.0,0.00021,556.66,359.22,351.65,0.1,silence
data/annotated/test/silence/01-220301_1456_Ch4_silence_1.wav,59.33,58.95,12,50.0,0.319,3e-05,607.13,553.9,50.89,0.1,silence
data/annotated/test/silence/01-220301_1456_Ch4_silence_2.wav,43.59,43.59,11,100.0,0.275,2e-05,737.3,510.24,68.82,0.22,silence
data/annotated/test/silence/01-220301_1456_Ch4_silence_3.wav,233.85,233.85,52,50.0,0.496,3e-05,822.93,530.59,51.31,0.11,silence
data/annotated/test/silence/01-220301_1456_Ch4_silence_4.wav,115.54,115.54,27,50.0,0.492,2e-05,827.77,551.44,51.93,0.18,silence
data/annotated/test/silence/01-220301_1456_Ch4_silence_5.wav,162.61,162.61,39,50.0,0.498,3e-05,826.81,530.18,55.35,0.13,silence
data/annotated/test/silence/01-220301_1456_Ch4_silence_6.wav,229.82,229.82,55,25.0,0.492,2e-05,828.11,525.15,52.21,0.13,silence
data/annotated/test/silence/01-220301_1456_Ch6_silence_1.wav,2276.68,2276.68,510,50.0,0.582,8e-05,684.2,578.09,50.07,0.02,silence
data/annotated/test/silence/01-220301_1456_Ch6_silence_2.wav,511.44,511.44,114,400.0,0.431,9e-05,558.93,536.1,50.84,0.03,silence
data/annotated/test/silence/01-220302_1212_Ch4_silence_1.wav,57.93,57.93,13,285.7,0.28,1e-05,846.34,523.16,51.79,0.28,silence
data/annotated/test/silence/01-220302_1212_Ch4_silence_2.wav,60.41,60.41,14,400.0,0.351,1e-05,899.68,509.36,66.22,0.41,silence
data/annotated/test/silence/01-220302_1212_Ch4_silence_3.wav,60.53,60.53,15,400.0,0.252,1e-05,913.33,528.08,66.08,0.33,silence
data/annotated/test/silence/01-220302_1212_Ch4_silence_4.wav,62.72,62.72,18,100.0,0.358,2e-05,931.97,548.3,63.78,0.42,silence
data/annotated/test/silence/01-220302_1212_Ch4_silence_5.wav,1368.44,1368.44,316,50.0,0.365,2e-05,956.62,509.34,50.42,0.29,silence
data/annotated/test/silence/01-220302_1212_Ch4_silence_6.wav,950.96,950.96,226,25.0,0.453,3e-05,913.97,521.6,50.48,0.12,silence
data/annotated/test/silence/01-220302_1212_Ch4_silence_7.wav,939.35,939.35,220,50.0,0.469,2e-05,919.56,522.38,50.03,0.12,silence
data/annotated/test/silence/01-220302_1212_Ch4_silence_8.wav,950.96,950.96,220,25.0,0.415,2e-05,950.99,509.27,50.48,0.17,silence
data/annotated/test/silence/01-220302_1212_Ch4_silence_9.wav,1113.31,1113.31,258,50.0,0.452,2e-05,935.93,511.57,50.3,0.16,silence
data/annotated/test/silence/01-220302_1212_Ch6_silence_1.wav,1693.15,1693.15,359,25.0,0.731,8e-05,749.06,589.13,50.2,0.02,silence
data/annotated/test/silence/01-220302_1212_Ch6_silence_2.wav,1507.6,1507.6,340,50.0,0.542,0.0001,703.82,586.99,50.41,0.03,silence
data/annotated/test/silence/01-220302_1212_Ch6_silence_3.wav,1130.7,1130.7,253,25.0,0.685,5e-05,753.27,580.96,50.41,0.05,silence
data/annotated/test/silence/01-220302_1212_Ch6_silence_4.wav,1478.6,1478.6,313,25.0,0.706,7e-05,739.66,585.89,50.05,0.02,silence
data/annotated/test/silence/01-220302_1212_Ch6_silence_5.wav,1994.67,1994.28,443,50.0,0.598,8e-05,729.22,588.21,50.14,0.02,silence
data/annotated/test/silence/01-220303_1221_Ch4_silence_1.wav,1707.51,1707.51,406,25.0,0.554,2e-05,938.23,506.49,50.37,0.16,silence
data/annotated/test/silence/01-220303_1221_Ch4_silence_2.wav,1065.56,1065.56,244,50.0,0.567,2e-05,933.88,508.26,50.68,0.16,silence
data/annotated/test/silence/01-220303_1221_Ch4_silence_3.wav,537.15,537.15,127,50.0,0.493,2e-05,878.97,525.9,50.27,0.1,silence
data/annotated/test/silence/01-220303_1221_Ch4_silence_4.wav,375.57,375.57,90,50.0,0.45,2e-05,861.2,529.75,50.59,0.12,silence
data/annotated/test/silence/01-220303_1221_Ch4_silence_5.wav,663.79,663.79,161,50.0,0.577,3e-05,917.81,527.51,51.22,0.12,silence
data/annotated/test/silence/01-220303_1221_Ch4_silence_6.wav,493.48,493.33,117,50.0,0.507,3e-05,860.06,545.62,50.68,0.07,silence
data/annotated/test/silence/01-220303_1221_Ch6_silence_1.wav,1214.04,1214.04,277,50.0,0.757,0.0001,720.19,584.64,50.25,0.02,silence
data/annotated/test/silence/01-220303_1221_Ch6_silence_2.wav,663.79,663.79,150,50.0,0.718,0.00012,716.63,578.41,51.22,0.02,silence
data/annotated/test/silence/01-220303_1221_Ch6_silence_3.wav,2161.68,2161.68,484,50.0,0.731,0.00011,758.66,592.05,50.42,0.02,silence
data/annotated/test/silence/01-220303_1221_Ch6_silence_4.wav,2336.35,2336.35,524,50.0,0.79,0.0001,727.02,599.46,50.08,0.01,silence
data/annotated/test/silence/01-220303_1221_Ch6_silence_5.wav,2026.3,2025.66,452,50.0,0.765,8e-05,779.59,594.41,50.35,0.03,silence
data/annotated/test/silence/01-220303_1304_Ch4_silence_1.wav,2639.94,2639.94,636,25.0,0.581,3e-05,934.48,514.27,50.0,0.08,silence
data/annotated/test/silence/01-220303_1304_Ch4_silence_2.wav,2226.46,2226.46,538,50.0,0.556,3e-05,931.32,504.19,50.3,0.15,silence
data/annotated/test/silence/01-220303_1304_Ch4_silence_3.wav,5322.28,5322.28,1277,25.0,0.597,2e-05,954.15,501.7,50.17,0.16,silence
data/annotated/test/silence/01-220303_1304_Ch4_silence_4.wav,3180.65,3180.65,770,50.0,0.611,2e-05,959.43,498.95,50.3,0.21,silence
data/annotated/test/silence/01-220303_1304_Ch4_silence_5.wav,1685.75,1685.75,403,25.0,0.574,3e-05,935.42,516.37,50.42,0.14,silence
data/annotated/test/silence/01-220303_1304_Ch4_silence_6.wav,5481.31,5481.31,1248,50.0,0.432,2e-05,893.72,518.58,50.17,0.22,silence
data/annotated/test/silence/01-220303_1304_Ch4_silence_7.wav,2406.7,2406.7,563,50.0,0.431,2e-05,882.18,526.87,50.28,0.23,silence
data/annotated/test/silence/01-220303_1304_Ch6_silence_1.wav,2101.64,2101.64,465,25.0,0.785,8e-05,768.64,587.66,50.44,0.04,silence
data/annotated/test/silence/01-220303_1304_Ch6_silence_2.wav,2675.41,2675.41,575,25.0,0.763,0.0001,728.17,597.05,50.09,0.01,silence
data/annotated/test/silence/01-220303_1304_Ch6_silence_3.wav,3609.47,3609.47,771,16.7,0.783,0.0001,776.96,601.47,50.15,0.02,silence
data/annotated/test/silence/01-220303_1304_Ch6_silence_4.wav,3529.41,3529.41,760,16.7,0.76,0.0001,730.35,598.05,50.15,0.02,silence
data/annotated/test/silence/01-220303_1304_Ch6_silence_5.wav,2962.3,2962.3,636,50.0,0.771,9e-05,761.5,593.1,50.3,0.03,silence
data/annotated/test/silence/01-220303_1304_Ch6_silence_6.wav,2481.93,2481.93,540,50.0,0.778,9e-05,795.72,593.05,50.36,0.04,silence
data/annotated/test/silence/01-220303_1304_Ch6_silence_7.wav,2668.74,2668.74,580,50.0,0.787,0.0001,762.48,589.8,50.21,0.02,silence
data/annotated/test/silence/01-220303_1304_Ch6_silence_8.wav,2141.67,2141.67,484,25.0,0.751,7e-05,791.59,579.26,50.43,0.05,silence
data/annotated/test/silence/01-220303_1304_Ch6_silence_9.wav,833.99,833.99,174,50.0,0.769,7e-05,734.5,584.69,50.36,0.03,silence
data/annotated/test/silence/01-220402_1615_Ch4_silence_1.wav,6000.0,6000.0,1398,12.5,0.49,2e-05,932.36,503.44,50.0,0.15,silence
data/annotated/test/silence/01-220402_1615_Ch4_silence_2.wav,6000.0,6000.0,1384,50.0,0.471,2e-05,934.29,503.94,50.0,0.16,silence
data/annotated/test/silence/01-220402_1615_Ch4_silence_3.wav,6000.0,6000.0,1367,16.7,0.356,2e-05,889.63,525.24,50.0,0.18,silence
data/annotated/test/silence/01-220402_1615_Ch4_silence_4.wav,6000.0,6000.0,1399,25.0,0.434,2e-05,937.54,503.8,50.0,0.14,silence
data/annotated/test/silence/01-220402_1615_Ch4_silence_5.wav,6000.0,6000.0,1409,25.0,0.46,2e-05,930.83,504.81,50.0,0.16,silence
data/annotated/test/silence/01-220402_1615_Ch4_silence_6.wav,1564.76,1564.76,365,50.0,0.472,2e-05,925.97,511.64,50.49,0.22,silence
data/annotated/test/silence/01-220402_1615_Ch6_silence_1.wav,6000.0,6000.0,1313,50.0,0.797,7e-05,862.35,593.5,50.0,0.03,silence
data/annotated/test/silence/01-220402_1615_Ch6_silence_2.wav,377.71,377.71,80,50.0,0.735,6e-05,737.83,568.82,50.3,0.04,silence
data/annotated/test/silence/01-220402_1615_Ch6_silence_3.wav,2347.14,2347.14,528,50.0,0.781,7e-05,862.91,587.79,50.27,0.05,silence
data/annotated/test/silence/01-220402_1615_Ch6_silence_4.wav,6000.0,6000.0,1259,25.0,0.785,6e-05,862.07,594.32,50.0,0.03,silence
data/annotated/test/silence/01-220402_1615_Ch6_silence_5.wav,5557.55,5557.55,1212,25.0,0.758,8e-05,859.64,600.55,50.02,0.03,silence
data/annotated/test/silence/01-220402_1615_Ch6_silence_6.wav,6000.0,6000.0,1301,50.0,0.789,6e-05,843.05,594.55,50.0,0.03,silence
data/annotated/test/silence/01-220402_1615_Ch6_silence_7.wav,5962.24,5962.24,1306,50.0,0.794,8e-05,887.71,584.9,50.15,0.07,silence
data/annotated/test/silence/01-220402_1636_Ch4_silence_1.wav,6000.0,6000.0,1403,25.0,0.395,2e-05,933.17,505.57,50.0,0.18,silence
data/annotated/test/silence/01-220402_1636_Ch4_silence_2.wav,5836.76,5836.76,1328,25.0,0.328,1e-05,948.48,501.65,50.03,0.24,silence
data/annotated/test/silence/01-220402_1636_Ch4_silence_3.wav,4047.67,4047.67,924,12.5,0.326,1e-05,941.39,504.05,50.15,0.25,silence
data/annotated/test/silence/01-220402_1636_Ch4_silence_4.wav,2322.02,2322.02,529,50.0,0.346,1e-05,941.84,505.45,50.39,0.27,silence
data/annotated/test/silence/01-220402_1636_Ch4_silence_5.wav,3755.83,3755.83,881,16.7,0.341,1e-05,935.05,505.06,50.06,0.2,silence
data/annotated/test/silence/01-220402_1636_Ch4_silence_6.wav,3590.88,3590.88,810,12.5,0.319,1e-05,934.87,507.26,50.13,0.24,silence
data/annotated/test/silence/01-220402_1636_Ch4_silence_7.wav,4174.55,4174.55,954,12.5,0.27,1e-05,931.08,507.51,50.07,0.23,silence
data/annotated/test/silence/01-220402_1636_Ch4_silence_8.wav,5544.92,5544.92,1264,50.0,0.419,2e-05,939.91,501.34,50.14,0.25,silence
data/annotated/test/silence/01-220402_1636_Ch6_silence_1.wav,6000.0,6000.0,1389,12.5,0.732,6e-05,842.59,593.39,50.0,0.04,silence
data/annotated/test/silence/01-220402_1636_Ch6_silence_2.wav,6000.0,5999.29,1362,50.0,0.758,6e-05,874.66,586.37,50.01,0.05,silence
data/annotated/test/silence/01-220402_1636_Ch6_silence_3.wav,5422.67,5422.03,1140,50.0,0.68,6e-05,847.51,592.23,50.17,0.08,silence
data/annotated/test/silence/01-220402_1636_Ch6_silence_4.wav,4424.47,4424.2,954,25.0,0.665,6e-05,822.5,592.26,50.18,0.07,silence
data/annotated/test/silence/01-220402_1636_Ch6_silence_5.wav,1753.6,1753.23,407,50.0,0.658,5e-05,827.24,587.1,50.19,0.06,silence
data/annotated/test/silence/01-220402_1636_Ch6_silence_6.wav,6000.0,5999.91,1399,25.0,0.767,6e-05,862.29,592.77,50.0,0.03,silence
data/annotated/test/silence/01-220402_1636_Ch6_silence_7.wav,6000.0,5999.89,1347,50.0,0.768,7e-05,856.02,585.23,50.0,0.04,silence
data/annotated/test/silence/01-220402_1636_Ch6_silence_8.wav,6000.0,6000.0,1395,50.0,0.756,6e-05,860.09,590.74,50.0,0.04,silence
data/annotated/test/silence/01-220402_1636_Ch6_silence_9.wav,6000.0,6000.0,1367,25.0,0.776,5e-05,871.69,589.77,50.0,0.05,silence
data/annotated/test/silence/01-220402_1658_Ch4_silence_1.wav,6000.0,5999.84,1361,12.5,0.243,1e-05,948.77,500.54,50.0,0.23,silence
data/annotated/test/silence/01-220402_1658_Ch4_silence_2.wav,6000.0,6000.0,1340,8.3,0.148,1e-05,945.63,501.98,50.0,0.26,silence
data/annotated/test/silence/01-220402_1658_Ch4_silence_3.wav,4452.9,4452.9,1027,25.0,0.283,1e-05,951.28,500.75,50.08,0.25,silence
data/annotated/test/silence/01-220402_1658_Ch4_silence_4.wav,6000.0,6000.0,1348,25.0,0.109,1e-05,940.22,498.99,50.0,0.27,silence
data/annotated/test/silence/01-220402_1658_Ch4_silence_5.wav,3046.73,3046.73,683,50.0,0.139,1e-05,942.61,499.85,50.22,0.3,silence
data/annotated/test/silence/01-220402_1658_Ch6_silence_1.wav,3669.07,3669.07,843,25.0,0.438,5e-05,760.77,597.66,50.15,0.07,silence
data/annotated/test/silence/01-220402_1658_Ch6_silence_2.wav,6000.0,6000.0,1389,25.0,0.675,4e-05,884.53,585.87,50.0,0.06,silence
data/annotated/test/silence/01-220402_1658_Ch6_silence_3.wav,4476.33,4476.33,1065,25.0,0.649,5e-05,883.51,580.49,50.04,0.07,silence
data/annotated/test/silence/01-220402_1658_Ch6_silence_4.wav,1581.96,1581.96,390,50.0,0.71,6e-05,861.73,573.25,50.57,0.08,silence
data/annotated/test/silence/01-220402_1658_Ch6_silence_5.wav,1253.84,1253.84,316,50.0,0.656,5e-05,840.37,579.18,50.25,0.06,silence
data/annotated/test/silence/01-220402_1658_Ch6_silence_6.wav,5355.2,5355.2,1197,25.0,0.785,5e-05,871.41,585.04,50.04,0.05,silence
data/annotated/test/silence/01-220404_1129_Ch4_silence_1.wav,5530.58,5530.57,1269,50.0,0.207,2e-05,958.88,495.35,50.09,0.21,silence
data/annotated/test/silence/01-220404_1129_Ch4_silence_2.wav,3113.45,3113.45,691,16.7,0.096,2e-05,943.77,492.69,50.11,0.27,silence
data/annotated/test/silence/01-220404_1129_Ch4_silence_3.wav,1596.52,1596.52,297,400.0,0.21,2e-05,918.23,508.47,50.11,0.19,silence
data/annotated/test/silence/01-220404_1129_Ch4_silence_4.wav,1238.42,1238.42,277,8.3,0.172,2e-05,920.21,505.09,50.06,0.22,silence
data/annotated/test/silence/01-220404_1129_Ch4_silence_5.wav,1153.88,1153.88,253,6.5,0.067,1e-05,955.55,489.78,50.27,0.35,silence
data/annotated/test/silence/01-220404_1129_Ch4_silence_6.wav,1581.59,1581.59,364,50.0,0.243,2e-05,918.79,497.54,50.58,0.26,silence
data/annotated/test/silence/01-220404_1129_Ch4_silence_7.wav,1979.48,1979.48,463,12.5,0.168,2e-05,913.32,513.53,50.01,0.21,silence
data/annotated/test/silence/01-220404_1129_Ch6_silence_1.wav,953.77,953.77,220,50.0,0.691,7e-05,828.53,574.2,50.33,0.07,silence
data/annotated/test/silence/01-220404_1151_Ch4_silence_1.wav,6000.0,5999.93,1382,50.0,0.208,2e-05,919.74,498.05,50.0,0.18,silence
data/annotated/test/silence/01-220404_1151_Ch4_silence_2.wav,6000.0,6000.0,1354,7.1,0.12,2e-05,946.02,489.98,50.0,0.24,silence
data/annotated/test/silence/01-220404_1151_Ch4_silence_3.wav,6000.0,6000.0,1381,25.0,0.27,2e-05,938.09,494.94,50.0,0.15,silence
data/annotated/test/silence/01-220404_1151_Ch6_silence_1.wav,1223.35,1223.35,274,16.7,0.598,8e-05,838.09,583.95,50.68,0.06,silence
data/annotated/test/silence/01-220404_1151_Ch6_silence_2.wav,967.16,967.16,217,50.0,0.686,8e-05,816.78,584.53,50.66,0.04,silence
data/annotated/test/silence/01-220404_1151_Ch6_silence_3.wav,2818.19,2818.19,624,25.0,0.664,8e-05,838.63,592.96,50.03,0.03,silence
data/annotated/test/silence/01-220404_1151_Ch6_silence_4.wav,1447.53,1447.53,325,50.0,0.69,9e-05,821.93,586.71,50.43,0.03,silence
data/annotated/test/silence/01-220404_1151_Ch6_silence_5.wav,2036.78,2036.78,452,50.0,0.651,5e-05,867.9,588.43,50.08,0.07,silence
data/annotated/test/silence/01-220404_1151_Ch6_silence_6.wav,1812.6,1812.57,375,16.7,0.567,6e-05,789.82,582.39,50.2,0.07,silence
data/annotated/test/silence/01-220405_1200_Ch4_silence_1.wav,6000.0,6000.0,1386,10.0,0.23,2e-05,944.63,486.6,50.0,0.16,silence
data/annotated/test/silence/01-220405_1200_Ch4_silence_2.wav,6000.0,6000.0,1372,16.7,0.174,2e-05,951.74,479.86,50.0,0.21,silence
data/annotated/test/silence/01-220405_1200_Ch4_silence_3.wav,6000.0,6000.0,1383,25.0,0.209,2e-05,941.86,482.98,50.0,0.19,silence
data/annotated/test/silence/01-220405_1200_Ch4_silence_4.wav,6000.0,6000.0,1394,25.0,0.282,2e-05,934.69,487.89,50.0,0.14,silence
data/annotated/test/silence/01-220405_1200_Ch4_silence_5.wav,6000.0,6000.0,1403,25.0,0.268,2e-05,942.26,482.68,50.0,0.12,silence
data/annotated/test/silence/01-220405_1200_Ch4_silence_6.wav,6000.0,6000.0,1398,12.5,0.232,2e-05,941.39,482.79,50.0,0.17,silence
data/annotated/test/silence/01-220405_1200_Ch4_silence_7.wav,6000.0,6000.0,1370,25.0,0.187,2e-05,944.66,480.55,50.0,0.23,silence
data/annotated/test/silence/01-220405_1200_Ch6_silence_1.wav,4127.71,4127.71,903,50.0,0.588,9e-05,784.42,593.41,50.15,0.04,silence
data/annotated/test/silence/01-220405_1200_Ch6_silence_2.wav,226.44,226.44,55,50.0,0.532,6e-05,784.78,579.24,52.99,0.09,silence
data/annotated/test/silence/01-220405_1200_Ch6_silence_3.wav,230.15,230.15,45,400.0,0.307,6e-05,798.05,585.15,52.14,0.1,silence
data/annotated/test/silence/01-220405_1200_Ch6_silence_4.wav,627.33,627.33,105,400.0,0.431,8e-05,740.21,605.92,51.01,0.07,silence
data/annotated/test/silence/01-220405_1200_Ch6_silence_5.wav,360.07,360.07,82,50.0,0.47,7e-05,757.66,567.55,52.77,0.09,silence
data/annotated/test/silence/01-220405_1200_Ch6_silence_6.wav,1035.65,1035.65,233,50.0,0.507,8e-05,719.43,583.48,50.21,0.03,silence
data/annotated/test/silence/01-220405_1200_Ch6_silence_7.wav,864.9,863.15,189,50.0,0.539,8e-05,755.9,583.35,50.98,0.05,silence
data/annotated/test/silence/01-220405_1200_Ch6_silence_8.wav,1113.59,1113.59,259,50.0,0.602,9e-05,732.28,587.28,50.29,0.02,silence
data/annotated/test/silence/01-220405_1200_Ch6_silence_9.wav,1043.07,1043.04,241,50.0,0.632,9e-05,803.32,583.26,50.81,0.04,silence
data/annotated/test/silence/01-220406_1357_Ch4_silence_1.wav,3292.73,3292.67,751,16.7,0.438,2e-05,935.76,492.99,50.11,0.11,silence
data/annotated/test/silence/01-220406_1357_Ch4_silence_2.wav,3731.76,3731.76,848,25.0,0.37,2e-05,928.47,488.8,50.11,0.13,silence
data/annotated/test/silence/01-220406_1357_Ch4_silence_3.wav,1628.08,1628.08,366,16.7,0.382,2e-05,930.94,492.71,50.37,0.17,silence
data/annotated/test/silence/01-220406_1357_Ch4_silence_4.wav,2368.94,2368.94,533,25.0,0.418,3e-05,924.84,490.64,50.23,0.11,silence
data/annotated/test/silence/01-220406_1357_Ch4_silence_5.wav,2021.38,2021.38,463,12.5,0.424,2e-05,948.31,489.98,50.46,0.22,silence
data/annotated/test/silence/01-220406_1357_Ch4_silence_6.wav,5103.73,5103.73,1165,12.5,0.4,2e-05,938.02,484.8,50.16,0.17,silence
data/annotated/test/silence/01-220406_1357_Ch4_silence_7.wav,3182.98,3182.82,739,25.0,0.431,2e-05,935.54,489.4,50.27,0.14,silence
data/annotated/test/silence/01-220406_1357_Ch6_silence_1.wav,351.09,351.09,72,50.0,0.699,0.0001,724.05,583.39,51.27,0.03,silence
data/annotated/test/silence/01-220406_1357_Ch6_silence_2.wav,835.34,835.34,171,50.0,0.763,0.0001,761.14,592.67,50.28,0.02,silence
data/annotated/test/silence/01-220406_1357_Ch6_silence_3.wav,859.56,859.56,175,50.0,0.821,8e-05,768.78,592.85,50.03,0.02,silence
data/annotated/test/silence/01-220406_1357_Ch6_silence_4.wav,411.62,411.51,89,50.0,0.76,8e-05,736.44,575.97,51.03,0.03,silence
data/annotated/test/silence/01-220406_1357_Ch6_silence_5.wav,181.6,181.6,38,100.0,0.534,9e-05,703.48,553.1,55.06,0.05,silence
data/annotated/test/silence/01-220408_1249_Ch4_silence_1.wav,4721.23,4721.23,1025,400.0,0.079,1e-05,963.3,484.03,50.2,0.36,silence
data/annotated/test/silence/01-220408_1249_Ch4_silence_2.wav,6000.0,6000.0,1313,400.0,0.06,1e-05,956.89,487.74,50.0,0.32,silence
data/annotated/test/silence/01-220408_1249_Ch4_silence_3.wav,6000.0,6000.0,1315,400.0,0.116,1e-05,931.82,502.81,50.0,0.34,silence
data/annotated/test/silence/01-220408_1249_Ch4_silence_4.wav,5908.28,5908.28,1323,400.0,0.071,1e-05,947.99,492.54,50.1,0.33,silence
data/annotated/test/silence/01-220408_1249_Ch4_silence_5.wav,5530.58,5530.58,1226,400.0,0.075,1e-05,946.81,487.76,50.09,0.33,silence
data/annotated/test/silence/01-220408_1249_Ch4_silence_6.wav,5287.78,5287.78,1163,16.7,0.055,1e-05,953.35,487.49,50.12,0.34,silence
data/annotated/test/silence/01-220408_1249_Ch6_silence_1.wav,2320.15,2315.12,27,400.0,0.818,4e-05,652.65,599.25,50.11,0.08,silence
data/annotated/test/silence/01-220408_1249_Ch6_silence_2.wav,3938.86,3938.86,875,8.3,0.486,3e-05,831.78,597.47,50.01,0.1,silence
data/annotated/test/silence/01-220408_1249_Ch6_silence_3.wav,5476.62,5476.62,1222,25.0,0.426,3e-05,830.2,602.46,50.03,0.1,silence
data/annotated/test/silence/01-220408_1249_Ch6_silence_4.wav,863.32,863.32,126,400.0,0.497,4e-05,645.79,572.62,50.97,0.12,silence
data/annotated/test/silence/01-220408_1249_Ch6_silence_5.wav,1375.91,1374.4,130,400.0,0.603,4e-05,616.76,589.75,50.2,0.07,silence
data/annotated/test/silence/01-220408_1249_Ch6_silence_6.wav,3750.01,3750.01,839,50.0,0.415,3e-05,821.3,601.05,50.13,0.12,silence
data/annotated/test/silence/01-220408_1249_Ch6_silence_7.wav,5098.93,5098.93,1050,400.0,0.38,3e-05,754.41,602.25,50.01,0.11,silence
data/annotated/test/silence/01-220408_1311_Ch4_silence_1.wav,6000.0,6000.0,1336,50.0,0.055,1e-05,948.6,486.63,50.0,0.3,silence
data/annotated/test/silence/01-220408_1311_Ch4_silence_2.wav,6000.0,6000.0,1210,400.0,0.075,1e-05,944.81,491.68,100.0,0.38,silence
data/annotated/test/silence/01-220408_1311_Ch4_silence_3.wav,6000.0,6000.0,1301,400.0,0.08,1e-05,953.05,482.47,50.0,0.35,silence
data/annotated/test/silence/01-220408_1311_Ch4_silence_4.wav,6000.0,6000.0,1342,25.0,0.077,1e-05,948.73,486.59,50.0,0.3,silence
data/annotated/test/silence/01-220408_1311_Ch4_silence_5.wav,6000.0,5999.94,1349,5.0,0.074,1e-05,952.72,486.73,50.0,0.32,silence
data/annotated/test/silence/01-220408_1311_Ch4_silence_6.wav,6000.0,6000.0,1207,400.0,0.059,1e-05,950.31,490.1,50.0,0.35,silence
data/annotated/test/silence/01-220408_1311_Ch4_silence_7.wav,6000.0,6000.0,1348,400.0,0.073,1e-05,947.05,493.28,50.17,0.31,silence
data/annotated/test/silence/01-220408_1311_Ch6_silence_1.wav,6000.0,6000.0,1287,12.5,0.413,3e-05,834.47,596.2,50.0,0.12,silence
data/annotated/test/silence/01-220408_1311_Ch6_silence_2.wav,3938.86,3938.86,871,400.0,0.253,2e-05,826.71,595.0,100.03,0.19,silence
data/annotated/test/silence/01-220408_1311_Ch6_silence_3.wav,4343.53,4343.53,629,7.1,0.291,2e-05,846.44,588.52,99.92,0.19,silence
data/annotated/test/silence/01-220408_1311_Ch6_silence_4.wav,3884.91,3884.91,786,16.7,0.485,4e-05,819.97,585.89,50.19,0.13,silence
data/annotated/test/silence/01-220408_1311_Ch6_silence_5.wav,6000.0,6000.0,1176,25.0,0.501,3e-05,835.69,592.14,50.0,0.1,silence
data/annotated/test/silence/01-220408_1311_Ch6_silence_6.wav,6000.0,6000.0,1271,16.7,0.413,2e-05,842.16,590.68,50.0,0.15,silence
data/annotated/test/silence/01-220408_1311_Ch6_silence_7.wav,6000.0,6000.0,1258,16.7,0.393,3e-05,772.36,594.44,50.0,0.09,silence
data/annotated/test/silence/01-220411_1255_Ch4_silence_1.wav,4613.32,4613.32,1056,25.0,0.156,1e-05,937.63,505.6,50.07,0.27,silence
data/annotated/test/silence/01-220411_1255_Ch4_silence_2.wav,6000.0,6000.0,1333,400.0,0.109,1e-05,937.88,505.14,50.0,0.28,silence
data/annotated/test/silence/01-220411_1255_Ch4_silence_3.wav,6000.0,6000.0,1367,12.5,0.159,1e-05,946.84,503.98,50.0,0.22,silence
data/annotated/test/silence/01-220411_1255_Ch4_silence_4.wav,6000.0,6000.0,1373,12.5,0.159,1e-05,950.48,503.64,50.0,0.22,silence
data/annotated/test/silence/01-220411_1255_Ch4_silence_5.wav,5827.34,5827.34,1368,12.5,0.148,1e-05,948.04,502.3,50.11,0.3,silence
data/annotated/test/silence/01-220411_1255_Ch4_silence_6.wav,4181.66,4181.66,957,50.0,0.14,1e-05,950.14,497.24,50.22,0.31,silence
data/annotated/test/silence/01-220411_1255_Ch4_silence_7.wav,5638.5,5638.5,1298,50.0,0.151,1e-05,949.24,502.14,50.19,0.22,silence
data/annotated/test/silence/01-220411_1255_Ch6_silence_1.wav,6000.0,5999.96,1336,400.0,0.34,5e-05,780.42,594.59,50.0,0.05,silence
data/annotated/test/silence/01-220411_1255_Ch6_silence_2.wav,6000.0,6000.0,1227,24.7,0.39,4e-05,755.89,593.53,50.0,0.06,silence
data/annotated/test/silence/01-220411_1255_Ch6_silence_3.wav,6000.0,6000.0,1371,16.7,0.435,5e-05,812.68,591.14,50.0,0.05,silence
data/annotated/test/silence/01-220411_1255_Ch6_silence_4.wav,4721.23,4721.23,1085,25.0,0.459,4e-05,823.24,588.6,50.2,0.1,silence
data/annotated/test/silence/01-220411_1255_Ch6_silence_5.wav,6000.0,6000.0,1380,16.7,0.429,6e-05,792.19,597.03,50.0,0.03,silence
data/annotated/test/silence/01-220411_1255_Ch6_silence_6.wav,6000.0,6000.0,1375,25.0,0.42,4e-05,799.21,594.4,50.0,0.05,silence
data/annotated/test/silence/01-220411_1255_Ch6_silence_7.wav,5773.39,5773.39,1316,16.7,0.418,4e-05,827.3,600.0,50.06,0.05,silence
data/annotated/test/silence/01-220411_1400_Ch4_silence_1.wav,4019.79,4019.79,898,400.0,0.124,1e-05,935.53,508.49,50.0,0.31,silence
data/annotated/test/silence/01-220411_1400_Ch4_silence_2.wav,5584.54,5584.54,1275,400.0,0.072,1e-05,948.11,498.39,50.14,0.36,silence
data/annotated/test/silence/01-220411_1400_Ch4_silence_3.wav,6000.0,6000.0,1320,12.5,0.107,1e-05,951.48,501.78,50.0,0.28,silence
data/annotated/test/silence/01-220411_1400_Ch4_silence_4.wav,6000.0,6000.0,1387,50.0,0.132,1e-05,945.95,502.33,50.0,0.24,silence
data/annotated/test/silence/01-220411_1400_Ch4_silence_5.wav,6000.0,6000.0,1370,50.0,0.121,1e-05,945.52,500.78,50.0,0.29,silence
data/annotated/test/silence/01-220411_1400_Ch4_silence_6.wav,6000.0,6000.0,1424,25.0,0.248,2e-05,927.89,508.79,50.0,0.17,silence
data/annotated/test/silence/01-220411_1400_Ch4_silence_7.wav,6000.0,6000.0,1404,25.0,0.195,1e-05,934.07,503.02,50.0,0.22,silence
data/annotated/test/silence/01-220411_1400_Ch6_silence_1.wav,6000.0,5999.61,1366,16.7,0.334,4e-05,829.73,599.06,50.0,0.06,silence
data/annotated/test/silence/01-220411_1400_Ch6_silence_2.wav,6000.0,6000.0,1375,25.0,0.427,6e-05,805.07,599.51,50.0,0.03,silence
data/annotated/test/silence/01-220411_1400_Ch6_silence_3.wav,6000.0,6000.0,1374,25.0,0.444,6e-05,817.73,593.94,50.0,0.03,silence
data/annotated/test/silence/01-220411_1400_Ch6_silence_4.wav,5395.69,5395.69,1207,400.0,0.399,4e-05,825.09,599.32,50.04,0.06,silence
data/annotated/test/silence/01-220411_1400_Ch6_silence_5.wav,6000.0,6000.0,1247,50.0,0.646,4e-05,787.24,599.02,50.0,0.07,silence
data/annotated/test/silence/01-220411_1400_Ch6_silence_6.wav,6000.0,6000.0,1302,400.0,0.337,3e-05,813.26,597.71,50.0,0.11,silence
data/annotated/test/silence/01-220411_1400_Ch6_silence_7.wav,4586.33,4586.33,974,400.0,0.605,4e-05,768.44,604.73,50.15,0.1,silence
data/annotated/test/silence/01-220411_1400_Ch6_silence_8.wav,3911.89,3911.89,693,400.0,0.355,4e-05,797.61,594.19,50.1,0.12,silence
data/annotated/test/silence/01-220413_1650_Ch4_silence_1.wav,1996.41,1996.41,464,10.0,0.172,1e-05,933.43,508.24,50.09,0.23,silence
data/annotated/test/silence/01-220413_1650_Ch4_silence_2.wav,4235.62,4235.62,995,16.7,0.224,1e-05,954.96,503.29,50.05,0.23,silence
data/annotated/test/silence/01-220413_1650_Ch4_silence_3.wav,2347.14,2347.14,543,16.7,0.293,2e-05,944.69,505.63,50.27,0.23,silence
data/annotated/test/silence/01-220413_1650_Ch4_silence_4.wav,5692.45,5692.45,1322,16.7,0.251,1e-05,956.85,497.93,50.07,0.26,silence
data/annotated/test/silence/01-220413_1650_Ch4_silence_5.wav,5773.39,5773.39,1357,25.0,0.267,2e-05,946.17,500.6,50.06,0.22,silence
data/annotated/test/silence/01-220413_1650_Ch4_silence_6.wav,4073.75,4073.75,954,25.0,0.327,2e-05,942.88,510.0,50.08,0.17,silence
data/annotated/test/silence/01-220413_1650_Ch4_silence_7.wav,5098.93,5098.93,1178,50.0,0.252,1e-05,958.15,503.5,50.01,0.23,silence
data/annotated/test/silence/01-220413_1650_Ch6_silence_1.wav,5152.89,5152.89,1225,16.7,0.563,7e-05,784.42,594.84,50.07,0.03,silence
data/annotated/test/silence/01-220413_1650_Ch6_silence_2.wav,3884.91,3884.91,933,25.0,0.523,6e-05,796.12,591.07,50.19,0.08,silence
data/annotated/test/silence/01-220413_1650_Ch6_silence_3.wav,6000.0,6000.0,1395,16.7,0.568,5e-05,825.76,592.73,50.0,0.05,silence
data/annotated/test/silence/01-220413_1650_Ch6_silence_4.wav,5746.42,5746.42,1354,25.0,0.513,6e-05,759.17,601.99,50.12,0.07,silence
data/annotated/test/silence/01-220413_1650_Ch6_silence_5.wav,4991.01,4991.01,1205,25.0,0.579,7e-05,813.66,593.56,50.09,0.03,silence
data/annotated/test/silence/01-220413_1650_Ch6_silence_6.wav,3561.16,3561.16,852,25.0,0.61,7e-05,826.39,586.42,50.26,0.08,silence
data/annotated/test/silence/01-220413_1712_Ch4_silence_1.wav,2832.74,2832.74,670,50.0,0.218,1e-05,946.02,509.1,50.13,0.26,silence
data/annotated/test/silence/01-220413_1712_Ch4_silence_2.wav,3345.33,3345.33,786,50.0,0.229,2e-05,951.09,498.42,50.22,0.28,silence
data/annotated/test/silence/01-220413_1712_Ch4_silence_3.wav,5152.89,5152.89,1192,16.7,0.233,1e-05,956.78,505.16,50.07,0.2,silence
data/annotated/test/silence/01-220413_1712_Ch4_silence_4.wav,4019.79,4019.79,938,50.0,0.229,1e-05,955.72,507.84,50.0,0.24,silence
data/annotated/test/silence/01-220413_1712_Ch4_silence_5.wav,3776.98,3776.98,888,6.2,0.242,2e-05,931.55,504.0,50.04,0.19,silence
data/annotated/test/silence/01-220413_1712_Ch4_silence_6.wav,5071.95,5071.95,1179,8.3,0.272,2e-05,950.97,500.88,50.08,0.21,silence
data/annotated/test/silence/01-220413_1712_Ch4_silence_7.wav,5044.97,5044.97,1163,16.7,0.218,1e-05,946.54,494.95,50.15,0.33,silence
data/annotated/test/silence/01-220413_1712_Ch4_silence_8.wav,4694.25,4694.25,1099,7.1,0.231,2e-05,941.59,507.12,50.06,0.21,silence
data/annotated/test/silence/01-220413_1712_Ch6_silence_1.wav,3291.38,3291.33,743,12.5,0.442,6e-05,749.43,593.01,50.13,0.06,silence
data/annotated/test/silence/01-220413_1712_Ch6_silence_2.wav,6000.0,6000.0,1433,50.0,0.561,7e-05,806.69,591.46,50.0,0.03,silence
data/annotated/test/silence/01-220413_1712_Ch6_silence_3.wav,3156.49,3156.46,762,50.0,0.58,6e-05,807.51,590.15,50.06,0.04,silence
data/annotated/test/silence/01-220413_1712_Ch6_silence_4.wav,2131.3,2131.28,487,50.0,0.482,7e-05,777.22,594.23,50.2,0.03,silence
data/annotated/test/silence/01-220413_1712_Ch6_silence_5.wav,4343.53,4343.53,1031,25.0,0.527,8e-05,799.37,590.31,50.19,0.05,silence
data/annotated/test/silence/01-220413_1712_Ch6_silence_6.wav,4208.65,4208.65,988,50.0,0.507,7e-05,802.35,598.76,50.13,0.07,silence
data/annotated/test/silence/01-220413_1712_Ch6_silence_7.wav,1942.46,1941.6,433,25.0,0.447,7e-05,741.59,588.37,50.47,0.08,silence
data/annotated/test/silence/01-220413_1712_Ch6_silence_8.wav,2535.98,2535.45,420,87.0,0.369,0.0001,598.09,547.9,50.09,0.04,silence
data/annotated/test/silence/01-220414_1135_Ch4_silence_1.wav,3669.07,3669.07,827,400.0,0.098,1e-05,955.18,497.83,50.15,0.32,silence
data/annotated/test/silence/01-220414_1135_Ch4_silence_2.wav,3453.24,3453.24,772,400.0,0.15,1e-05,934.24,507.17,50.1,0.28,silence
data/annotated/test/silence/01-220414_1135_Ch4_silence_3.wav,4100.73,4100.73,886,400.0,0.089,1e-05,974.85,498.86,99.98,0.37,silence
data/annotated/test/silence/01-220414_1135_Ch4_silence_4.wav,3102.53,3102.53,687,50.0,0.587,1e-05,925.05,510.36,50.28,0.23,silence
data/annotated/test/silence/01-220414_1135_Ch4_silence_5.wav,1564.76,1564.76,365,400.0,0.081,1e-05,937.67,502.03,50.49,0.35,silence
data/annotated/test/silence/01-220414_1135_Ch4_silence_6.wav,2212.24,2212.24,495,250.0,0.098,1e-05,961.19,506.55,50.18,0.32,silence
data/annotated/test/silence/01-220414_1135_Ch4_silence_7.wav,2050.38,2050.38,463,250.0,0.123,1e-05,953.29,507.82,50.23,0.28,silence
data/annotated/test/silence/01-220414_1135_Ch6_silence_1.wav,4397.49,4397.49,995,400.0,0.363,4e-05,804.8,604.88,50.03,0.05,silence
data/annotated/test/silence/01-220414_1135_Ch6_silence_2.wav,3561.16,3561.16,816,25.0,0.408,4e-05,822.07,594.66,50.26,0.09,silence
data/annotated/test/silence/01-220414_1135_Ch6_silence_3.wav,4343.53,4343.53,987,12.5,0.409,4e-05,836.94,592.83,50.19,0.13,silence
data/annotated/test/silence/01-220414_1135_Ch6_silence_4.wav,4505.41,4505.41,994,25.0,0.371,3e-05,820.0,598.17,50.16,0.14,silence
data/annotated/test/silence/01-220414_1135_Ch6_silence_5.wav,4640.29,4640.29,1021,16.7,0.389,3e-05,816.57,591.87,50.21,0.17,silence
data/annotated/test/silence/01-220414_1135_Ch6_silence_6.wav,2643.89,2643.89,575,5.6,0.345,2e-05,841.34,589.87,50.3,0.22,silence
data/annotated/test/silence/01-220414_1135_Ch6_silence_7.wav,3588.14,3588.14,790,8.3,0.438,4e-05,816.24,594.36,50.17,0.08,silence
data/annotated/test/silence/01-220414_1135_Ch6_silence_8.wav,4640.3,4640.3,1041,25.0,0.433,5e-05,832.16,596.25,50.21,0.11,silence
data/annotated/test/silence/01-220414_1135_Ch6_silence_9.wav,4991.01,4991.01,1108,50.0,0.487,5e-05,824.37,597.47,50.09,0.05,silence
data/annotated/test/silence/01-220416_1237_Ch4_silence_1.wav,4559.36,4559.36,1006,400.0,0.102,1e-05,963.33,487.13,50.01,0.33,silence
data/annotated/test/silence/01-220416_1237_Ch4_silence_2.wav,2562.96,2562.96,558,400.0,0.096,1e-05,959.32,490.24,50.33,0.35,silence
data/annotated/test/silence/01-220416_1237_Ch4_silence_3.wav,2374.1,2374.1,534,5.6,0.1,1e-05,939.99,498.86,50.12,0.33,silence
data/annotated/test/silence/01-220416_1237_Ch4_silence_4.wav,1888.5,1888.5,436,25.0,0.155,1e-05,941.34,498.37,50.3,0.25,silence
data/annotated/test/silence/01-220416_1237_Ch4_silence_5.wav,4181.66,4181.66,973,25.0,0.164,1e-05,952.23,493.14,50.22,0.28,silence
data/annotated/test/silence/01-220416_1237_Ch4_silence_6.wav,1456.84,1456.84,327,8.3,0.177,1e-05,907.97,516.36,50.11,0.2,silence
data/annotated/test/silence/01-220416_1237_Ch6_silence_1.wav,4775.19,4775.19,1087,16.7,0.559,3e-05,801.69,593.12,50.05,0.1,silence
data/annotated/test/silence/01-220416_1237_Ch6_silence_2.wav,5071.95,5071.95,1149,25.0,0.445,7e-05,750.14,590.58,50.08,0.03,silence
data/annotated/test/silence/01-220416_1237_Ch6_silence_3.wav,3669.07,3669.07,837,12.5,0.458,6e-05,782.2,594.04,50.15,0.05,silence
data/annotated/test/silence/01-220416_1237_Ch6_silence_4.wav,4613.32,4613.32,1056,25.0,0.472,5e-05,787.57,593.78,50.07,0.04,silence
data/annotated/test/silence/01-220416_1237_Ch6_silence_5.wav,4667.28,4667.28,1055,50.0,0.486,6e-05,793.86,597.18,50.14,0.04,silence
data/annotated/test/silence/01-220416_1237_Ch6_silence_6.wav,5125.91,5125.91,1017,25.0,0.465,3e-05,823.41,590.82,50.14,0.14,silence
data/annotated/test/silence/01-220416_1237_Ch6_silence_7.wav,5071.95,5071.95,1092,16.7,0.523,3e-05,828.4,590.41,50.08,0.14,silence
data/annotated/test/silence/01-220416_1320_Ch4_silence_1.wav,5152.89,5152.89,1165,25.0,0.201,1e-05,945.07,497.54,50.07,0.22,silence
data/annotated/test/silence/01-220416_1320_Ch4_silence_2.wav,5395.69,5395.69,1232,25.0,0.179,1e-05,950.58,499.96,50.04,0.2,silence
data/annotated/test/silence/01-220416_1320_Ch4_silence_3.wav,4181.67,4181.67,964,51.3,0.174,1e-05,958.18,492.74,50.22,0.29,silence
data/annotated/test/silence/01-220416_1320_Ch4_silence_4.wav,4910.07,4910.07,1119,25.0,0.165,1e-05,947.1,500.61,50.1,0.25,silence
data/annotated/test/silence/01-220416_1320_Ch4_silence_5.wav,4910.07,4910.07,1085,16.7,0.145,1e-05,954.09,496.89,50.1,0.27,silence
data/annotated/test/silence/01-220416_1320_Ch4_silence_6.wav,6000.0,6000.0,1387,16.7,0.157,1e-05,952.79,503.17,50.0,0.22,silence
data/annotated/test/silence/01-220416_1320_Ch4_silence_7.wav,6000.0,6000.0,1396,50.0,0.203,1e-05,955.71,503.64,50.17,0.2,silence
data/annotated/test/silence/01-220416_1320_Ch6_silence_1.wav,6000.0,6000.0,1384,50.0,0.46,5e-05,811.23,598.26,50.17,0.04,silence
data/annotated/test/silence/01-220416_1320_Ch6_silence_2.wav,5044.97,5044.97,1178,50.0,0.49,5e-05,809.91,594.28,50.15,0.05,silence
data/annotated/test/silence/01-220416_1320_Ch6_silence_3.wav,4883.1,4883.1,1158,50.0,0.526,5e-05,820.77,591.96,50.17,0.07,silence
data/annotated/test/silence/01-220416_1320_Ch6_silence_4.wav,6000.0,5999.51,1401,50.0,0.535,5e-05,802.53,595.69,50.0,0.04,silence
data/annotated/test/silence/01-220416_1320_Ch6_silence_5.wav,6000.0,6000.0,1407,16.7,0.501,4e-05,797.31,592.68,50.0,0.05,silence
data/annotated/test/silence/01-220416_1320_Ch6_silence_6.wav,6000.0,6000.0,1444,16.7,0.542,4e-05,802.42,599.7,50.0,0.04,silence
data/annotated/test/silence/01-220416_1320_Ch6_silence_7.wav,3830.95,3830.95,923,25.0,0.516,5e-05,808.42,602.16,50.12,0.04,silence
data/annotated/test/silence/01-220416_1320_Ch6_silence_8.wav,6000.0,6000.0,1446,25.0,0.533,5e-05,801.73,597.2,50.0,0.04,silence
data/annotated/test/silence/01-220417_1225_Ch4_silence_1.wav,3723.03,3723.03,855,25.0,0.206,1e-05,939.49,507.31,50.23,0.3,silence
data/annotated/test/silence/01-220417_1225_Ch4_silence_2.wav,2751.81,2751.81,550,400.0,0.172,1e-05,928.82,509.37,50.15,0.28,silence
data/annotated/test/silence/01-220417_1225_Ch4_silence_3.wav,5179.86,5179.86,1159,400.0,0.122,1e-05,967.82,498.62,50.0,0.32,silence
data/annotated/test/silence/01-220417_1225_Ch4_silence_4.wav,5827.34,5827.34,1325,16.7,0.13,1e-05,960.38,496.51,50.11,0.29,silence
data/annotated/test/silence/01-220417_1225_Ch4_silence_5.wav,2751.81,2751.81,642,12.5,0.225,1e-05,952.8,504.21,50.15,0.25,silence
data/annotated/test/silence/01-220417_1225_Ch4_silence_6.wav,5665.47,5665.47,1224,25.0,0.295,1e-05,946.91,502.8,50.13,0.26,silence
data/annotated/test/silence/01-220417_1225_Ch4_silence_7.wav,4154.69,4154.69,897,16.7,0.193,1e-05,960.12,504.64,50.06,0.21,silence
data/annotated/test/silence/01-220417_1225_Ch6_silence_1.wav,4208.65,4208.56,902,400.0,0.38,5e-05,661.91,589.6,50.14,0.05,silence
data/annotated/test/silence/01-220417_1225_Ch6_silence_2.wav,6000.0,6000.0,1305,16.7,0.455,3e-05,813.02,594.19,50.0,0.1,silence
data/annotated/test/silence/01-220417_1225_Ch6_silence_3.wav,6000.0,5999.82,1281,7.1,0.441,3e-05,820.05,592.92,50.0,0.1,silence
data/annotated/test/silence/01-220417_1225_Ch6_silence_4.wav,6000.0,6000.0,1401,7.1,0.533,4e-05,808.16,593.8,50.0,0.05,silence
data/annotated/test/silence/01-220417_1225_Ch6_silence_5.wav,6000.0,6000.0,1387,12.5,0.555,5e-05,781.27,590.6,50.0,0.04,silence
data/annotated/test/silence/01-220417_1225_Ch6_silence_6.wav,6000.0,6000.0,1396,25.0,0.666,6e-05,767.83,594.01,50.0,0.03,silence
data/annotated/test/silence/01-220417_1225_Ch6_silence_7.wav,6000.0,5999.65,1401,12.5,0.549,6e-05,771.12,592.52,50.0,0.02,silence
data/annotated/test/silence/01-220419_1327_Ch4_silence_1.wav,6000.0,6000.0,1415,50.0,0.379,2e-05,950.07,518.71,50.0,0.12,silence
data/annotated/test/silence/01-220419_1327_Ch4_silence_2.wav,4397.49,4397.49,1030,50.0,0.409,2e-05,947.09,516.7,50.03,0.14,silence
data/annotated/test/silence/01-220419_1327_Ch4_silence_3.wav,6000.0,6000.0,1406,50.0,0.381,2e-05,951.12,510.31,50.0,0.15,silence
data/annotated/test/silence/01-220419_1327_Ch4_silence_4.wav,6000.0,6000.0,1412,16.7,0.326,2e-05,943.22,510.38,50.0,0.15,silence
data/annotated/test/silence/01-220419_1327_Ch4_silence_5.wav,6000.0,6000.0,1402,50.0,0.342,2e-05,944.41,507.73,50.0,0.15,silence
data/annotated/test/silence/01-220419_1327_Ch4_silence_6.wav,5044.97,5044.97,1182,25.0,0.306,1e-05,948.64,506.37,50.15,0.23,silence
data/annotated/test/silence/01-220419_1327_Ch4_silence_7.wav,6000.0,6000.0,1419,50.0,0.306,1e-05,956.16,507.05,50.0,0.18,silence
data/annotated/test/silence/01-220419_1327_Ch6_silence_1.wav,5854.32,5854.08,1385,16.7,0.529,7e-05,811.62,589.39,50.05,0.03,silence
data/annotated/test/silence/01-220419_1327_Ch6_silence_2.wav,5584.54,5584.54,1310,16.7,0.565,8e-05,813.7,587.41,50.14,0.04,silence
data/annotated/test/silence/01-220419_1327_Ch6_silence_3.wav,5530.57,5530.57,1283,25.0,0.491,7e-05,793.96,590.19,50.09,0.03,silence
data/annotated/test/silence/01-220419_1327_Ch6_silence_4.wav,6000.0,5999.69,1437,16.7,0.521,6e-05,813.05,589.01,50.0,0.03,silence
data/annotated/test/silence/01-220419_1327_Ch6_silence_5.wav,6000.0,6000.0,1428,16.7,0.531,6e-05,796.58,594.15,50.0,0.02,silence
data/annotated/test/silence/01-220419_1327_Ch6_silence_6.wav,6000.0,5999.73,1412,16.7,0.513,6e-05,803.52,590.76,50.0,0.03,silence
data/annotated/test/silence/01-220419_1327_Ch6_silence_7.wav,5854.32,5854.32,1419,16.7,0.532,6e-05,791.37,589.04,50.05,0.03,silence
data/annotated/test/silence/01-220419_1327_Ch6_silence_8.wav,6000.0,6000.0,671,400.0,0.413,7e-05,531.6,557.67,50.0,0.03,silence
data/annotated/test/silence/01-220419_1431_Ch4_silence_1.wav,171.0,171.0,43,48.8,0.234,1e-05,897.81,539.61,52.63,0.25,silence
data/annotated/test/silence/01-220419_1431_Ch4_silence_2.wav,3129.51,3129.51,717,50.0,0.278,1e-05,960.76,513.32,50.17,0.26,silence
data/annotated/test/silence/01-220419_1431_Ch4_silence_3.wav,2751.81,2751.81,603,16.7,0.299,1e-05,953.35,514.83,50.15,0.23,silence
data/annotated/test/silence/01-220419_1431_Ch4_silence_4.wav,5098.93,5098.93,1172,25.0,0.227,1e-05,962.44,506.57,50.01,0.24,silence
data/annotated/test/silence/01-220419_1431_Ch4_silence_5.wav,4262.59,4262.59,969,16.7,0.201,1e-05,964.36,507.01,50.2,0.32,silence
data/annotated/test/silence/01-220419_1431_Ch4_silence_6.wav,5881.3,5881.3,1331,16.7,0.175,1e-05,969.51,506.01,99.98,0.33,silence
data/annotated/test/silence/01-220419_1431_Ch4_silence_7.wav,6000.0,6000.0,1358,400.0,0.151,1e-05,963.68,510.29,50.0,0.29,silence
data/annotated/test/silence/01-220419_1431_Ch6_silence_1.wav,2589.94,2589.94,606,16.7,0.499,6e-05,835.94,590.81,50.19,0.06,silence
data/annotated/test/silence/01-220419_1431_Ch6_silence_2.wav,2643.9,2643.9,604,25.0,0.566,5e-05,850.06,583.66,50.3,0.07,silence
data/annotated/test/silence/01-220419_1431_Ch6_silence_3.wav,5233.82,5233.81,1201,25.0,0.564,5e-05,814.21,582.02,50.06,0.06,silence
data/annotated/test/silence/01-220419_1431_Ch6_silence_4.wav,3507.21,3507.21,802,16.7,0.606,4e-05,841.28,583.72,50.18,0.08,silence
data/annotated/test/silence/01-220419_1431_Ch6_silence_5.wav,2859.72,2859.72,654,16.7,0.603,4e-05,824.59,579.03,50.0,0.08,silence
data/annotated/test/silence/01-220419_1431_Ch6_silence_6.wav,2293.18,2293.18,526,25.0,0.543,4e-05,814.99,584.34,50.15,0.08,silence
data/annotated/test/silence/01-220419_1431_Ch6_silence_7.wav,2805.76,2805.76,614,16.7,0.557,3e-05,862.64,578.43,50.25,0.15,silence
data/annotated/test/silence/01-220419_1431_Ch6_silence_8.wav,2158.28,2158.28,478,50.0,0.542,3e-05,841.62,582.55,50.04,0.1,silence
data/annotated/test/silence/01-220420_1524_Ch4_silence_1.wav,3102.52,3102.48,687,25.0,0.246,1e-05,918.34,519.67,99.92,0.3,silence
data/annotated/test/silence/01-220420_1524_Ch4_silence_2.wav,5368.72,5368.72,1221,50.0,0.318,1e-05,932.96,506.33,50.11,0.27,silence
data/annotated/test/silence/01-220420_1524_Ch4_silence_3.wav,3938.85,3938.85,878,25.0,0.315,1e-05,931.67,511.15,50.01,0.24,silence
data/annotated/test/silence/01-220420_1524_Ch4_silence_4.wav,3776.98,3776.98,842,50.0,0.368,1e-05,927.75,513.26,50.04,0.23,silence
data/annotated/test/silence/01-220420_1524_Ch4_silence_5.wav,5584.54,5584.54,1253,400.0,0.095,1e-05,963.55,504.1,99.92,0.34,silence
data/annotated/test/silence/01-220420_1524_Ch4_silence_6.wav,6000.0,6000.0,1342,50.0,0.455,1e-05,941.0,509.05,50.0,0.17,silence
data/annotated/test/silence/01-220420_1524_Ch4_silence_7.wav,6000.0,6000.0,1347,25.0,0.345,1e-05,936.43,505.17,50.0,0.21,silence
data/annotated/test/silence/01-220420_1524_Ch4_silence_8.wav,3183.46,3183.46,716,400.0,0.153,1e-05,946.69,500.77,100.21,0.3,silence
data/annotated/test/silence/01-220420_1524_Ch6_silence_1.wav,4424.46,4424.46,913,12.5,0.543,4e-05,853.62,567.15,50.18,0.12,silence
data/annotated/test/silence/01-220420_1524_Ch6_silence_10.wav,3021.59,3021.59,644,25.0,0.614,5e-05,851.28,571.67,50.3,0.1,silence
data/annotated/test/silence/01-220420_1524_Ch6_silence_2.wav,1160.08,1160.08,189,400.0,0.265,2e-05,831.24,561.39,99.99,0.27,silence
data/annotated/test/silence/01-220420_1524_Ch6_silence_3.wav,1861.52,1861.52,292,400.0,0.184,2e-05,846.18,568.86,99.92,0.26,silence
data/annotated/test/silence/01-220420_1524_Ch6_silence_4.wav,1672.67,1672.67,352,25.0,0.726,5e-05,810.3,560.56,50.22,0.06,silence
data/annotated/test/silence/01-220420_1524_Ch6_silence_5.wav,1214.04,1214.04,259,25.0,0.742,5e-05,809.79,562.15,50.25,0.06,silence
data/annotated/test/silence/01-220420_1524_Ch6_silence_6.wav,2050.36,2050.36,433,50.0,0.722,5e-05,816.58,567.9,50.23,0.06,silence
data/annotated/test/silence/01-220420_1524_Ch6_silence_7.wav,3453.24,3453.24,731,16.7,0.736,4e-05,842.51,567.69,50.1,0.06,silence
data/annotated/test/silence/01-220420_1524_Ch6_silence_8.wav,4991.01,4991.01,1061,25.0,0.711,5e-05,844.12,566.37,50.09,0.06,silence
data/annotated/test/silence/01-220420_1524_Ch6_silence_9.wav,3129.5,3129.5,666,10.0,0.673,5e-05,833.59,570.59,50.17,0.05,silence
data/annotated/test/silence/01-220420_1545_Ch4_silence_1.wav,4343.53,4343.53,978,50.0,0.169,1e-05,943.41,505.22,99.92,0.31,silence
data/annotated/test/silence/01-220420_1545_Ch4_silence_2.wav,1996.41,1996.41,452,12.5,0.229,1e-05,932.91,512.78,50.09,0.27,silence
data/annotated/test/silence/01-220420_1545_Ch4_silence_3.wav,3264.4,3264.4,734,25.0,0.262,1e-05,937.62,504.85,99.87,0.28,silence
data/annotated/test/silence/01-220420_1545_Ch4_silence_4.wav,4559.35,4559.35,1031,400.0,0.165,1e-05,948.01,505.12,100.01,0.29,silence
data/annotated/test/silence/01-220420_1545_Ch4_silence_5.wav,3075.54,3075.54,686,400.0,0.174,1e-05,945.28,508.72,100.14,0.31,silence
data/annotated/test/silence/01-220420_1545_Ch4_silence_6.wav,3776.99,3776.99,853,400.0,0.1,1e-05,947.96,506.78,100.08,0.32,silence
data/annotated/test/silence/01-220420_1545_Ch4_silence_7.wav,3561.16,3561.16,789,400.0,0.15,1e-05,952.52,500.24,99.97,0.31,silence
data/annotated/test/silence/01-220420_1545_Ch4_silence_8.wav,2994.61,2994.61,680,400.0,0.18,1e-05,953.12,503.4,100.18,0.28,silence
data/annotated/test/silence/01-220420_1545_Ch4_silence_9.wav,1564.76,1564.76,354,25.0,0.243,1e-05,924.55,510.07,100.33,0.29,silence
data/annotated/test/silence/01-220420_1545_Ch6_silence_1.wav,3156.48,3156.48,671,16.7,0.466,3e-05,841.82,565.55,50.06,0.15,silence
data/annotated/test/silence/01-220420_1545_Ch6_silence_2.wav,2104.32,2104.32,303,50.0,0.394,3e-05,864.76,562.38,349.76,0.17,silence
data/annotated/test/silence/01-220420_1545_Ch6_silence_3.wav,4100.73,4100.73,896,12.5,0.394,3e-05,862.29,562.4,350.18,0.17,silence
data/annotated/test/silence/01-220420_1545_Ch6_silence_4.wav,3291.38,3291.38,659,6.2,0.351,3e-05,864.22,568.53,50.13,0.17,silence
data/annotated/test/silence/01-220420_1545_Ch6_silence_5.wav,3237.42,3237.42,674,25.0,0.54,3e-05,856.27,566.81,50.04,0.12,silence
data/annotated/test/silence/01-220420_1545_Ch6_silence_6.wav,3399.28,3399.28,753,16.7,0.494,3e-05,842.92,572.15,50.01,0.1,silence
data/annotated/test/silence/01-220420_1545_Ch6_silence_7.wav,5422.67,5422.67,1111,8.3,0.495,3e-05,863.75,567.15,350.01,0.16,silence
data/annotated/test/silence/01-220420_1545_Ch6_silence_8.wav,2509.0,2509.0,574,25.0,0.558,4e-05,852.89,570.3,50.22,0.1,silence
data/annotated/test/silence/01-220420_1545_Ch6_silence_9.wav,3345.32,3345.32,459,50.0,0.508,3e-05,855.86,567.6,50.22,0.14,silence
data/annotated/test/silence/01-220421_1151_Ch4_silence_1.wav,5368.71,5368.71,1226,400.0,0.163,1e-05,948.65,504.29,99.84,0.32,silence
data/annotated/test/silence/01-220421_1151_Ch4_silence_2.wav,4451.44,4451.44,1004,400.0,0.192,1e-05,933.85,507.37,50.1,0.28,silence
data/annotated/test/silence/01-220421_1151_Ch4_silence_3.wav,6000.0,6000.0,1383,16.7,0.265,1e-05,951.62,505.1,50.0,0.25,silence
data/annotated/test/silence/01-220421_1151_Ch4_silence_4.wav,5746.41,5746.41,1297,50.0,0.223,1e-05,937.1,508.65,50.12,0.29,silence
data/annotated/test/silence/01-220421_1151_Ch4_silence_5.wav,4694.25,4694.25,1052,400.0,0.211,1e-05,944.65,501.45,50.06,0.27,silence
data/annotated/test/silence/01-220421_1151_Ch4_silence_6.wav,6000.0,6000.0,1348,16.7,0.269,1e-05,934.79,510.54,50.0,0.24,silence
data/annotated/test/silence/01-220421_1151_Ch4_silence_7.wav,3750.01,3750.01,855,50.0,0.237,1e-05,919.53,511.9,50.13,0.25,silence
data/annotated/test/silence/01-220421_1151_Ch4_silence_8.wav,2832.74,2832.74,649,50.0,0.29,1e-05,928.95,509.59,50.13,0.24,silence
data/annotated/test/silence/01-220421_1151_Ch4_silence_9.wav,6000.0,6000.0,1352,25.0,0.24,1e-05,945.82,504.37,50.17,0.23,silence
data/annotated/test/silence/01-220421_1151_Ch6_silence_1.wav,3264.4,3264.4,721,16.7,0.424,4e-05,745.3,589.0,50.24,0.07,silence
data/annotated/test/silence/01-220421_1151_Ch6_silence_2.wav,3776.98,3776.2,777,16.7,0.412,4e-05,767.29,588.48,50.05,0.06,silence
data/annotated/test/silence/01-220421_1151_Ch6_silence_3.wav,4046.77,4046.77,804,400.0,0.382,4e-05,715.39,593.62,50.16,0.06,silence
data/annotated/test/silence/01-220421_1151_Ch6_silence_4.wav,3426.27,3420.6,141,400.0,0.636,4e-05,707.55,593.34,50.28,0.11,silence
data/annotated/test/silence/01-220421_1151_Ch6_silence_5.wav,4748.21,4747.98,856,400.0,0.425,4e-05,773.19,589.22,50.13,0.09,silence
data/annotated/test/silence/01-220421_1151_Ch6_silence_6.wav,3830.94,3830.76,737,400.0,0.433,4e-05,720.82,591.92,50.12,0.09,silence
data/annotated/test/silence/01-220421_1151_Ch6_silence_7.wav,6000.0,6000.0,1363,16.7,0.432,4e-05,781.72,588.41,50.0,0.05,silence
data/annotated/test/silence/01-220421_1151_Ch6_silence_8.wav,3561.16,3561.16,781,25.0,0.415,4e-05,782.16,587.85,50.26,0.1,silence
data/annotated/test/silence/01-220422_1139_Ch4_silence_1.wav,1861.52,1861.52,420,400.0,0.125,1e-05,953.7,505.9,99.92,0.31,silence
data/annotated/test/silence/01-220422_1139_Ch4_silence_2.wav,4937.05,4937.05,1028,400.0,0.143,1e-05,959.72,499.25,100.06,0.3,silence
data/annotated/test/silence/01-220422_1139_Ch4_silence_3.wav,4613.31,4613.31,1038,400.0,0.139,1e-05,950.67,498.07,100.14,0.29,silence
data/annotated/test/silence/01-220422_1139_Ch4_silence_4.wav,4667.28,4667.28,1000,400.0,0.205,1e-05,938.29,509.48,50.14,0.28,silence
data/annotated/test/silence/01-220422_1139_Ch4_silence_5.wav,6000.0,6000.0,1335,400.0,0.152,1e-05,963.71,503.84,100.17,0.3,silence
data/annotated/test/silence/01-220422_1139_Ch4_silence_6.wav,6000.0,6000.0,1354,16.7,0.156,1e-05,952.46,498.6,100.17,0.27,silence
data/annotated/test/silence/01-220422_1139_Ch4_silence_7.wav,4775.19,4775.19,1066,400.0,0.208,1e-05,909.73,515.4,50.05,0.26,silence
data/annotated/test/silence/01-220422_1139_Ch6_silence_1.wav,5611.52,5611.52,1155,10.0,0.337,3e-05,769.6,593.62,50.08,0.11,silence
data/annotated/test/silence/01-220422_1139_Ch6_silence_2.wav,5692.45,5692.45,1131,16.7,0.412,3e-05,788.19,592.94,50.07,0.11,silence
data/annotated/test/silence/01-220422_1139_Ch6_silence_3.wav,5044.97,5044.97,1032,16.7,0.424,2e-05,773.68,583.85,50.15,0.14,silence
data/annotated/test/silence/01-220422_1139_Ch6_silence_4.wav,701.45,701.45,140,142.9,0.501,4e-05,690.7,577.67,65.58,0.09,silence
data/annotated/test/silence/01-220422_1139_Ch6_silence_5.wav,917.27,917.27,169,142.9,0.528,4e-05,677.79,584.61,50.15,0.07,silence
data/annotated/test/silence/01-220422_1139_Ch6_silence_6.wav,4532.39,4532.04,496,400.0,0.493,9e-05,1008.96,476.9,50.09,0.26,silence
data/annotated/test/silence/01-220422_1139_Ch6_silence_7.wav,5773.39,5773.39,1305,5.6,0.38,3e-05,773.15,590.43,50.06,0.08,silence
data/annotated/test/silence/01-220422_1139_Ch6_silence_8.wav,5314.75,5314.75,921,400.0,0.518,4e-05,601.76,578.46,50.05,0.05,silence
data/annotated/test/silence/01-220425_1158_Ch4_silence_1.wav,3534.18,3534.18,784,400.0,0.151,1e-05,951.24,500.29,50.08,0.3,silence
data/annotated/test/silence/01-220425_1158_Ch4_silence_2.wav,6000.0,6000.0,1322,400.0,0.108,1e-05,950.55,496.6,50.0,0.3,silence
data/annotated/test/silence/01-220425_1158_Ch4_silence_3.wav,2913.68,2913.68,662,400.0,0.17,1e-05,940.97,498.73,50.11,0.29,silence
data/annotated/test/silence/01-220425_1158_Ch4_silence_4.wav,6000.0,6000.0,1341,8.3,0.147,1e-05,947.46,496.02,50.0,0.26,silence
data/annotated/test/silence/01-220425_1158_Ch4_silence_5.wav,4829.14,4829.14,1075,25.0,0.148,1e-05,937.56,495.45,50.11,0.29,silence
data/annotated/test/silence/01-220425_1158_Ch4_silence_6.wav,5125.91,5125.91,1144,400.0,0.17,1e-05,946.32,496.16,50.14,0.29,silence
data/annotated/test/silence/01-220425_1158_Ch4_silence_7.wav,6000.0,6000.0,1316,400.0,0.096,1e-05,948.92,492.03,50.0,0.31,silence
data/annotated/test/silence/01-220425_1158_Ch4_silence_8.wav,6000.0,6000.0,1301,400.0,0.114,1e-05,935.18,500.11,50.0,0.32,silence
data/annotated/test/silence/01-220425_1158_Ch4_silence_9.wav,4991.02,4991.02,1119,400.0,0.095,1e-05,945.76,495.76,99.98,0.32,silence
data/annotated/test/silence/01-220425_1158_Ch6_silence_1.wav,5881.3,5881.3,959,10.0,0.429,3e-05,785.58,581.26,50.16,0.15,silence
data/annotated/test/silence/01-220425_1158_Ch6_silence_10.wav,3075.55,3075.55,679,16.7,0.455,4e-05,780.8,584.12,50.07,0.07,silence
data/annotated/test/silence/01-220425_1158_Ch6_silence_2.wav,6000.0,5998.58,25,400.0,0.788,4e-05,577.6,578.96,50.01,0.05,silence
data/annotated/test/silence/01-220425_1158_Ch6_silence_3.wav,6000.0,6000.0,1192,10.0,0.424,3e-05,790.55,587.51,50.0,0.11,silence
data/annotated/test/silence/01-220425_1158_Ch6_silence_4.wav,6000.0,6000.0,883,50.0,0.402,4e-05,726.46,591.41,50.0,0.06,silence
data/annotated/test/silence/01-220425_1158_Ch6_silence_5.wav,6000.0,6000.0,1197,50.0,0.467,3e-05,779.72,589.42,50.0,0.06,silence
data/annotated/test/silence/01-220425_1158_Ch6_silence_6.wav,6000.0,6000.0,1309,8.3,0.441,3e-05,788.28,587.14,50.0,0.08,silence
data/annotated/test/silence/01-220425_1158_Ch6_silence_7.wav,5422.67,5422.67,1165,16.7,0.49,3e-05,800.54,583.9,50.16,0.13,silence
data/annotated/test/silence/01-220425_1158_Ch6_silence_8.wav,6000.0,6000.0,1321,16.7,0.461,3e-05,782.02,586.94,50.0,0.08,silence
data/annotated/test/silence/01-220425_1158_Ch6_silence_9.wav,3965.84,3965.84,847,16.7,0.41,3e-05,777.89,580.31,50.18,0.12,silence
data/annotated/test/silence/01-220425_1241_Ch4_silence_1.wav,6000.0,6000.0,1411,7.1,0.355,2e-05,927.24,507.53,50.0,0.11,silence
data/annotated/test/silence/01-220425_1241_Ch4_silence_2.wav,3884.91,3884.91,921,50.0,0.314,1e-05,940.74,500.4,50.19,0.19,silence
data/annotated/test/silence/01-220425_1241_Ch4_silence_3.wav,5908.28,5908.28,1406,50.0,0.312,1e-05,938.69,502.5,50.1,0.16,silence
data/annotated/test/silence/01-220425_1241_Ch4_silence_4.wav,6000.0,5999.95,1407,16.7,0.35,2e-05,926.93,505.46,50.0,0.11,silence
data/annotated/test/silence/01-220425_1241_Ch4_silence_5.wav,6000.0,6000.0,1414,16.7,0.329,2e-05,938.99,504.7,50.0,0.12,silence
data/annotated/test/silence/01-220425_1241_Ch4_silence_6.wav,3830.94,3830.94,900,50.0,0.355,2e-05,928.66,503.92,50.12,0.12,silence
data/annotated/test/silence/01-220425_1241_Ch4_silence_7.wav,6000.0,6000.0,1411,50.0,0.307,1e-05,951.9,498.63,50.0,0.18,silence
data/annotated/test/silence/01-220425_1241_Ch6_silence_1.wav,6000.0,6000.0,1296,16.7,0.509,8e-05,762.84,586.52,50.0,0.02,silence
data/annotated/test/silence/01-220425_1241_Ch6_silence_2.wav,6000.0,6000.0,1321,25.0,0.559,8e-05,768.06,590.81,50.0,0.01,silence
data/annotated/test/silence/01-220425_1241_Ch6_silence_3.wav,6000.0,6000.0,1300,16.7,0.514,8e-05,767.09,590.95,50.0,0.02,silence
data/annotated/test/silence/01-220425_1241_Ch6_silence_4.wav,5233.82,5233.82,1150,16.7,0.529,8e-05,755.63,588.65,50.06,0.02,silence
data/annotated/test/silence/01-220425_1241_Ch6_silence_5.wav,3021.59,3021.59,659,16.7,0.504,8e-05,778.7,582.13,50.3,0.04,silence
data/annotated/test/silence/01-220425_1241_Ch6_silence_6.wav,3830.95,3830.95,824,16.7,0.527,8e-05,747.84,591.72,50.12,0.02,silence
data/annotated/test/silence/01-220425_1241_Ch6_silence_7.wav,3588.14,3588.14,773,16.7,0.55,8e-05,758.42,589.08,50.17,0.02,silence
data/annotated/test/silence/01-220425_1241_Ch6_silence_8.wav,3857.92,3857.92,830,16.7,0.569,7e-05,746.2,591.66,50.03,0.02,silence
data/annotated/test/silence/01-220501_1022_Ch4_silence_1.wav,3673.09,3673.09,837,8.3,0.187,1e-05,943.09,508.28,50.09,0.26,silence
data/annotated/test/silence/01-220501_1022_Ch4_silence_2.wav,1686.11,1686.11,386,400.0,0.217,1e-05,935.17,504.35,50.41,0.27,silence
data/annotated/test/silence/01-220501_1022_Ch4_silence_3.wav,5762.27,5762.27,1291,10.0,0.216,1e-05,944.99,498.52,50.15,0.31,silence
data/annotated/test/silence/01-220501_1022_Ch4_silence_4.wav,4428.16,4428.16,1007,25.0,0.171,1e-05,944.6,497.53,50.13,0.28,silence
data/annotated/test/silence/01-220501_1022_Ch6_silence_1.wav,5626.02,5626.02,1283,7.1,0.527,4e-05,774.35,581.71,50.12,0.07,silence
data/annotated/test/silence/01-220501_1022_Ch6_silence_2.wav,5955.29,5955.29,1334,16.7,0.558,4e-05,775.28,581.35,50.04,0.05,silence
data/annotated/test/silence/01-220501_1022_Ch6_silence_3.wav,3877.48,3877.48,822,12.5,0.499,5e-05,731.01,580.3,50.03,0.05,silence
data/annotated/test/silence/01-220501_1022_Ch6_silence_4.wav,3712.83,3712.83,849,8.3,0.563,4e-05,769.58,576.89,50.1,0.05,silence
data/annotated/test/silence/01-220501_1105_Ch4_silence_1.wav,6000.0,6000.0,1315,400.0,0.158,1e-05,944.8,499.91,50.0,0.29,silence
data/annotated/test/silence/01-220501_1105_Ch4_silence_2.wav,5099.94,5099.94,1147,400.0,0.152,1e-05,945.56,500.53,50.0,0.26,silence
data/annotated/test/silence/01-220501_1105_Ch4_silence_3.wav,3123.99,3123.99,694,400.0,0.149,1e-05,949.13,500.69,50.26,0.31,silence
data/annotated/test/silence/01-220501_1105_Ch4_silence_4.wav,4371.39,4371.39,977,25.0,0.189,1e-05,920.58,510.88,50.1,0.28,silence
data/annotated/test/silence/01-220501_1105_Ch4_silence_5.wav,1987.0,1987.0,442,6.2,0.199,1e-05,925.31,509.81,50.33,0.3,silence
data/annotated/test/silence/01-220501_1105_Ch4_silence_6.wav,6000.0,6000.0,1312,400.0,0.193,1e-05,937.92,500.34,50.0,0.24,silence
data/annotated/test/silence/01-220501_1105_Ch4_silence_7.wav,6000.0,6000.0,1300,400.0,0.158,1e-05,935.97,500.42,50.0,0.25,silence
data/annotated/test/silence/01-220501_1105_Ch6_silence_1.wav,6000.0,6000.0,1322,8.3,0.493,4e-05,795.62,577.41,50.0,0.06,silence
data/annotated/test/silence/01-220501_1105_Ch6_silence_2.wav,6000.0,6000.0,1305,16.7,0.501,4e-05,770.2,579.69,50.0,0.06,silence
data/annotated/test/silence/01-220501_1105_Ch6_silence_3.wav,3488.56,3488.56,767,25.0,0.504,4e-05,785.66,583.96,50.16,0.07,silence
data/annotated/test/silence/01-220501_1105_Ch6_silence_4.wav,2330.64,2330.64,503,16.7,0.502,4e-05,762.21,574.79,50.2,0.07,silence
data/annotated/test/silence/01-220501_1105_Ch6_silence_5.wav,2168.38,2168.38,472,8.3,0.506,4e-05,758.63,574.83,50.27,0.07,silence
data/annotated/test/silence/01-220501_1105_Ch6_silence_6.wav,3038.67,3038.67,670,12.5,0.594,4e-05,776.71,579.51,50.02,0.05,silence
data/annotated/test/silence/01-220501_1105_Ch6_silence_7.wav,3643.46,3643.46,844,50.0,0.517,4e-05,779.86,579.17,50.23,0.09,silence
data/annotated/test/silence/01-220501_1105_Ch6_silence_8.wav,2072.5,2072.5,453,12.5,0.429,4e-05,740.36,576.12,50.18,0.07,silence
data/annotated/test/silence/01-220503_1521_Ch4_silence_1.wav,2170.51,2170.51,490,50.0,0.343,1e-05,933.9,545.26,50.22,0.26,silence
data/annotated/test/silence/01-220503_1521_Ch4_silence_2.wav,2407.1,2407.1,430,6.2,0.397,1e-05,949.98,526.96,50.27,0.25,silence
data/annotated/test/silence/01-220503_1521_Ch4_silence_3.wav,982.39,982.39,219,50.0,0.42,1e-05,912.79,533.48,50.9,0.25,silence
data/annotated/test/silence/01-220503_1521_Ch4_silence_4.wav,869.24,869.24,192,16.7,0.414,1e-05,920.96,539.09,50.62,0.23,silence
data/annotated/test/silence/01-220503_1521_Ch4_silence_5.wav,2581.98,2581.98,557,12.5,0.425,1e-05,920.58,534.07,50.35,0.26,silence
data/annotated/test/silence/01-220503_1521_Ch4_silence_6.wav,1759.04,1759.04,404,50.0,0.412,1e-05,918.88,540.51,50.03,0.18,silence
data/annotated/test/silence/01-220503_1521_Ch4_silence_7.wav,2103.65,2103.65,471,16.7,0.331,1e-05,949.46,522.88,50.39,0.3,silence
data/annotated/test/silence/01-220503_1521_Ch6_silence_1.wav,4140.42,4140.42,844,50.0,0.626,4e-05,848.32,561.65,149.98,0.11,silence
data/annotated/test/silence/01-220503_1521_Ch6_silence_2.wav,3106.6,3106.6,655,7.1,0.627,4e-05,844.92,566.34,56.98,0.09,silence
data/annotated/test/silence/01-220503_1521_Ch6_silence_3.wav,2412.25,2412.25,506,25.0,0.657,3e-05,849.68,556.72,50.16,0.11,silence
data/annotated/test/silence/01-220503_1521_Ch6_silence_4.wav,1203.55,1203.55,249,25.0,0.632,3e-05,837.85,545.01,149.56,0.13,silence
data/annotated/test/silence/01-220503_1521_Ch6_silence_5.wav,1404.15,1404.15,315,50.0,0.676,5e-05,844.61,553.34,50.56,0.09,silence
data/annotated/test/vocal/01-220217_1037_Ch4_vocal_1.wav,675.75,673.6,119,400.0,0.739,2e-05,670.69,549.51,99.46,0.13,vocal
data/annotated/test/vocal/01-220217_1037_Ch4_vocal_10.wav,129.52,129.52,29,400.0,0.714,2e-05,654.72,558.38,92.65,0.1,vocal
data/annotated/test/vocal/01-220217_1037_Ch4_vocal_11.wav,89.97,89.82,20,400.0,0.688,2e-05,589.5,540.45,89.06,0.1,vocal
data/annotated/test/vocal/01-220217_1037_Ch4_vocal_12.wav,327.97,327.97,75,250.0,0.333,2e-05,699.51,531.28,100.62,0.16,vocal
data/annotated/test/vocal/01-220217_1037_Ch4_vocal_13.wav,216.03,216.03,52,400.0,0.578,2e-05,705.91,558.54,101.84,0.14,vocal
data/annotated/test/vocal/01-220217_1037_Ch4_vocal_14.wav,723.07,722.84,149,250.0,0.631,2e-05,671.35,545.98,112.06,0.11,vocal
data/annotated/test/vocal/01-220217_1037_Ch4_vocal_15.wav,96.02,96.02,20,400.0,0.469,2e-05,641.42,542.11,93.73,0.14,vocal
data/annotated/test/vocal/01-220217_1037_Ch4_vocal_16.wav,35.18,35.18,8,181.8,0.161,1e-05,717.6,510.49,341.13,0.29,vocal
data/annotated/test/vocal/01-220217_1037_Ch4_vocal_17.wav,61.78,61.78,15,38.5,0.366,2e-05,637.43,555.97,129.49,0.13,vocal
data/annotated/test/vocal/01-220217_1037_Ch4_vocal_18.wav,376.35,376.35,85,400.0,0.405,1e-05,793.18,535.78,100.97,0.19,vocal
data/annotated/test/vocal/01-220217_1037_Ch4_vocal_19.wav,40.46,28.03,6,400.0,0.255,0.00013,616.83,353.04,463.77,0.07,vocal
data/annotated/test/vocal/01-220217_1037_Ch4_vocal_2.wav,90.34,90.34,21,285.7,0.35,2e-05,699.57,558.68,110.69,0.17,vocal
data/annotated/test/vocal/01-220217_1037_Ch4_vocal_3.wav,49.23,49.09,11,400.0,0.749,3e-05,518.15,507.58,101.85,0.06,vocal
data/annotated/test/vocal/01-220217_1037_Ch4_vocal_4.wav,120.02,120.02,27,400.0,0.631,3e-05,602.22,555.53,83.32,0.06,vocal
data/annotated/test/vocal/01-220217_1037_Ch4_vocal_5.wav,114.02,114.02,26,400.0,0.708,2e-05,665.32,563.21,114.01,0.09,vocal
data/annotated/test/vocal/01-220217_1037_Ch4_vocal_6.wav,139.03,139.03,30,400.0,0.686,2e-05,724.38,547.38,93.5,0.13,vocal
data/annotated/test/vocal/01-220217_1037_Ch4_vocal_7.wav,62.01,62.01,16,400.0,0.398,2e-05,573.96,523.02,96.76,0.09,vocal
data/annotated/test/vocal/01-220217_1037_Ch4_vocal_8.wav,60.01,60.01,12,400.0,0.788,3e-05,547.68,542.82,99.98,0.03,vocal
data/annotated/test/vocal/01-220217_1037_Ch4_vocal_9.wav,134.02,134.02,27,400.0,0.731,2e-05,720.71,553.45,104.46,0.17,vocal
data/annotated/test/vocal/01-220217_1120_Ch4_vocal_1.wav,143.64,143.22,28,400.0,0.789,3e-05,524.57,559.66,62.84,0.03,vocal
data/annotated/test/vocal/01-220217_1120_Ch4_vocal_2.wav,35.22,34.11,3,400.0,0.71,0.00026,204.31,273.78,58.63,0.0,vocal
data/annotated/test/vocal/01-220217_1120_Ch4_vocal_3.wav,76.61,76.61,18,400.0,0.586,2e-05,674.2,574.1,104.42,0.13,vocal
data/annotated/test/vocal/01-220218_1108_Ch4_vocal_1.wav,361.24,360.81,39,400.0,0.656,2e-05,663.49,549.34,99.77,0.14,vocal
data/annotated/test/vocal/01-220218_1108_Ch4_vocal_2.wav,136.94,136.94,25,400.0,0.752,2e-05,582.2,561.86,102.24,0.06,vocal
data/annotated/test/vocal/01-220218_1108_Ch4_vocal_3.wav,63.01,62.92,13,400.0,0.737,3e-05,478.3,523.58,79.47,0.03,vocal
data/annotated/test/vocal/01-220218_1108_Ch4_vocal_4.wav,136.94,134.52,21,400.0,0.799,3e-05,459.75,534.46,66.9,0.03,vocal
data/annotated/test/vocal/01-220218_1108_Ch4_vocal_5.wav,123.5,123.24,21,400.0,0.886,3e-05,515.15,551.1,73.03,0.03,vocal
data/annotated/test/vocal/01-220218_1151_Ch4_vocal_1.wav,202.53,201.46,32,400.0,0.863,3e-05,613.98,567.0,59.57,0.08,vocal
data/annotated/test/vocal/01-220218_1151_Ch4_vocal_2.wav,6000.0,5999.73,1257,50.0,0.642,1e-05,880.12,523.67,100.0,0.16,vocal
data/annotated/test/vocal/01-220218_1151_Ch4_vocal_3.wav,6000.0,6000.0,1282,50.0,0.644,1e-05,863.53,521.53,100.0,0.16,vocal
data/annotated/test/vocal/01-220218_1151_Ch4_vocal_4.wav,5300.86,5300.86,1127,50.0,0.721,1e-05,898.53,522.04,99.98,0.2,vocal
data/annotated/test/vocal/01-220218_1151_Ch4_vocal_5.wav,98.11,98.11,24,400.0,0.566,2e-05,679.21,571.16,122.31,0.11,vocal
data/annotated/test/vocal/01-220218_1234_Ch4_vocal_1.wav,82.81,81.78,16,400.0,0.708,2e-05,564.93,549.17,97.82,0.07,vocal
data/annotated/test/vocal/01-220218_1234_Ch4_vocal_2.wav,48.04,48.04,10,400.0,0.354,1e-05,683.46,532.33,145.71,0.22,vocal
data/annotated/test/vocal/01-220218_1234_Ch4_vocal_3.wav,157.33,157.25,35,400.0,0.662,2e-05,642.88,583.57,63.59,0.08,vocal
data/annotated/test/vocal/01-220218_1234_Ch4_vocal_4.wav,151.67,151.67,30,400.0,0.857,3e-05,551.28,561.82,72.53,0.03,vocal
data/annotated/test/vocal/01-220218_1234_Ch4_vocal_5.wav,114.27,114.27,26,400.0,0.838,2e-05,588.71,563.77,78.76,0.07,vocal
data/annotated/test/vocal/01-220218_1234_Ch4_vocal_6.wav,112.62,112.62,26,400.0,0.618,2e-05,660.82,572.34,62.15,0.1,vocal
data/annotated/test/vocal/01-220218_1234_Ch4_vocal_7.wav,105.99,105.99,24,400.0,0.799,3e-05,557.03,557.76,75.48,0.03,vocal
data/annotated/test/vocal/01-220218_1234_Ch4_vocal_8.wav,119.01,119.01,28,400.0,0.58,2e-05,675.08,570.63,100.83,0.12,vocal
data/annotated/test/vocal/01-220224_1243_Ch4_vocal_1.wav,75.39,75.36,13,222.2,0.476,2e-05,603.59,470.31,132.69,0.13,vocal
data/annotated/test/vocal/01-220224_1243_Ch4_vocal_10.wav,96.97,96.97,23,400.0,0.431,1e-05,746.28,557.35,103.13,0.22,vocal
data/annotated/test/vocal/01-220224_1243_Ch4_vocal_11.wav,117.67,117.67,26,400.0,0.36,2e-05,618.72,533.12,101.98,0.15,vocal
data/annotated/test/vocal/01-220224_1243_Ch4_vocal_12.wav,80.4,80.1,16,400.0,0.824,4e-05,464.83,534.28,62.42,0.02,vocal
data/annotated/test/vocal/01-220224_1243_Ch4_vocal_13.wav,68.21,67.77,13,400.0,0.795,3e-05,479.05,539.07,73.78,0.03,vocal
data/annotated/test/vocal/01-220224_1243_Ch4_vocal_14.wav,96.09,96.07,20,400.0,0.533,2e-05,672.58,569.49,62.45,0.1,vocal
data/annotated/test/vocal/01-220224_1243_Ch4_vocal_15.wav,55.08,54.66,10,400.0,0.655,3e-05,454.37,521.4,73.18,0.04,vocal
data/annotated/test/vocal/01-220224_1243_Ch4_vocal_16.wav,317.47,316.84,71,16.8,0.502,1e-05,758.46,543.46,101.0,0.15,vocal
data/annotated/test/vocal/01-220224_1243_Ch4_vocal_17.wav,94.74,94.35,23,400.0,0.481,2e-05,593.4,580.01,63.59,0.07,vocal
data/annotated/test/vocal/01-220224_1243_Ch4_vocal_18.wav,437.79,437.79,101,16.7,0.572,1e-05,806.43,543.75,100.5,0.15,vocal
data/annotated/test/vocal/01-220224_1243_Ch4_vocal_19.wav,261.53,261.53,56,50.0,0.581,1e-05,786.72,546.6,99.41,0.22,vocal
data/annotated/test/vocal/01-220224_1243_Ch4_vocal_2.wav,46.1,46.1,11,400.0,0.517,2e-05,575.66,571.53,108.45,0.05,vocal
data/annotated/test/vocal/01-220224_1243_Ch4_vocal_20.wav,76.82,76.82,17,400.0,0.444,2e-05,628.3,554.86,91.12,0.11,vocal
data/annotated/test/vocal/01-220224_1243_Ch4_vocal_21.wav,129.33,128.6,29,400.0,0.71,2e-05,657.3,580.3,93.31,0.12,vocal
data/annotated/test/vocal/01-220224_1243_Ch4_vocal_22.wav,131.54,131.2,28,400.0,0.674,2e-05,619.51,576.87,91.46,0.09,vocal
data/annotated/test/vocal/01-220224_1243_Ch4_vocal_23.wav,75.59,75.59,17,400.0,0.454,2e-05,642.25,563.15,105.83,0.12,vocal
data/annotated/test/vocal/01-220224_1243_Ch4_vocal_24.wav,39.76,39.76,8,71.4,0.304,1e-05,651.97,585.8,75.45,0.18,vocal
data/annotated/test/vocal/01-220224_1243_Ch4_vocal_25.wav,1016.92,1016.92,226,16.7,0.702,1e-05,855.26,541.58,100.3,0.15,vocal
data/annotated/test/vocal/01-220224_1243_Ch4_vocal_26.wav,1046.36,1046.36,215,16.7,0.701,1e-05,868.34,543.75,100.35,0.19,vocal
data/annotated/test/vocal/01-220224_1243_Ch4_vocal_27.wav,2292.95,2292.54,468,16.7,0.72,1e-05,873.32,535.67,50.16,0.14,vocal
data/annotated/test/vocal/01-220224_1243_Ch4_vocal_3.wav,19.08,19.08,4,400.0,0.593,2e-05,600.25,537.64,104.8,0.14,vocal
data/annotated/test/vocal/01-220224_1243_Ch4_vocal_4.wav,92.65,92.65,22,400.0,0.516,2e-05,628.17,576.07,97.14,0.09,vocal
data/annotated/test/vocal/01-220224_1243_Ch4_vocal_5.wav,87.43,85.89,18,400.0,0.646,2e-05,562.27,539.63,128.08,0.07,vocal
data/annotated/test/vocal/01-220224_1243_Ch4_vocal_6.wav,46.33,46.28,8,400.0,0.376,2e-05,510.85,476.97,151.25,0.09,vocal
data/annotated/test/vocal/01-220224_1243_Ch4_vocal_7.wav,121.38,121.04,22,400.0,0.812,3e-05,493.81,531.45,66.09,0.03,vocal
data/annotated/test/vocal/01-220224_1243_Ch4_vocal_8.wav,100.83,100.45,22,400.0,0.638,4e-05,530.99,537.0,59.73,0.05,vocal
data/annotated/test/vocal/01-220224_1243_Ch4_vocal_9.wav,122.34,121.92,28,400.0,0.462,1e-05,737.99,557.5,98.43,0.24,vocal
data/annotated/test/vocal/01-220301_1413_Ch4_vocal_1.wav,40.09,40.09,9,400.0,0.597,3e-05,599.8,562.23,99.77,0.05,vocal
data/annotated/test/vocal/01-220301_1413_Ch4_vocal_10.wav,25.91,25.91,7,400.0,0.545,5e-05,726.24,551.23,77.2,0.2,vocal
data/annotated/test/vocal/01-220301_1413_Ch4_vocal_100.wav,43.34,43.34,10,400.0,0.383,5e-05,463.56,483.52,115.36,0.03,vocal
data/annotated/test/vocal/01-220301_1413_Ch4_vocal_101.wav,113.67,113.67,26,50.0,0.341,3e-05,675.01,544.26,52.79,0.1,vocal
data/annotated/test/vocal/01-220301_1413_Ch4_vocal_102.wav,42.8,42.8,10,400.0,0.283,4e-05,591.78,542.38,93.45,0.07,vocal
data/annotated/test/vocal/01-220301_1413_Ch4_vocal_103.wav,66.24,66.05,15,400.0,0.671,4e-05,621.28,557.88,60.56,0.07,vocal
data/annotated/test/vocal/01-220301_1413_Ch4_vocal_104.wav,50.71,50.71,12,400.0,0.578,4e-05,521.29,530.42,98.6,0.04,vocal
data/annotated/test/vocal/01-220301_1413_Ch4_vocal_105.wav,17.86,17.86,5,400.0,0.31,4e-05,490.74,514.52,111.95,0.07,vocal
data/annotated/test/vocal/01-220301_1413_Ch4_vocal_106.wav,33.26,33.26,8,400.0,0.429,2e-05,592.68,516.27,120.26,0.1,vocal
data/annotated/test/vocal/01-220301_1413_Ch4_vocal_107.wav,50.71,50.52,13,400.0,0.548,3e-05,518.91,529.31,59.38,0.05,vocal
data/annotated/test/vocal/01-220301_1413_Ch4_vocal_108.wav,64.2,64.2,15,400.0,0.549,3e-05,690.47,574.28,62.31,0.12,vocal
data/annotated/test/vocal/01-220301_1413_Ch4_vocal_109.wav,81.09,81.09,18,400.0,0.378,3e-05,718.44,527.09,61.66,0.15,vocal
data/annotated/test/vocal/01-220301_1413_Ch4_vocal_11.wav,42.25,42.25,9,400.0,0.444,4e-05,617.94,537.61,71.01,0.1,vocal
data/annotated/test/vocal/01-220301_1413_Ch4_vocal_110.wav,54.93,54.93,11,400.0,0.519,3e-05,594.5,541.71,54.62,0.09,vocal
data/annotated/test/vocal/01-220301_1413_Ch4_vocal_111.wav,44.43,43.83,9,400.0,0.511,3e-05,698.01,527.25,68.44,0.17,vocal
data/annotated/test/vocal/01-220301_1413_Ch4_vocal_112.wav,35.17,34.96,9,400.0,0.363,3e-05,582.62,541.78,114.42,0.1,vocal
data/annotated/test/vocal/01-220301_1413_Ch4_vocal_113.wav,60.24,60.24,16,400.0,0.606,3e-05,770.81,557.77,66.4,0.17,vocal
data/annotated/test/vocal/01-220301_1413_Ch4_vocal_114.wav,65.43,65.04,14,400.0,0.515,3e-05,643.41,563.7,61.5,0.08,vocal
data/annotated/test/vocal/01-220301_1413_Ch4_vocal_115.wav,52.06,52.06,11,400.0,0.561,3e-05,604.1,539.36,57.62,0.08,vocal
data/annotated/test/vocal/01-220301_1413_Ch4_vocal_116.wav,29.5,29.5,7,71.4,0.201,3e-05,626.64,503.14,135.59,0.13,vocal
data/annotated/test/vocal/01-220301_1413_Ch4_vocal_117.wav,71.31,71.31,14,400.0,0.587,4e-05,620.6,579.76,56.09,0.08,vocal
data/annotated/test/vocal/01-220301_1413_Ch4_vocal_118.wav,63.8,63.8,15,400.0,0.647,3e-05,670.97,546.78,62.69,0.12,vocal
data/annotated/test/vocal/01-220301_1413_Ch4_vocal_119.wav,45.69,45.69,11,400.0,0.358,4e-05,496.19,515.34,109.44,0.05,vocal
data/annotated/test/vocal/01-220301_1413_Ch4_vocal_12.wav,30.27,30.27,7,400.0,0.379,4e-05,565.5,536.71,99.11,0.1,vocal
data/annotated/test/vocal/01-220301_1413_Ch4_vocal_120.wav,49.35,49.35,10,400.0,0.497,4e-05,470.47,508.45,101.31,0.04,vocal
data/annotated/test/vocal/01-220301_1413_Ch4_vocal_121.wav,51.67,51.67,12,400.0,0.509,3e-05,576.67,550.94,58.06,0.07,vocal
data/annotated/test/vocal/01-220301_1413_Ch4_vocal_122.wav,46.06,46.06,13,400.0,0.435,3e-05,667.95,553.01,108.55,0.11,vocal
data/annotated/test/vocal/01-220301_1413_Ch4_vocal_123.wav,35.47,35.47,10,400.0,0.234,3e-05,623.15,536.61,112.78,0.12,vocal
data/annotated/test/vocal/01-220301_1413_Ch4_vocal_124.wav,63.42,63.42,14,400.0,0.487,3e-05,669.86,551.7,63.07,0.11,vocal
data/annotated/test/vocal/01-220301_1413_Ch4_vocal_125.wav,38.94,38.94,10,400.0,0.227,3e-05,649.99,550.95,102.73,0.14,vocal
data/annotated/test/vocal/01-220301_1413_Ch4_vocal_126.wav,42.02,42.02,10,50.0,0.273,4e-05,687.79,563.58,95.19,0.11,vocal
data/annotated/test/vocal/01-220301_1413_Ch4_vocal_127.wav,56.09,56.09,13,400.0,0.589,3e-05,647.98,555.36,53.48,0.11,vocal
data/annotated/test/vocal/01-220301_1413_Ch4_vocal_128.wav,67.66,67.66,14,400.0,0.489,4e-05,551.47,531.29,59.12,0.06,vocal
data/annotated/test/vocal/01-220301_1413_Ch4_vocal_129.wav,53.01,53.01,11,400.0,0.58,3e-05,647.32,569.83,56.59,0.11,vocal
data/annotated/test/vocal/01-220301_1413_Ch4_vocal_13.wav,52.89,52.89,12,400.0,0.497,3e-05,666.5,574.52,56.73,0.13,vocal
data/annotated/test/vocal/01-220301_1413_Ch4_vocal_130.wav,70.88,70.88,15,71.4,0.261,5e-05,491.01,501.02,126.98,0.06,vocal
data/annotated/test/vocal/01-220301_1413_Ch4_vocal_131.wav,399.51,399.51,95,100.0,0.408,3e-05,680.62,559.59,50.06,0.06,vocal
data/annotated/test/vocal/01-220301_1413_Ch4_vocal_132.wav,114.88,114.88,26,400.0,0.476,3e-05,646.51,544.97,52.23,0.09,vocal
data/annotated/test/vocal/01-220301_1413_Ch4_vocal_133.wav,41.65,41.65,10,400.0,0.274,3e-05,708.27,553.77,72.04,0.19,vocal
data/annotated/test/vocal/01-220301_1413_Ch4_vocal_134.wav,32.77,32.77,9,400.0,0.205,2e-05,642.81,544.67,61.03,0.13,vocal
data/annotated/test/vocal/01-220301_1413_Ch4_vocal_135.wav,39.71,39.71,9,400.0,0.353,3e-05,582.03,542.75,100.73,0.11,vocal
data/annotated/test/vocal/01-220301_1413_Ch4_vocal_136.wav,53.2,53.2,13,400.0,0.655,3e-05,660.79,566.93,56.39,0.1,vocal
data/annotated/test/vocal/01-220301_1413_Ch4_vocal_137.wav,30.75,30.75,8,400.0,0.494,3e-05,627.06,531.03,65.04,0.12,vocal
data/annotated/test/vocal/01-220301_1413_Ch4_vocal_138.wav,40.34,40.34,9,400.0,0.334,2e-05,648.84,524.95,74.36,0.17,vocal
data/annotated/test/vocal/01-220301_1413_Ch4_vocal_139.wav,45.8,45.8,11,400.0,0.548,2e-05,684.2,543.82,109.17,0.16,vocal
data/annotated/test/vocal/01-220301_1413_Ch4_vocal_14.wav,29.99,29.99,8,400.0,0.602,3e-05,549.32,540.26,66.69,0.06,vocal
data/annotated/test/vocal/01-220301_1413_Ch4_vocal_140.wav,78.5,78.5,18,400.0,0.344,2e-05,743.57,552.12,50.96,0.16,vocal
data/annotated/test/vocal/01-220301_1413_Ch4_vocal_141.wav,25.35,25.35,6,133.3,0.305,2e-05,748.72,589.64,118.32,0.21,vocal
data/annotated/test/vocal/01-220301_1413_Ch4_vocal_142.wav,52.61,52.61,10,400.0,0.56,3e-05,656.83,531.13,57.02,0.12,vocal
data/annotated/test/vocal/01-220301_1413_Ch4_vocal_143.wav,44.17,44.17,11,400.0,0.302,3e-05,696.6,545.26,113.21,0.17,vocal
data/annotated/test/vocal/01-220301_1413_Ch4_vocal_144.wav,34.07,34.07,7,400.0,0.342,3e-05,705.5,543.06,117.4,0.22,vocal
data/annotated/test/vocal/01-220301_1413_Ch4_vocal_145.wav,37.07,37.07,10,400.0,0.564,3e-05,680.51,542.01,107.9,0.14,vocal
data/annotated/test/vocal/01-220301_1413_Ch4_vocal_146.wav,37.35,37.2,9,400.0,0.424,3e-05,660.04,543.2,53.77,0.17,vocal
data/annotated/test/vocal/01-220301_1413_Ch4_vocal_147.wav,40.9,40.9,9,400.0,0.333,3e-05,745.63,518.95,97.81,0.23,vocal
data/annotated/test/vocal/01-220301_1413_Ch4_vocal_148.wav,54.8,54.8,13,400.0,0.611,3e-05,534.71,528.94,54.74,0.06,vocal
data/annotated/test/vocal/01-220301_1413_Ch4_vocal_149.wav,67.6,67.6,15,400.0,0.323,3e-05,640.15,553.01,59.17,0.1,vocal
data/annotated/test/vocal/01-220301_1413_Ch4_vocal_15.wav,12.55,12.55,4,95.2,0.153,3e-05,622.18,478.67,79.67,0.17,vocal
data/annotated/test/vocal/01-220301_1413_Ch4_vocal_150.wav,30.26,30.26,7,400.0,0.302,3e-05,610.79,530.29,66.09,0.15,vocal
data/annotated/test/vocal/01-220301_1413_Ch4_vocal_151.wav,32.71,32.71,8,400.0,0.477,3e-05,578.31,540.78,61.15,0.09,vocal
data/annotated/test/vocal/01-220301_1413_Ch4_vocal_152.wav,39.8,39.57,8,400.0,0.376,3e-05,617.16,535.37,101.08,0.1,vocal
data/annotated/test/vocal/01-220301_1413_Ch4_vocal_153.wav,43.62,43.62,11,400.0,0.477,4e-05,599.85,544.37,91.69,0.07,vocal
data/annotated/test/vocal/01-220301_1413_Ch4_vocal_154.wav,44.17,44.17,11,400.0,0.344,3e-05,597.09,541.85,113.21,0.09,vocal
data/annotated/test/vocal/01-220301_1413_Ch4_vocal_155.wav,25.36,25.36,6,66.7,0.321,3e-05,665.8,551.85,78.85,0.18,vocal
data/annotated/test/vocal/01-220301_1413_Ch4_vocal_156.wav,77.96,77.68,19,400.0,0.438,3e-05,617.09,554.02,51.5,0.11,vocal
data/annotated/test/vocal/01-220301_1413_Ch4_vocal_157.wav,46.34,46.34,12,400.0,0.457,3e-05,794.51,648.21,86.31,0.19,vocal
data/annotated/test/vocal/01-220301_1413_Ch4_vocal_158.wav,40.89,40.89,10,400.0,0.498,4e-05,618.1,541.14,97.83,0.1,vocal
data/annotated/test/vocal/01-220301_1413_Ch4_vocal_159.wav,45.53,45.53,11,400.0,0.523,3e-05,580.88,534.13,87.85,0.09,vocal
data/annotated/test/vocal/01-220301_1413_Ch4_vocal_16.wav,38.17,38.17,11,400.0,0.289,3e-05,700.4,564.64,52.4,0.15,vocal
data/annotated/test/vocal/01-220301_1413_Ch4_vocal_160.wav,43.34,43.34,11,48.8,0.276,3e-05,691.19,541.04,69.21,0.17,vocal
data/annotated/test/vocal/01-220301_1413_Ch4_vocal_161.wav,39.8,39.74,10,400.0,0.592,2e-05,709.81,553.88,50.33,0.18,vocal
data/annotated/test/vocal/01-220301_1413_Ch4_vocal_162.wav,31.35,31.35,6,400.0,0.27,3e-05,703.12,548.59,95.68,0.22,vocal
data/annotated/test/vocal/01-220301_1413_Ch4_vocal_163.wav,65.5,65.5,15,400.0,0.485,3e-05,745.7,524.16,61.07,0.21,vocal
data/annotated/test/vocal/01-220301_1413_Ch4_vocal_164.wav,79.32,79.32,16,400.0,0.453,3e-05,657.97,572.91,50.43,0.11,vocal
data/annotated/test/vocal/01-220301_1413_Ch4_vocal_165.wav,40.34,40.34,9,400.0,0.403,2e-05,685.17,552.21,99.15,0.17,vocal
data/annotated/test/vocal/01-220301_1413_Ch4_vocal_17.wav,48.52,48.52,12,400.0,0.571,3e-05,673.32,559.38,103.05,0.12,vocal
data/annotated/test/vocal/01-220301_1413_Ch4_vocal_18.wav,79.05,79.05,19,400.0,0.612,3e-05,766.01,617.32,50.6,0.12,vocal
data/annotated/test/vocal/01-220301_1413_Ch4_vocal_19.wav,40.62,40.62,9,400.0,0.249,3e-05,682.12,547.65,98.46,0.16,vocal
data/annotated/test/vocal/01-220301_1413_Ch4_vocal_2.wav,137.23,137.23,29,400.0,0.747,4e-05,555.01,538.82,87.44,0.04,vocal
data/annotated/test/vocal/01-220301_1413_Ch4_vocal_20.wav,8.47,8.47,2,153.8,0.052,3e-05,712.63,547.13,118.08,0.18,vocal
data/annotated/test/vocal/01-220301_1413_Ch4_vocal_21.wav,92.68,92.59,17,400.0,0.331,4e-05,604.36,527.37,54.0,0.09,vocal
data/annotated/test/vocal/01-220301_1413_Ch4_vocal_22.wav,342.29,335.74,45,74.1,0.622,0.00014,309.16,384.06,125.1,0.01,vocal
data/annotated/test/vocal/01-220301_1413_Ch4_vocal_23.wav,35.48,35.48,9,400.0,0.287,3e-05,658.71,550.58,56.37,0.16,vocal
data/annotated/test/vocal/01-220301_1413_Ch4_vocal_24.wav,34.7,34.7,8,222.2,0.419,3e-05,619.21,530.12,57.64,0.14,vocal
data/annotated/test/vocal/01-220301_1413_Ch4_vocal_25.wav,26.22,26.22,6,285.7,0.193,3e-05,668.06,507.09,76.28,0.2,vocal
data/annotated/test/vocal/01-220301_1413_Ch4_vocal_26.wav,29.7,29.7,9,400.0,0.482,3e-05,631.23,544.96,67.34,0.11,vocal
data/annotated/test/vocal/01-220301_1413_Ch4_vocal_27.wav,37.78,37.78,9,400.0,0.591,2e-05,637.55,553.18,52.94,0.15,vocal
data/annotated/test/vocal/01-220301_1413_Ch4_vocal_28.wav,26.99,26.99,6,400.0,0.267,2e-05,718.17,542.97,74.1,0.26,vocal
data/annotated/test/vocal/01-220301_1413_Ch4_vocal_29.wav,42.79,42.79,10,400.0,0.662,4e-05,589.01,529.2,116.85,0.07,vocal
data/annotated/test/vocal/01-220301_1413_Ch4_vocal_3.wav,39.32,39.32,10,400.0,0.382,3e-05,678.06,530.39,50.86,0.15,vocal
data/annotated/test/vocal/01-220301_1413_Ch4_vocal_30.wav,43.96,43.96,10,400.0,0.66,4e-05,593.81,553.2,113.74,0.07,vocal
data/annotated/test/vocal/01-220301_1413_Ch4_vocal_31.wav,53.98,53.98,13,400.0,0.523,3e-05,650.68,554.81,55.58,0.1,vocal
data/annotated/test/vocal/01-220301_1413_Ch4_vocal_32.wav,35.47,35.47,10,400.0,0.508,4e-05,627.45,563.91,56.39,0.1,vocal
data/annotated/test/vocal/01-220301_1413_Ch4_vocal_33.wav,43.96,43.96,12,400.0,0.54,3e-05,715.61,521.04,68.25,0.17,vocal
data/annotated/test/vocal/01-220301_1413_Ch4_vocal_34.wav,43.95,43.95,11,400.0,0.533,3e-05,619.6,540.31,68.26,0.09,vocal
data/annotated/test/vocal/01-220301_1413_Ch4_vocal_35.wav,53.97,53.97,10,400.0,0.672,3e-05,604.35,545.53,55.59,0.08,vocal
data/annotated/test/vocal/01-220301_1413_Ch4_vocal_36.wav,35.85,35.85,9,400.0,0.39,3e-05,534.9,521.28,55.78,0.08,vocal
data/annotated/test/vocal/01-220301_1413_Ch4_vocal_37.wav,53.97,53.97,12,400.0,0.616,3e-05,682.11,562.07,55.59,0.11,vocal
data/annotated/test/vocal/01-220301_1413_Ch4_vocal_38.wav,45.88,45.88,12,400.0,0.608,4e-05,607.12,555.81,108.99,0.09,vocal
data/annotated/test/vocal/01-220301_1413_Ch4_vocal_39.wav,43.96,43.89,9,400.0,0.566,3e-05,607.93,564.07,68.36,0.07,vocal
data/annotated/test/vocal/01-220301_1413_Ch4_vocal_4.wav,37.79,37.79,9,400.0,0.519,4e-05,485.82,518.52,105.84,0.05,vocal
data/annotated/test/vocal/01-220301_1413_Ch4_vocal_40.wav,43.56,43.56,11,400.0,0.501,3e-05,722.76,545.69,68.87,0.17,vocal
data/annotated/test/vocal/01-220301_1413_Ch4_vocal_41.wav,40.86,40.86,11,400.0,0.682,3e-05,700.93,551.28,97.88,0.15,vocal
data/annotated/test/vocal/01-220301_1413_Ch4_vocal_42.wav,55.52,55.52,13,400.0,0.316,3e-05,648.22,544.2,54.03,0.09,vocal
data/annotated/test/vocal/01-220301_1413_Ch4_vocal_43.wav,46.66,46.66,11,400.0,0.435,3e-05,651.21,550.66,64.3,0.14,vocal
data/annotated/test/vocal/01-220301_1413_Ch4_vocal_44.wav,50.89,50.89,12,400.0,0.581,4e-05,566.86,531.64,98.26,0.06,vocal
data/annotated/test/vocal/01-220301_1413_Ch4_vocal_45.wav,19.28,19.28,5,69.0,0.198,2e-05,636.23,571.58,103.73,0.16,vocal
data/annotated/test/vocal/01-220301_1413_Ch4_vocal_46.wav,83.65,83.65,20,400.0,0.466,4e-05,700.89,562.67,59.78,0.12,vocal
data/annotated/test/vocal/01-220301_1413_Ch4_vocal_47.wav,33.16,33.16,8,400.0,0.656,3e-05,681.39,552.29,60.32,0.16,vocal
data/annotated/test/vocal/01-220301_1413_Ch4_vocal_48.wav,47.43,47.43,12,400.0,0.338,3e-05,600.12,531.52,105.42,0.1,vocal
data/annotated/test/vocal/01-220301_1413_Ch4_vocal_49.wav,43.19,43.19,9,400.0,0.373,3e-05,630.66,522.63,69.46,0.17,vocal
data/annotated/test/vocal/01-220301_1413_Ch4_vocal_5.wav,34.7,34.39,7,400.0,0.682,3e-05,608.67,599.25,87.25,0.09,vocal
data/annotated/test/vocal/01-220301_1413_Ch4_vocal_50.wav,53.59,53.44,13,400.0,0.376,3e-05,574.37,550.88,56.14,0.1,vocal
data/annotated/test/vocal/01-220301_1413_Ch4_vocal_51.wav,62.45,62.45,13,400.0,0.529,3e-05,637.64,552.11,64.05,0.1,vocal
data/annotated/test/vocal/01-220301_1413_Ch4_vocal_52.wav,25.83,25.83,7,400.0,0.235,4e-05,547.43,537.46,116.13,0.06,vocal
data/annotated/test/vocal/01-220301_1413_Ch4_vocal_53.wav,57.83,57.83,13,400.0,0.521,4e-05,519.27,533.49,51.87,0.05,vocal
data/annotated/test/vocal/01-220301_1413_Ch4_vocal_54.wav,42.41,42.41,10,400.0,0.276,4e-05,519.42,524.58,117.91,0.05,vocal
data/annotated/test/vocal/01-220301_1413_Ch4_vocal_55.wav,75.56,75.48,17,400.0,0.557,3e-05,642.63,562.27,52.99,0.09,vocal
data/annotated/test/vocal/01-220301_1413_Ch4_vocal_56.wav,69.77,69.53,15,400.0,0.599,3e-05,602.35,534.57,57.53,0.09,vocal
data/annotated/test/vocal/01-220301_1413_Ch4_vocal_57.wav,63.6,63.6,15,400.0,0.615,3e-05,644.19,552.24,62.89,0.1,vocal
data/annotated/test/vocal/01-220301_1413_Ch4_vocal_58.wav,29.3,29.3,7,400.0,0.602,3e-05,623.0,562.98,68.25,0.08,vocal
data/annotated/test/vocal/01-220301_1413_Ch4_vocal_59.wav,28.53,28.53,7,400.0,0.518,3e-05,560.63,536.01,70.1,0.07,vocal
data/annotated/test/vocal/01-220301_1413_Ch4_vocal_6.wav,29.72,29.72,8,400.0,0.568,3e-05,572.42,537.9,100.95,0.09,vocal
data/annotated/test/vocal/01-220301_1413_Ch4_vocal_60.wav,39.72,39.72,10,400.0,0.493,3e-05,566.89,532.4,50.35,0.07,vocal
data/annotated/test/vocal/01-220301_1413_Ch4_vocal_61.wav,37.79,37.79,9,400.0,0.357,3e-05,531.54,516.6,105.84,0.07,vocal
data/annotated/test/vocal/01-220301_1413_Ch4_vocal_62.wav,42.79,42.79,10,400.0,0.489,4e-05,499.63,526.28,93.48,0.05,vocal
data/annotated/test/vocal/01-220301_1413_Ch4_vocal_63.wav,65.16,65.16,14,400.0,0.617,4e-05,591.24,544.09,107.43,0.06,vocal
data/annotated/test/vocal/01-220301_1413_Ch4_vocal_64.wav,77.49,77.49,19,400.0,0.357,3e-05,642.91,557.2,51.62,0.08,vocal
data/annotated/test/vocal/01-220301_1413_Ch4_vocal_65.wav,60.91,60.91,15,400.0,0.32,3e-05,660.68,543.82,65.67,0.13,vocal
data/annotated/test/vocal/01-220301_1413_Ch4_vocal_66.wav,65.92,65.92,17,400.0,0.499,4e-05,613.18,572.15,60.68,0.08,vocal
data/annotated/test/vocal/01-220301_1413_Ch4_vocal_67.wav,33.55,33.55,9,400.0,0.176,3e-05,566.21,524.91,59.61,0.1,vocal
data/annotated/test/vocal/01-220301_1413_Ch4_vocal_68.wav,36.62,36.62,9,400.0,0.623,4e-05,655.6,545.8,54.61,0.12,vocal
data/annotated/test/vocal/01-220301_1413_Ch4_vocal_69.wav,48.58,48.58,12,400.0,0.511,4e-05,578.25,554.7,102.92,0.06,vocal
data/annotated/test/vocal/01-220301_1413_Ch4_vocal_7.wav,35.99,35.99,10,400.0,0.561,4e-05,670.41,544.01,55.57,0.14,vocal
data/annotated/test/vocal/01-220301_1413_Ch4_vocal_70.wav,66.08,66.08,16,400.0,0.57,4e-05,654.36,570.67,60.53,0.09,vocal
data/annotated/test/vocal/01-220301_1413_Ch4_vocal_71.wav,39.33,39.33,9,400.0,0.474,5e-05,497.8,516.76,101.69,0.05,vocal
data/annotated/test/vocal/01-220301_1413_Ch4_vocal_72.wav,10.8,10.8,3,400.0,0.118,4e-05,636.38,483.93,92.57,0.24,vocal
data/annotated/test/vocal/01-220301_1413_Ch4_vocal_73.wav,70.93,70.93,17,400.0,0.461,3e-05,639.75,527.46,56.4,0.1,vocal
data/annotated/test/vocal/01-220301_1413_Ch4_vocal_74.wav,39.33,38.89,8,55.6,0.239,5e-05,489.44,518.85,102.87,0.04,vocal
data/annotated/test/vocal/01-220301_1413_Ch4_vocal_75.wav,43.56,43.48,9,400.0,0.335,3e-05,543.09,494.23,69.0,0.11,vocal
data/annotated/test/vocal/01-220301_1413_Ch4_vocal_76.wav,28.53,28.53,7,400.0,0.599,3e-05,606.12,561.58,70.1,0.07,vocal
data/annotated/test/vocal/01-220301_1413_Ch4_vocal_77.wav,42.8,42.8,9,44.4,0.206,4e-05,600.78,536.27,116.82,0.1,vocal
data/annotated/test/vocal/01-220301_1413_Ch4_vocal_78.wav,44.73,44.69,9,400.0,0.627,4e-05,501.94,533.07,111.89,0.05,vocal
data/annotated/test/vocal/01-220301_1413_Ch4_vocal_79.wav,41.25,41.25,10,62.5,0.255,3e-05,644.48,564.12,96.97,0.11,vocal
data/annotated/test/vocal/01-220301_1413_Ch4_vocal_8.wav,32.44,32.44,8,400.0,0.518,3e-05,707.46,545.64,123.31,0.19,vocal
data/annotated/test/vocal/01-220301_1413_Ch4_vocal_80.wav,73.28,73.28,17,400.0,0.5,3e-05,632.31,533.41,54.58,0.07,vocal
data/annotated/test/vocal/01-220301_1413_Ch4_vocal_81.wav,44.33,44.33,10,400.0,0.62,3e-05,596.3,527.02,67.67,0.1,vocal
data/annotated/test/vocal/01-220301_1413_Ch4_vocal_82.wav,48.96,48.96,11,400.0,0.65,3e-05,579.47,545.98,61.28,0.07,vocal
data/annotated/test/vocal/01-220301_1413_Ch4_vocal_83.wav,45.89,45.89,11,400.0,0.492,4e-05,539.07,520.47,108.97,0.06,vocal
data/annotated/test/vocal/01-220301_1413_Ch4_vocal_84.wav,25.45,25.45,6,69.0,0.275,3e-05,641.61,527.59,78.59,0.22,vocal
data/annotated/test/vocal/01-220301_1413_Ch4_vocal_85.wav,52.04,52.04,10,400.0,0.347,3e-05,589.71,549.63,57.65,0.11,vocal
data/annotated/test/vocal/01-220301_1413_Ch4_vocal_86.wav,45.11,45.11,10,400.0,0.475,5e-05,502.68,522.98,110.83,0.05,vocal
data/annotated/test/vocal/01-220301_1413_Ch4_vocal_87.wav,45.1,45.1,11,400.0,0.179,5e-05,504.97,504.52,110.85,0.05,vocal
data/annotated/test/vocal/01-220301_1413_Ch4_vocal_88.wav,45.1,45.1,10,400.0,0.641,4e-05,557.58,543.4,66.51,0.07,vocal
data/annotated/test/vocal/01-220301_1413_Ch4_vocal_89.wav,39.41,39.41,10,400.0,0.376,3e-05,667.9,578.99,101.51,0.11,vocal
data/annotated/test/vocal/01-220301_1413_Ch4_vocal_9.wav,33.81,33.81,8,400.0,0.588,4e-05,530.15,530.26,118.3,0.07,vocal
data/annotated/test/vocal/01-220301_1413_Ch4_vocal_90.wav,15.0,15.0,4,117.6,0.335,3e-05,563.52,534.89,66.67,0.11,vocal
data/annotated/test/vocal/01-220301_1413_Ch4_vocal_91.wav,43.34,43.34,9,200.0,0.274,5e-05,505.48,519.75,92.29,0.05,vocal
data/annotated/test/vocal/01-220301_1413_Ch4_vocal_92.wav,35.99,35.99,9,400.0,0.508,4e-05,617.22,561.97,55.57,0.1,vocal
data/annotated/test/vocal/01-220301_1413_Ch4_vocal_93.wav,35.71,35.71,9,400.0,0.583,3e-05,552.46,543.33,84.01,0.06,vocal
data/annotated/test/vocal/01-220301_1413_Ch4_vocal_94.wav,59.56,59.56,15,400.0,0.536,3e-05,615.73,569.42,50.37,0.08,vocal
data/annotated/test/vocal/01-220301_1413_Ch4_vocal_95.wav,46.07,46.07,11,400.0,0.369,4e-05,631.23,536.28,108.52,0.11,vocal
data/annotated/test/vocal/01-220301_1413_Ch4_vocal_96.wav,42.12,42.12,10,400.0,0.523,3e-05,532.49,513.12,71.22,0.07,vocal
data/annotated/test/vocal/01-220301_1413_Ch4_vocal_97.wav,50.44,50.44,13,400.0,0.613,4e-05,581.04,564.64,99.13,0.07,vocal
data/annotated/test/vocal/01-220301_1413_Ch4_vocal_98.wav,41.84,41.84,10,400.0,0.564,4e-05,571.78,538.82,71.7,0.07,vocal
data/annotated/test/vocal/01-220301_1413_Ch4_vocal_99.wav,40.34,40.34,10,80.0,0.155,4e-05,592.8,526.3,99.15,0.1,vocal
data/annotated/test/vocal/01-220301_1413_Ch6_vocal_1.wav,331.96,331.96,66,400.0,0.63,0.00011,478.07,517.85,51.21,0.02,vocal
data/annotated/test/vocal/01-220301_1413_Ch6_vocal_10.wav,72.79,72.79,14,400.0,0.627,0.00018,440.25,488.92,109.9,0.02,vocal
data/annotated/test/vocal/01-220301_1413_Ch6_vocal_100.wav,111.46,111.46,22,400.0,0.492,0.00015,544.19,493.74,53.83,0.03,vocal
data/annotated/test/vocal/01-220301_1413_Ch6_vocal_101.wav,75.98,75.98,15,400.0,0.546,0.00016,392.97,470.95,105.29,0.01,vocal
data/annotated/test/vocal/01-220301_1413_Ch6_vocal_102.wav,95.99,95.99,19,400.0,0.399,0.00014,430.52,460.33,52.09,0.03,vocal
data/annotated/test/vocal/01-220301_1413_Ch6_vocal_103.wav,86.9,86.9,20,400.0,0.544,0.00017,409.48,465.12,57.54,0.02,vocal
data/annotated/test/vocal/01-220301_1413_Ch6_vocal_104.wav,109.64,108.53,24,42.6,0.281,0.00013,466.02,482.87,55.28,0.03,vocal
data/annotated/test/vocal/01-220301_1413_Ch6_vocal_105.wav,143.75,143.75,28,400.0,0.405,0.00015,426.27,477.34,55.65,0.02,vocal
data/annotated/test/vocal/01-220301_1413_Ch6_vocal_106.wav,88.71,88.71,20,100.0,0.622,0.00012,493.86,477.5,56.36,0.03,vocal
data/annotated/test/vocal/01-220301_1413_Ch6_vocal_107.wav,61.89,61.89,14,400.0,0.444,0.00021,391.58,443.2,113.11,0.02,vocal
data/annotated/test/vocal/01-220301_1413_Ch6_vocal_108.wav,85.53,85.53,16,400.0,0.726,0.00022,341.45,420.62,105.22,0.01,vocal
data/annotated/test/vocal/01-220301_1413_Ch6_vocal_109.wav,114.65,113.85,24,400.0,0.563,0.00017,407.37,486.47,79.05,0.01,vocal
data/annotated/test/vocal/01-220301_1413_Ch6_vocal_11.wav,60.51,60.51,14,400.0,0.54,0.00015,592.27,583.18,66.1,0.07,vocal
data/annotated/test/vocal/01-220301_1413_Ch6_vocal_110.wav,81.44,81.44,17,400.0,0.223,0.00013,443.88,454.88,61.4,0.04,vocal
data/annotated/test/vocal/01-220301_1413_Ch6_vocal_111.wav,77.34,77.34,16,400.0,0.497,0.00017,374.4,445.22,103.43,0.02,vocal
data/annotated/test/vocal/01-220301_1413_Ch6_vocal_112.wav,72.79,72.79,16,333.3,0.343,0.00014,391.85,433.31,54.95,0.02,vocal
data/annotated/test/vocal/01-220301_1413_Ch6_vocal_113.wav,83.71,81.08,17,400.0,0.638,0.00021,337.91,418.15,98.66,0.01,vocal
data/annotated/test/vocal/01-220301_1413_Ch6_vocal_114.wav,70.98,70.98,16,400.0,0.69,0.0002,353.84,428.56,98.62,0.01,vocal
data/annotated/test/vocal/01-220301_1413_Ch6_vocal_115.wav,55.96,55.44,12,50.0,0.385,0.00015,400.37,461.55,108.23,0.02,vocal
data/annotated/test/vocal/01-220301_1413_Ch6_vocal_116.wav,45.05,45.05,10,400.0,0.385,0.00015,434.8,477.41,110.98,0.03,vocal
data/annotated/test/vocal/01-220301_1413_Ch6_vocal_117.wav,73.25,73.25,17,400.0,0.42,0.00015,433.02,473.89,54.61,0.02,vocal
data/annotated/test/vocal/01-220301_1413_Ch6_vocal_118.wav,77.34,77.34,16,400.0,0.625,0.00016,386.12,457.56,103.43,0.01,vocal
data/annotated/test/vocal/01-220301_1413_Ch6_vocal_119.wav,73.25,72.55,12,400.0,0.665,0.00014,395.08,470.59,55.13,0.01,vocal
data/annotated/test/vocal/01-220301_1413_Ch6_vocal_12.wav,87.35,87.35,19,400.0,0.606,0.00018,458.53,493.42,57.24,0.03,vocal
data/annotated/test/vocal/01-220301_1413_Ch6_vocal_120.wav,82.35,82.35,18,400.0,0.51,0.0002,393.41,451.14,109.28,0.02,vocal
data/annotated/test/vocal/01-220301_1413_Ch6_vocal_121.wav,25.03,25.03,5,57.1,0.179,0.00013,581.87,470.33,199.75,0.15,vocal
data/annotated/test/vocal/01-220301_1413_Ch6_vocal_122.wav,67.79,67.16,12,400.0,0.396,0.00016,428.59,462.7,59.56,0.03,vocal
data/annotated/test/vocal/01-220301_1413_Ch6_vocal_123.wav,77.33,77.02,16,400.0,0.441,0.00013,441.09,490.5,51.93,0.02,vocal
data/annotated/test/vocal/01-220301_1413_Ch6_vocal_124.wav,64.61,64.49,13,95.2,0.388,0.00013,486.83,463.8,62.03,0.05,vocal
data/annotated/test/vocal/01-220301_1413_Ch6_vocal_125.wav,131.02,131.02,23,11.0,0.235,0.00016,453.8,485.38,53.43,0.03,vocal
data/annotated/test/vocal/01-220301_1413_Ch6_vocal_126.wav,33.68,33.68,7,153.8,0.331,0.00017,447.7,477.63,59.39,0.04,vocal
data/annotated/test/vocal/01-220301_1413_Ch6_vocal_127.wav,62.33,62.33,13,400.0,0.483,0.00014,432.14,463.35,96.26,0.02,vocal
data/annotated/test/vocal/01-220301_1413_Ch6_vocal_128.wav,78.25,78.25,17,400.0,0.604,0.00022,320.03,420.34,102.24,0.01,vocal
data/annotated/test/vocal/01-220301_1413_Ch6_vocal_129.wav,80.07,79.8,18,26.7,0.215,0.00016,429.13,484.22,50.12,0.03,vocal
data/annotated/test/vocal/01-220301_1413_Ch6_vocal_13.wav,55.96,55.38,10,400.0,0.659,0.00027,294.22,387.11,90.29,0.01,vocal
data/annotated/test/vocal/01-220301_1413_Ch6_vocal_130.wav,89.62,89.62,14,400.0,0.401,0.00019,364.01,429.13,55.79,0.01,vocal
data/annotated/test/vocal/01-220301_1413_Ch6_vocal_131.wav,65.06,65.06,13,400.0,0.241,0.00015,441.25,468.18,61.48,0.03,vocal
data/annotated/test/vocal/01-220301_1413_Ch6_vocal_132.wav,82.79,82.79,16,400.0,0.303,0.00018,387.98,454.31,96.63,0.01,vocal
data/annotated/test/vocal/01-220301_1413_Ch6_vocal_133.wav,66.42,66.42,14,400.0,0.37,0.0002,347.6,426.95,105.4,0.01,vocal
data/annotated/test/vocal/01-220301_1413_Ch6_vocal_134.wav,60.33,60.33,11,400.0,0.375,0.00026,343.81,409.79,116.02,0.01,vocal
data/annotated/test/vocal/01-220301_1413_Ch6_vocal_135.wav,45.04,45.04,11,285.7,0.301,0.00013,512.71,474.52,66.6,0.06,vocal
data/annotated/test/vocal/01-220301_1413_Ch6_vocal_136.wav,80.98,80.98,17,100.0,0.207,0.00013,467.08,447.83,61.74,0.05,vocal
data/annotated/test/vocal/01-220301_1413_Ch6_vocal_137.wav,33.22,32.85,5,400.0,0.447,0.00016,399.78,400.52,213.06,0.03,vocal
data/annotated/test/vocal/01-220301_1413_Ch6_vocal_138.wav,82.8,82.8,16,400.0,0.803,0.00019,381.74,451.17,84.54,0.01,vocal
data/annotated/test/vocal/01-220301_1413_Ch6_vocal_139.wav,67.78,67.78,14,400.0,0.332,0.00017,429.38,472.01,118.03,0.03,vocal
data/annotated/test/vocal/01-220301_1413_Ch6_vocal_14.wav,81.89,81.89,13,400.0,0.625,0.00015,520.0,520.93,109.91,0.03,vocal
data/annotated/test/vocal/01-220301_1413_Ch6_vocal_140.wav,63.25,63.25,11,400.0,0.262,0.00015,530.23,497.14,63.24,0.07,vocal
data/annotated/test/vocal/01-220301_1413_Ch6_vocal_141.wav,23.67,23.67,5,400.0,0.487,0.00017,433.66,424.28,169.01,0.05,vocal
data/annotated/test/vocal/01-220301_1413_Ch6_vocal_142.wav,44.14,43.75,8,400.0,0.435,0.00018,417.65,414.92,160.0,0.02,vocal
data/annotated/test/vocal/01-220301_1413_Ch6_vocal_143.wav,66.43,66.43,12,58.8,0.3,0.00017,406.22,438.92,60.22,0.03,vocal
data/annotated/test/vocal/01-220301_1413_Ch6_vocal_144.wav,62.32,62.32,14,55.6,0.371,0.00016,437.63,470.16,112.32,0.03,vocal
data/annotated/test/vocal/01-220301_1413_Ch6_vocal_145.wav,74.61,74.61,15,95.2,0.158,0.00015,412.31,443.12,53.61,0.03,vocal
data/annotated/test/vocal/01-220301_1413_Ch6_vocal_146.wav,60.97,60.97,11,35.7,0.212,0.00014,474.26,488.04,65.61,0.06,vocal
data/annotated/test/vocal/01-220301_1413_Ch6_vocal_147.wav,70.97,70.61,15,400.0,0.422,0.00016,382.72,440.44,99.13,0.02,vocal
data/annotated/test/vocal/01-220301_1413_Ch6_vocal_148.wav,66.88,66.77,14,400.0,0.608,0.00016,393.93,468.4,104.84,0.01,vocal
data/annotated/test/vocal/01-220301_1413_Ch6_vocal_149.wav,53.69,53.69,13,64.5,0.227,0.00014,471.97,459.66,55.88,0.06,vocal
data/annotated/test/vocal/01-220301_1413_Ch6_vocal_15.wav,68.7,68.7,13,400.0,0.431,0.00017,384.08,449.62,58.23,0.01,vocal
data/annotated/test/vocal/01-220301_1413_Ch6_vocal_150.wav,66.43,65.6,13,400.0,0.611,0.00019,352.64,426.88,106.7,0.01,vocal
data/annotated/test/vocal/01-220301_1413_Ch6_vocal_151.wav,61.88,61.27,12,333.3,0.614,0.00027,311.18,397.65,97.93,0.01,vocal
data/annotated/test/vocal/01-220301_1413_Ch6_vocal_152.wav,51.41,51.41,13,35.7,0.217,0.0001,527.48,492.01,58.36,0.08,vocal
data/annotated/test/vocal/01-220301_1413_Ch6_vocal_153.wav,40.5,40.5,9,400.0,0.395,0.00013,503.9,488.3,98.77,0.06,vocal
data/annotated/test/vocal/01-220301_1413_Ch6_vocal_154.wav,62.33,62.33,13,400.0,0.674,0.00017,456.36,489.69,64.17,0.02,vocal
data/annotated/test/vocal/01-220301_1413_Ch6_vocal_155.wav,70.06,70.06,15,400.0,0.751,0.00024,339.72,439.36,85.64,0.01,vocal
data/annotated/test/vocal/01-220301_1413_Ch6_vocal_156.wav,69.6,69.6,17,400.0,0.504,0.00021,352.61,425.35,100.57,0.01,vocal
data/annotated/test/vocal/01-220301_1413_Ch6_vocal_157.wav,75.07,75.07,15,333.3,0.302,0.00014,438.44,481.94,53.28,0.03,vocal
data/annotated/test/vocal/01-220301_1413_Ch6_vocal_158.wav,69.6,69.6,15,400.0,0.678,0.00026,328.08,429.43,100.57,0.01,vocal
data/annotated/test/vocal/01-220301_1413_Ch6_vocal_159.wav,85.08,83.99,17,400.0,0.776,0.00027,297.42,395.29,107.16,0.0,vocal
data/annotated/test/vocal/01-220301_1413_Ch6_vocal_16.wav,29.12,29.12,7,95.2,0.172,0.0001,492.13,468.05,68.67,0.09,vocal
data/annotated/test/vocal/01-220301_1413_Ch6_vocal_160.wav,79.61,79.61,12,400.0,0.387,0.00017,401.25,480.74,50.24,0.02,vocal
data/annotated/test/vocal/01-220301_1413_Ch6_vocal_161.wav,68.25,68.25,13,400.0,0.714,0.00016,396.75,470.6,58.61,0.02,vocal
data/annotated/test/vocal/01-220301_1413_Ch6_vocal_162.wav,102.36,102.36,21,400.0,0.616,0.00018,371.31,450.97,97.69,0.01,vocal
data/annotated/test/vocal/01-220301_1413_Ch6_vocal_163.wav,83.71,83.71,17,400.0,0.431,0.0002,375.2,428.73,107.52,0.01,vocal
data/annotated/test/vocal/01-220301_1413_Ch6_vocal_164.wav,93.26,93.26,17,400.0,0.788,0.00026,310.05,409.5,117.95,0.01,vocal
data/annotated/test/vocal/01-220301_1413_Ch6_vocal_165.wav,94.62,94.56,18,400.0,0.704,0.00023,333.32,434.74,105.75,0.01,vocal
data/annotated/test/vocal/01-220301_1413_Ch6_vocal_166.wav,98.72,98.58,13,400.0,0.171,0.00014,389.18,383.29,50.72,0.02,vocal
data/annotated/test/vocal/01-220301_1413_Ch6_vocal_167.wav,89.17,87.94,14,400.0,0.801,0.00023,359.13,439.39,56.86,0.01,vocal
data/annotated/test/vocal/01-220301_1413_Ch6_vocal_168.wav,53.69,53.69,13,400.0,0.295,0.00011,518.51,510.0,55.88,0.06,vocal
data/annotated/test/vocal/01-220301_1413_Ch6_vocal_169.wav,75.52,75.39,14,400.0,0.673,0.00017,380.81,447.19,119.39,0.02,vocal
data/annotated/test/vocal/01-220301_1413_Ch6_vocal_17.wav,72.34,72.34,14,400.0,0.422,0.00013,484.08,500.94,55.29,0.03,vocal
data/annotated/test/vocal/01-220301_1413_Ch6_vocal_170.wav,75.06,75.0,12,400.0,0.776,0.00023,311.78,417.74,106.67,0.01,vocal
data/annotated/test/vocal/01-220301_1413_Ch6_vocal_171.wav,70.52,69.88,14,400.0,0.593,0.00015,433.04,495.43,100.18,0.02,vocal
data/annotated/test/vocal/01-220301_1413_Ch6_vocal_172.wav,50.5,50.5,12,400.0,0.373,0.00016,389.28,453.2,99.01,0.02,vocal
data/annotated/test/vocal/01-220301_1413_Ch6_vocal_173.wav,86.9,86.9,16,400.0,0.753,0.00022,341.11,434.61,103.57,0.01,vocal
data/annotated/test/vocal/01-220301_1413_Ch6_vocal_174.wav,72.79,72.02,13,400.0,0.504,0.00013,424.06,466.51,111.08,0.02,vocal
data/annotated/test/vocal/01-220301_1413_Ch6_vocal_175.wav,90.08,89.46,13,400.0,0.69,0.00016,372.12,453.25,100.61,0.01,vocal
data/annotated/test/vocal/01-220301_1413_Ch6_vocal_176.wav,45.05,45.05,9,400.0,0.231,9e-05,535.18,502.58,66.59,0.08,vocal
data/annotated/test/vocal/01-220301_1413_Ch6_vocal_177.wav,82.8,82.8,17,400.0,0.633,0.00017,393.37,463.56,96.62,0.01,vocal
data/annotated/test/vocal/01-220301_1413_Ch6_vocal_178.wav,186.06,182.75,25,400.0,0.787,0.0002,390.1,452.55,93.02,0.02,vocal
data/annotated/test/vocal/01-220301_1413_Ch6_vocal_179.wav,85.98,85.61,15,400.0,0.61,0.00018,433.01,464.82,93.44,0.02,vocal
data/annotated/test/vocal/01-220301_1413_Ch6_vocal_18.wav,109.19,109.19,22,15.7,0.185,0.00013,513.37,494.05,54.95,0.04,vocal
data/annotated/test/vocal/01-220301_1413_Ch6_vocal_180.wav,66.88,66.7,14,400.0,0.558,0.00016,411.89,469.09,104.95,0.02,vocal
data/annotated/test/vocal/01-220301_1413_Ch6_vocal_181.wav,113.28,113.28,26,400.0,0.498,0.00014,439.25,489.96,52.97,0.02,vocal
data/annotated/test/vocal/01-220301_1413_Ch6_vocal_182.wav,73.71,73.71,16,400.0,0.517,0.00016,429.1,483.96,108.54,0.02,vocal
data/annotated/test/vocal/01-220301_1413_Ch6_vocal_183.wav,78.7,78.7,19,400.0,0.53,0.00016,399.61,447.65,101.65,0.02,vocal
data/annotated/test/vocal/01-220301_1413_Ch6_vocal_184.wav,92.81,92.81,19,400.0,0.594,0.00013,437.38,460.69,53.87,0.03,vocal
data/annotated/test/vocal/01-220301_1413_Ch6_vocal_185.wav,22.76,22.68,5,200.0,0.191,8e-05,564.86,450.74,264.58,0.13,vocal
data/annotated/test/vocal/01-220301_1413_Ch6_vocal_186.wav,38.22,38.22,9,400.0,0.427,0.00015,450.95,482.36,52.33,0.04,vocal
data/annotated/test/vocal/01-220301_1413_Ch6_vocal_187.wav,46.86,46.86,11,400.0,0.406,0.00012,497.69,490.95,106.69,0.05,vocal
data/annotated/test/vocal/01-220301_1413_Ch6_vocal_188.wav,90.99,90.99,17,400.0,0.693,0.00017,359.65,443.25,98.91,0.01,vocal
data/annotated/test/vocal/01-220301_1413_Ch6_vocal_189.wav,52.32,52.32,13,400.0,0.549,0.00013,493.28,526.93,57.34,0.04,vocal
data/annotated/test/vocal/01-220301_1413_Ch6_vocal_19.wav,111.46,111.46,24,20.0,0.243,0.00015,465.42,500.02,53.83,0.02,vocal
data/annotated/test/vocal/01-220301_1413_Ch6_vocal_190.wav,55.51,54.0,11,117.6,0.247,0.00019,377.69,407.58,166.67,0.02,vocal
data/annotated/test/vocal/01-220301_1413_Ch6_vocal_191.wav,50.96,50.96,12,52.6,0.168,0.00012,494.05,484.79,58.87,0.06,vocal
data/annotated/test/vocal/01-220301_1413_Ch6_vocal_2.wav,41.18,41.18,7,400.0,0.314,0.0001,539.23,494.99,121.43,0.07,vocal
data/annotated/test/vocal/01-220301_1413_Ch6_vocal_20.wav,366.71,366.44,60,400.0,0.759,0.00018,383.34,470.83,51.85,0.01,vocal
data/annotated/test/vocal/01-220301_1413_Ch6_vocal_21.wav,38.22,38.22,8,400.0,0.268,0.00011,446.36,483.04,78.5,0.05,vocal
data/annotated/test/vocal/01-220301_1413_Ch6_vocal_22.wav,73.7,73.7,15,400.0,0.41,0.00015,422.43,473.1,54.28,0.02,vocal
data/annotated/test/vocal/01-220301_1413_Ch6_vocal_23.wav,87.81,87.81,18,400.0,0.324,0.00013,528.85,509.27,56.94,0.04,vocal
data/annotated/test/vocal/01-220301_1413_Ch6_vocal_24.wav,85.99,85.99,22,400.0,0.502,0.00019,391.61,453.13,104.66,0.02,vocal
data/annotated/test/vocal/01-220301_1413_Ch6_vocal_25.wav,69.6,69.48,15,62.5,0.407,0.00016,426.66,471.24,115.14,0.02,vocal
data/annotated/test/vocal/01-220301_1413_Ch6_vocal_26.wav,59.6,59.6,12,400.0,0.598,0.0002,378.45,448.13,50.33,0.02,vocal
data/annotated/test/vocal/01-220301_1413_Ch6_vocal_27.wav,123.74,123.74,24,400.0,0.562,0.00017,474.44,500.33,56.57,0.03,vocal
data/annotated/test/vocal/01-220301_1413_Ch6_vocal_28.wav,75.98,75.98,17,400.0,0.346,0.00013,450.5,472.34,52.65,0.03,vocal
data/annotated/test/vocal/01-220301_1413_Ch6_vocal_29.wav,60.51,60.51,12,47.6,0.483,0.00017,400.32,440.5,66.1,0.03,vocal
data/annotated/test/vocal/01-220301_1413_Ch6_vocal_3.wav,63.53,63.53,9,400.0,0.765,0.00016,429.86,467.1,110.18,0.02,vocal
data/annotated/test/vocal/01-220301_1413_Ch6_vocal_30.wav,86.44,86.2,19,400.0,0.37,0.00014,466.33,487.08,58.01,0.03,vocal
data/annotated/test/vocal/01-220301_1413_Ch6_vocal_31.wav,62.78,62.78,13,142.9,0.485,0.00013,509.71,500.59,63.71,0.05,vocal
data/annotated/test/vocal/01-220301_1413_Ch6_vocal_32.wav,68.71,68.48,14,50.0,0.217,0.00013,462.85,481.76,58.41,0.03,vocal
data/annotated/test/vocal/01-220301_1413_Ch6_vocal_33.wav,176.05,176.05,36,400.0,0.24,0.00015,420.68,473.97,51.12,0.02,vocal
data/annotated/test/vocal/01-220301_1413_Ch6_vocal_34.wav,99.64,96.44,15,48.8,0.343,0.00016,389.0,456.91,51.85,0.01,vocal
data/annotated/test/vocal/01-220301_1413_Ch6_vocal_35.wav,126.93,126.93,24,400.0,0.162,0.00014,514.6,507.12,55.15,0.03,vocal
data/annotated/test/vocal/01-220301_1413_Ch6_vocal_36.wav,62.33,62.33,15,48.8,0.261,0.00012,549.28,499.89,64.17,0.06,vocal
data/annotated/test/vocal/01-220301_1413_Ch6_vocal_37.wav,54.59,54.58,10,400.0,0.563,0.00015,412.52,473.37,54.96,0.03,vocal
data/annotated/test/vocal/01-220301_1413_Ch6_vocal_38.wav,91.9,91.9,20,50.0,0.253,0.00013,515.98,500.45,54.41,0.03,vocal
data/annotated/test/vocal/01-220301_1413_Ch6_vocal_39.wav,50.05,50.05,9,400.0,0.102,0.00012,456.68,469.5,59.94,0.04,vocal
data/annotated/test/vocal/01-220301_1413_Ch6_vocal_4.wav,45.84,45.02,10,400.0,0.374,0.00011,513.2,504.55,111.06,0.06,vocal
data/annotated/test/vocal/01-220301_1413_Ch6_vocal_40.wav,112.82,112.44,20,400.0,0.41,0.00022,330.25,416.42,106.73,0.01,vocal
data/annotated/test/vocal/01-220301_1413_Ch6_vocal_41.wav,66.88,66.88,13,400.0,0.602,0.00013,451.5,485.5,59.81,0.03,vocal
data/annotated/test/vocal/01-220301_1413_Ch6_vocal_42.wav,62.78,62.78,15,400.0,0.645,0.00012,524.87,518.49,63.71,0.03,vocal
data/annotated/test/vocal/01-220301_1413_Ch6_vocal_43.wav,35.95,35.95,6,400.0,0.57,0.00018,438.84,473.21,111.27,0.04,vocal
data/annotated/test/vocal/01-220301_1413_Ch6_vocal_44.wav,77.34,77.34,15,400.0,0.476,0.00013,420.73,470.59,51.72,0.02,vocal
data/annotated/test/vocal/01-220301_1413_Ch6_vocal_45.wav,53.69,53.69,10,41.7,0.295,0.00017,400.45,420.58,223.52,0.02,vocal
data/annotated/test/vocal/01-220301_1413_Ch6_vocal_46.wav,37.77,37.77,8,69.0,0.226,0.00012,487.02,499.12,52.95,0.05,vocal
data/annotated/test/vocal/01-220301_1413_Ch6_vocal_47.wav,74.61,74.61,15,181.8,0.363,0.00013,434.37,452.5,53.61,0.04,vocal
data/annotated/test/vocal/01-220301_1413_Ch6_vocal_48.wav,66.88,66.88,13,400.0,0.438,0.00015,470.31,483.87,59.81,0.03,vocal
data/annotated/test/vocal/01-220301_1413_Ch6_vocal_49.wav,55.51,55.51,13,400.0,0.384,0.00011,485.5,504.32,54.04,0.04,vocal
data/annotated/test/vocal/01-220301_1413_Ch6_vocal_5.wav,85.41,85.41,15,400.0,0.834,0.0002,371.62,445.83,93.67,0.01,vocal
data/annotated/test/vocal/01-220301_1413_Ch6_vocal_50.wav,81.9,80.88,13,400.0,0.455,0.00017,423.04,460.38,136.01,0.03,vocal
data/annotated/test/vocal/01-220301_1413_Ch6_vocal_51.wav,80.99,80.99,18,400.0,0.413,0.00017,419.38,461.93,111.13,0.02,vocal
data/annotated/test/vocal/01-220301_1413_Ch6_vocal_52.wav,84.17,84.17,17,400.0,0.59,0.00014,481.74,513.17,106.93,0.03,vocal
data/annotated/test/vocal/01-220301_1413_Ch6_vocal_53.wav,24.57,24.57,6,69.0,0.186,0.00012,590.27,483.45,81.39,0.11,vocal
data/annotated/test/vocal/01-220301_1413_Ch6_vocal_54.wav,79.61,79.61,17,400.0,0.435,0.0002,406.02,473.6,50.24,0.02,vocal
data/annotated/test/vocal/01-220301_1413_Ch6_vocal_55.wav,75.52,75.52,15,400.0,0.418,0.00015,405.86,473.28,52.97,0.02,vocal
data/annotated/test/vocal/01-220301_1413_Ch6_vocal_56.wav,71.44,71.44,16,400.0,0.585,0.00018,385.47,451.31,111.99,0.01,vocal
data/annotated/test/vocal/01-220301_1413_Ch6_vocal_57.wav,66.88,66.88,12,400.0,0.62,0.00024,311.39,411.51,89.72,0.01,vocal
data/annotated/test/vocal/01-220301_1413_Ch6_vocal_58.wav,47.77,47.77,10,400.0,0.208,0.0001,534.98,493.11,62.8,0.08,vocal
data/annotated/test/vocal/01-220301_1413_Ch6_vocal_59.wav,63.7,63.7,12,400.0,0.588,0.00012,488.04,500.96,62.8,0.04,vocal
data/annotated/test/vocal/01-220301_1413_Ch6_vocal_6.wav,59.2,59.2,9,400.0,0.438,0.00024,398.6,461.79,118.25,0.02,vocal
data/annotated/test/vocal/01-220301_1413_Ch6_vocal_60.wav,60.51,60.51,10,400.0,0.337,0.00013,582.49,528.59,66.1,0.06,vocal
data/annotated/test/vocal/01-220301_1413_Ch6_vocal_61.wav,47.78,47.73,8,166.7,0.32,0.00011,477.04,444.49,62.85,0.05,vocal
data/annotated/test/vocal/01-220301_1413_Ch6_vocal_62.wav,59.59,59.42,13,400.0,0.561,0.00016,431.15,497.27,50.49,0.02,vocal
data/annotated/test/vocal/01-220301_1413_Ch6_vocal_63.wav,57.33,57.33,12,400.0,0.395,0.00012,469.88,492.54,52.33,0.03,vocal
data/annotated/test/vocal/01-220301_1413_Ch6_vocal_64.wav,85.99,84.77,14,400.0,0.342,0.00015,381.82,419.35,58.98,0.02,vocal
data/annotated/test/vocal/01-220301_1413_Ch6_vocal_65.wav,69.16,69.16,13,60.6,0.222,0.00018,390.31,416.11,57.84,0.02,vocal
data/annotated/test/vocal/01-220301_1413_Ch6_vocal_66.wav,126.47,125.31,21,400.0,0.738,0.0002,371.66,421.35,103.74,0.02,vocal
data/annotated/test/vocal/01-220301_1413_Ch6_vocal_67.wav,36.85,36.85,7,48.8,0.327,0.00016,384.82,430.88,54.27,0.03,vocal
data/annotated/test/vocal/01-220301_1413_Ch6_vocal_68.wav,101.91,101.91,19,400.0,0.491,0.00019,404.99,443.97,107.94,0.02,vocal
data/annotated/test/vocal/01-220301_1413_Ch6_vocal_69.wav,28.22,28.22,6,400.0,0.085,8e-05,465.36,443.9,70.87,0.08,vocal
data/annotated/test/vocal/01-220301_1413_Ch6_vocal_7.wav,283.41,279.85,25,400.0,0.67,0.00083,205.74,241.48,71.47,0.0,vocal
data/annotated/test/vocal/01-220301_1413_Ch6_vocal_70.wav,83.25,82.88,16,400.0,0.407,0.00014,404.74,412.5,60.33,0.03,vocal
data/annotated/test/vocal/01-220301_1413_Ch6_vocal_71.wav,61.88,61.88,14,400.0,0.549,0.00014,511.96,501.2,64.65,0.04,vocal
data/annotated/test/vocal/01-220301_1413_Ch6_vocal_72.wav,92.81,92.81,18,181.8,0.479,0.00015,446.19,475.58,53.87,0.03,vocal
data/annotated/test/vocal/01-220301_1413_Ch6_vocal_73.wav,72.8,72.8,15,400.0,0.351,0.00016,371.03,447.99,54.94,0.01,vocal
data/annotated/test/vocal/01-220301_1413_Ch6_vocal_74.wav,82.8,82.8,18,400.0,0.327,0.00015,440.02,475.72,60.38,0.03,vocal
data/annotated/test/vocal/01-220301_1413_Ch6_vocal_75.wav,70.06,70.06,15,400.0,0.599,0.00018,357.16,445.27,99.91,0.01,vocal
data/annotated/test/vocal/01-220301_1413_Ch6_vocal_76.wav,81.44,81.44,16,400.0,0.368,0.00015,470.39,488.33,110.51,0.03,vocal
data/annotated/test/vocal/01-220301_1413_Ch6_vocal_77.wav,63.7,63.7,14,400.0,0.328,0.00012,462.71,472.58,62.8,0.04,vocal
data/annotated/test/vocal/01-220301_1413_Ch6_vocal_78.wav,48.23,48.23,10,400.0,0.373,0.00012,471.5,463.88,103.67,0.06,vocal
data/annotated/test/vocal/01-220301_1413_Ch6_vocal_79.wav,93.83,93.83,19,400.0,0.506,0.00018,387.86,446.98,106.57,0.01,vocal
data/annotated/test/vocal/01-220301_1413_Ch6_vocal_8.wav,116.01,116.01,10,400.0,0.528,0.00023,418.15,460.14,51.72,0.02,vocal
data/annotated/test/vocal/01-220301_1413_Ch6_vocal_80.wav,83.25,83.25,17,400.0,0.44,0.00013,478.47,504.67,60.06,0.03,vocal
data/annotated/test/vocal/01-220301_1413_Ch6_vocal_81.wav,64.6,64.21,12,400.0,0.548,0.00017,393.86,444.43,93.45,0.02,vocal
data/annotated/test/vocal/01-220301_1413_Ch6_vocal_82.wav,68.24,68.24,11,29.4,0.241,0.00018,434.94,459.22,58.62,0.03,vocal
data/annotated/test/vocal/01-220301_1413_Ch6_vocal_83.wav,47.78,47.23,8,400.0,0.398,0.00019,364.02,420.17,84.69,0.02,vocal
data/annotated/test/vocal/01-220301_1413_Ch6_vocal_84.wav,46.86,46.86,10,400.0,0.258,0.00011,551.0,493.21,64.01,0.09,vocal
data/annotated/test/vocal/01-220301_1413_Ch6_vocal_85.wav,44.14,44.14,8,100.0,0.345,0.0002,429.12,449.95,158.6,0.03,vocal
data/annotated/test/vocal/01-220301_1413_Ch6_vocal_86.wav,33.67,32.91,5,400.0,0.369,0.00017,368.21,418.95,91.17,0.03,vocal
data/annotated/test/vocal/01-220301_1413_Ch6_vocal_87.wav,58.69,58.39,6,400.0,0.349,0.00021,372.12,378.37,51.38,0.02,vocal
data/annotated/test/vocal/01-220301_1413_Ch6_vocal_88.wav,71.43,71.43,14,400.0,0.439,0.00015,440.12,496.27,56.0,0.03,vocal
data/annotated/test/vocal/01-220301_1413_Ch6_vocal_89.wav,64.16,64.16,13,400.0,0.709,0.00019,375.08,450.8,109.11,0.01,vocal
data/annotated/test/vocal/01-220301_1413_Ch6_vocal_9.wav,71.43,71.09,12,400.0,0.746,0.00022,307.74,411.2,98.46,0.01,vocal
data/annotated/test/vocal/01-220301_1413_Ch6_vocal_90.wav,72.8,72.8,14,400.0,0.659,0.00014,402.62,470.85,54.94,0.02,vocal
data/annotated/test/vocal/01-220301_1413_Ch6_vocal_91.wav,60.97,60.97,12,400.0,0.459,0.0002,398.02,451.99,98.41,0.02,vocal
data/annotated/test/vocal/01-220301_1413_Ch6_vocal_92.wav,103.28,103.23,21,400.0,0.524,0.00014,439.6,475.87,58.12,0.02,vocal
data/annotated/test/vocal/01-220301_1413_Ch6_vocal_93.wav,80.52,80.52,18,400.0,0.276,0.00017,426.66,470.32,111.77,0.02,vocal
data/annotated/test/vocal/01-220301_1413_Ch6_vocal_94.wav,109.65,109.65,25,400.0,0.521,0.00016,472.88,493.22,54.72,0.03,vocal
data/annotated/test/vocal/01-220301_1413_Ch6_vocal_95.wav,74.16,74.16,10,400.0,0.663,0.00013,457.6,512.19,53.94,0.03,vocal
data/annotated/test/vocal/01-220301_1413_Ch6_vocal_96.wav,90.99,90.99,15,400.0,0.735,0.00019,320.35,406.18,98.91,0.01,vocal
data/annotated/test/vocal/01-220301_1413_Ch6_vocal_97.wav,84.61,84.61,14,400.0,0.683,0.00014,438.21,494.69,59.09,0.02,vocal
data/annotated/test/vocal/01-220301_1413_Ch6_vocal_98.wav,65.06,65.06,13,400.0,0.545,0.00016,384.54,452.16,107.59,0.01,vocal
data/annotated/test/vocal/01-220301_1413_Ch6_vocal_99.wav,94.64,94.64,18,400.0,0.507,0.00013,472.38,494.21,52.83,0.02,vocal
data/annotated/test/vocal/01-220301_1456_Ch4_vocal_1.wav,56.76,56.76,15,400.0,0.278,3e-05,609.21,546.67,52.85,0.12,vocal
data/annotated/test/vocal/01-220301_1456_Ch4_vocal_10.wav,140.0,140.0,33,400.0,0.443,2e-05,677.05,543.29,50.0,0.12,vocal
data/annotated/test/vocal/01-220301_1456_Ch4_vocal_100.wav,45.4,45.4,11,400.0,0.631,3e-05,615.23,548.75,110.14,0.08,vocal
data/annotated/test/vocal/01-220301_1456_Ch4_vocal_101.wav,53.6,53.6,12,400.0,0.72,3e-05,544.89,529.88,111.93,0.06,vocal
data/annotated/test/vocal/01-220301_1456_Ch4_vocal_102.wav,64.11,64.11,14,400.0,0.629,5e-05,513.03,522.2,109.18,0.03,vocal
data/annotated/test/vocal/01-220301_1456_Ch4_vocal_103.wav,51.29,51.29,12,400.0,0.634,4e-05,619.82,543.45,97.48,0.1,vocal
data/annotated/test/vocal/01-220301_1456_Ch4_vocal_104.wav,54.38,54.38,12,400.0,0.44,4e-05,494.51,512.72,110.34,0.06,vocal
data/annotated/test/vocal/01-220301_1456_Ch4_vocal_105.wav,46.42,46.42,10,400.0,0.511,4e-05,546.1,548.12,107.72,0.04,vocal
data/annotated/test/vocal/01-220301_1456_Ch4_vocal_106.wav,17.7,17.7,5,400.0,0.289,2e-05,811.8,577.16,113.01,0.38,vocal
data/annotated/test/vocal/01-220301_1456_Ch4_vocal_107.wav,33.08,33.08,9,400.0,0.48,3e-05,597.99,515.8,60.45,0.11,vocal
data/annotated/test/vocal/01-220301_1456_Ch4_vocal_108.wav,43.09,43.09,9,400.0,0.439,3e-05,642.59,557.99,116.03,0.11,vocal
data/annotated/test/vocal/01-220301_1456_Ch4_vocal_109.wav,50.01,50.01,12,400.0,0.464,3e-05,581.19,552.67,99.98,0.1,vocal
data/annotated/test/vocal/01-220301_1456_Ch4_vocal_11.wav,137.96,137.96,30,33.3,0.267,2e-05,726.37,549.22,50.74,0.17,vocal
data/annotated/test/vocal/01-220301_1456_Ch4_vocal_110.wav,34.62,34.62,9,400.0,0.421,4e-05,563.02,559.35,115.52,0.07,vocal
data/annotated/test/vocal/01-220301_1456_Ch4_vocal_111.wav,33.08,33.08,8,71.4,0.348,3e-05,637.69,546.37,120.91,0.14,vocal
data/annotated/test/vocal/01-220301_1456_Ch4_vocal_112.wav,47.44,47.44,11,400.0,0.317,3e-05,661.24,539.95,105.4,0.14,vocal
data/annotated/test/vocal/01-220301_1456_Ch4_vocal_113.wav,73.75,73.75,17,285.7,0.398,3e-05,638.93,531.63,54.24,0.11,vocal
data/annotated/test/vocal/01-220301_1456_Ch4_vocal_114.wav,52.32,52.32,11,400.0,0.416,3e-05,557.35,534.1,114.67,0.09,vocal
data/annotated/test/vocal/01-220301_1456_Ch4_vocal_115.wav,44.89,44.89,11,60.6,0.21,3e-05,662.22,567.72,111.39,0.14,vocal
data/annotated/test/vocal/01-220301_1456_Ch4_vocal_116.wav,37.96,37.96,10,400.0,0.397,3e-05,683.86,599.4,105.38,0.12,vocal
data/annotated/test/vocal/01-220301_1456_Ch4_vocal_117.wav,42.31,42.31,10,400.0,0.41,4e-05,625.85,561.28,118.17,0.07,vocal
data/annotated/test/vocal/01-220301_1456_Ch4_vocal_118.wav,55.14,55.14,12,400.0,0.483,3e-05,701.13,543.47,54.41,0.16,vocal
data/annotated/test/vocal/01-220301_1456_Ch4_vocal_119.wav,43.08,43.08,10,400.0,0.539,3e-05,589.93,542.15,92.84,0.08,vocal
data/annotated/test/vocal/01-220301_1456_Ch4_vocal_12.wav,92.06,91.98,21,400.0,0.542,3e-05,568.19,507.42,119.59,0.11,vocal
data/annotated/test/vocal/01-220301_1456_Ch4_vocal_120.wav,70.27,69.4,14,400.0,0.569,3e-05,629.54,570.41,115.28,0.08,vocal
data/annotated/test/vocal/01-220301_1456_Ch4_vocal_121.wav,56.68,56.44,14,400.0,0.37,3e-05,562.88,527.95,106.31,0.1,vocal
data/annotated/test/vocal/01-220301_1456_Ch4_vocal_122.wav,50.01,50.01,10,400.0,0.696,3e-05,672.1,563.67,99.98,0.13,vocal
data/annotated/test/vocal/01-220301_1456_Ch4_vocal_123.wav,65.15,65.15,15,400.0,0.526,3e-05,970.66,635.95,61.4,0.3,vocal
data/annotated/test/vocal/01-220301_1456_Ch4_vocal_124.wav,55.91,55.6,12,400.0,0.636,3e-05,569.73,546.57,107.91,0.07,vocal
data/annotated/test/vocal/01-220301_1456_Ch4_vocal_125.wav,52.57,52.57,13,400.0,0.52,2e-05,640.64,548.99,57.06,0.13,vocal
data/annotated/test/vocal/01-220301_1456_Ch4_vocal_126.wav,213.34,213.34,44,400.0,0.744,4e-05,594.0,570.71,51.56,0.05,vocal
data/annotated/test/vocal/01-220301_1456_Ch4_vocal_127.wav,42.57,41.2,8,400.0,0.62,4e-05,492.95,524.01,97.09,0.04,vocal
data/annotated/test/vocal/01-220301_1456_Ch4_vocal_128.wav,54.62,54.62,12,400.0,0.441,3e-05,609.28,546.86,109.84,0.08,vocal
data/annotated/test/vocal/01-220301_1456_Ch4_vocal_129.wav,58.73,58.73,13,400.0,0.656,3e-05,547.93,564.47,102.16,0.06,vocal
data/annotated/test/vocal/01-220301_1456_Ch4_vocal_13.wav,109.75,109.75,27,33.3,0.349,2e-05,803.1,537.25,54.67,0.19,vocal
data/annotated/test/vocal/01-220301_1456_Ch4_vocal_130.wav,45.66,45.66,10,400.0,0.489,3e-05,581.35,543.4,109.51,0.07,vocal
data/annotated/test/vocal/01-220301_1456_Ch4_vocal_131.wav,48.21,48.21,13,66.7,0.421,3e-05,663.12,553.24,103.72,0.12,vocal
data/annotated/test/vocal/01-220301_1456_Ch4_vocal_132.wav,43.59,43.18,9,400.0,0.548,3e-05,595.52,551.76,92.64,0.08,vocal
data/annotated/test/vocal/01-220301_1456_Ch4_vocal_133.wav,107.45,107.45,26,400.0,0.264,3e-05,732.46,549.06,55.84,0.17,vocal
data/annotated/test/vocal/01-220301_1456_Ch4_vocal_134.wav,102.57,102.57,23,400.0,0.463,4e-05,651.04,555.15,116.99,0.11,vocal
data/annotated/test/vocal/01-220301_1456_Ch4_vocal_135.wav,98.47,97.92,18,400.0,0.711,4e-05,625.79,553.74,51.06,0.08,vocal
data/annotated/test/vocal/01-220301_1456_Ch4_vocal_136.wav,59.24,59.24,14,400.0,0.675,3e-05,632.35,588.12,50.64,0.08,vocal
data/annotated/test/vocal/01-220301_1456_Ch4_vocal_137.wav,63.6,63.6,12,400.0,0.571,4e-05,555.81,539.32,94.33,0.05,vocal
data/annotated/test/vocal/01-220301_1456_Ch4_vocal_138.wav,35.4,35.4,9,400.0,0.353,4e-05,562.11,524.33,113.01,0.11,vocal
data/annotated/test/vocal/01-220301_1456_Ch4_vocal_139.wav,23.09,23.09,6,90.9,0.222,4e-05,603.72,509.32,86.6,0.18,vocal
data/annotated/test/vocal/01-220301_1456_Ch4_vocal_14.wav,47.71,47.71,11,400.0,0.501,3e-05,648.87,551.93,104.8,0.1,vocal
data/annotated/test/vocal/01-220301_1456_Ch4_vocal_140.wav,63.6,63.6,13,400.0,0.561,4e-05,569.18,536.53,110.06,0.07,vocal
data/annotated/test/vocal/01-220301_1456_Ch4_vocal_141.wav,42.06,42.06,9,400.0,0.473,3e-05,594.65,546.23,95.1,0.08,vocal
data/annotated/test/vocal/01-220301_1456_Ch4_vocal_142.wav,46.94,46.09,11,400.0,0.56,4e-05,500.84,517.32,108.47,0.04,vocal
data/annotated/test/vocal/01-220301_1456_Ch4_vocal_143.wav,45.91,45.91,11,400.0,0.471,4e-05,509.3,528.18,108.92,0.05,vocal
data/annotated/test/vocal/01-220301_1456_Ch4_vocal_144.wav,38.22,38.22,8,222.2,0.291,3e-05,591.36,552.07,78.5,0.1,vocal
data/annotated/test/vocal/01-220301_1456_Ch4_vocal_145.wav,42.82,42.6,11,400.0,0.288,3e-05,600.84,539.7,93.89,0.09,vocal
data/annotated/test/vocal/01-220301_1456_Ch4_vocal_146.wav,43.34,43.34,11,400.0,0.389,3e-05,745.16,582.6,115.36,0.16,vocal
data/annotated/test/vocal/01-220301_1456_Ch4_vocal_147.wav,79.5,79.5,18,400.0,0.409,3e-05,617.66,554.94,50.31,0.09,vocal
data/annotated/test/vocal/01-220301_1456_Ch4_vocal_148.wav,66.43,66.43,15,100.0,0.348,3e-05,700.22,517.34,60.22,0.21,vocal
data/annotated/test/vocal/01-220301_1456_Ch4_vocal_149.wav,98.73,98.73,24,400.0,0.253,3e-05,689.33,556.35,50.64,0.15,vocal
data/annotated/test/vocal/01-220301_1456_Ch4_vocal_15.wav,64.62,64.62,16,400.0,0.646,3e-05,664.77,538.14,61.9,0.14,vocal
data/annotated/test/vocal/01-220301_1456_Ch4_vocal_150.wav,98.48,98.48,22,400.0,0.482,3e-05,601.48,529.66,50.77,0.11,vocal
data/annotated/test/vocal/01-220301_1456_Ch4_vocal_151.wav,49.75,49.75,11,400.0,0.455,5e-05,512.83,540.08,100.5,0.05,vocal
data/annotated/test/vocal/01-220301_1456_Ch4_vocal_152.wav,71.04,71.04,18,400.0,0.434,4e-05,581.5,529.22,56.3,0.07,vocal
data/annotated/test/vocal/01-220301_1456_Ch4_vocal_153.wav,112.82,112.82,26,400.0,0.238,3e-05,608.2,535.48,53.18,0.11,vocal
data/annotated/test/vocal/01-220301_1456_Ch4_vocal_154.wav,36.93,36.93,9,400.0,0.613,4e-05,495.95,543.77,81.24,0.05,vocal
data/annotated/test/vocal/01-220301_1456_Ch4_vocal_155.wav,70.52,70.52,15,74.1,0.251,3e-05,601.63,516.09,56.72,0.12,vocal
data/annotated/test/vocal/01-220301_1456_Ch4_vocal_156.wav,58.22,58.22,12,400.0,0.467,3e-05,627.36,537.65,51.53,0.11,vocal
data/annotated/test/vocal/01-220301_1456_Ch4_vocal_157.wav,44.89,44.89,10,50.0,0.228,3e-05,657.01,539.63,111.39,0.15,vocal
data/annotated/test/vocal/01-220301_1456_Ch4_vocal_158.wav,47.19,47.19,10,400.0,0.379,4e-05,532.51,535.64,105.96,0.07,vocal
data/annotated/test/vocal/01-220301_1456_Ch4_vocal_159.wav,49.76,49.06,11,50.0,0.32,3e-05,653.11,552.18,101.91,0.14,vocal
data/annotated/test/vocal/01-220301_1456_Ch4_vocal_16.wav,162.32,162.32,33,400.0,0.621,3e-05,630.21,557.52,117.05,0.08,vocal
data/annotated/test/vocal/01-220301_1456_Ch4_vocal_160.wav,47.7,47.7,12,400.0,0.278,3e-05,562.63,535.28,104.83,0.08,vocal
data/annotated/test/vocal/01-220301_1456_Ch4_vocal_161.wav,35.91,35.91,7,400.0,0.42,3e-05,599.74,532.36,55.7,0.12,vocal
data/annotated/test/vocal/01-220301_1456_Ch4_vocal_162.wav,33.85,33.85,8,400.0,0.626,3e-05,529.66,529.3,88.62,0.06,vocal
data/annotated/test/vocal/01-220301_1456_Ch4_vocal_163.wav,37.96,37.96,9,64.5,0.21,3e-05,622.34,555.23,105.38,0.11,vocal
data/annotated/test/vocal/01-220301_1456_Ch4_vocal_164.wav,40.52,40.52,9,250.0,0.241,4e-05,572.38,535.83,98.71,0.06,vocal
data/annotated/test/vocal/01-220301_1456_Ch4_vocal_165.wav,43.86,43.86,10,400.0,0.226,4e-05,506.35,520.59,113.99,0.05,vocal
data/annotated/test/vocal/01-220301_1456_Ch4_vocal_166.wav,31.04,31.04,7,400.0,0.545,3e-05,554.58,532.48,96.64,0.09,vocal
data/annotated/test/vocal/01-220301_1456_Ch4_vocal_167.wav,33.08,33.08,7,400.0,0.635,3e-05,542.31,550.78,90.68,0.06,vocal
data/annotated/test/vocal/01-220301_1456_Ch4_vocal_168.wav,65.65,65.65,15,400.0,0.621,4e-05,553.58,536.4,106.63,0.05,vocal
data/annotated/test/water/01-220217_1120_Ch4_water_1.wav,465.14,463.4,51,400.0,0.638,2e-05,943.48,496.39,99.27,0.25,water
data/annotated/test/water/01-220217_1120_Ch4_water_2.wav,577.81,577.73,50,400.0,0.573,2e-05,781.87,476.53,100.39,0.2,water
data/annotated/test/water/01-220217_1120_Ch4_water_3.wav,2828.41,2827.27,86,400.0,0.632,2e-05,863.52,515.35,100.1,0.23,water
data/annotated/test/water/01-220217_1120_Ch4_water_4.wav,729.61,729.43,28,400.0,0.704,2e-05,917.72,418.07,100.08,0.17,water
data/annotated/test/water/01-220302_1212_Ch6_water_1.wav,434.23,427.88,21,400.0,0.744,0.00016,981.13,456.48,51.42,0.21,water
data/annotated/test/water/01-220302_1212_Ch6_water_2.wav,479.22,194.66,9,400.0,0.756,0.00115,775.63,459.95,431.53,0.08,water
data/annotated/test/water/01-220402_1615_Ch6_water_1.wav,114.74,114.74,18,400.0,0.389,8e-05,948.28,558.84,52.29,0.16,water
data/annotated/test/water/01-220402_1615_Ch6_water_2.wav,328.49,328.49,72,25.0,0.601,7e-05,975.46,639.58,51.75,0.09,water
data/annotated/test/water/01-220402_1615_Ch6_water_3.wav,241.05,241.05,50,50.0,0.645,7e-05,926.79,621.81,53.93,0.13,water
data/annotated/test/water/01-220402_1615_Ch6_water_4.wav,237.45,236.4,6,400.0,0.671,0.00012,1225.39,520.14,50.76,0.09,water
data/annotated/test/water/01-220405_1200_Ch6_water_1.wav,579.11,578.3,70,400.0,0.395,0.00011,972.61,580.77,50.15,0.13,water
data/annotated/test/water/01-220408_1249_Ch6_water_1.wav,236.91,236.91,30,400.0,0.495,6e-05,970.93,535.33,50.65,0.39,water
data/annotated/test/water/01-220408_1249_Ch6_water_2.wav,1319.95,1297.67,26,400.0,0.62,6e-05,926.44,661.35,50.09,0.1,water
data/annotated/test/water/01-220408_1311_Ch6_water_1.wav,182.48,182.48,42,400.0,0.386,3e-05,894.25,585.92,54.8,0.33,water
data/annotated/test/water/01-220411_1400_Ch6_water_1.wav,1373.28,1369.35,198,400.0,0.454,4e-05,830.43,535.07,50.39,0.2,water
data/annotated/test/water/01-220411_1400_Ch6_water_2.wav,386.52,386.52,87,400.0,0.45,3e-05,949.17,585.2,51.74,0.22,water
data/annotated/test/water/01-220411_1400_Ch6_water_3.wav,880.19,875.7,30,400.0,0.626,4e-05,870.25,512.63,50.25,0.24,water
data/annotated/test/water/01-220411_1400_Ch6_water_4.wav,209.83,209.83,48,400.0,0.317,5e-05,914.79,562.99,52.42,0.15,water
data/annotated/test/water/01-220414_1135_Ch6_water_1.wav,204.31,204.31,48,400.0,0.459,4e-05,915.66,622.35,53.84,0.19,water
data/annotated/test/water/01-220416_1237_Ch6_water_1.wav,196.2,194.74,19,400.0,0.459,4e-05,1054.0,522.47,51.35,0.25,water
data/annotated/test/water/01-220416_1320_Ch6_water_1.wav,201.67,201.43,46,50.0,0.481,5e-05,905.06,576.22,54.61,0.19,water
data/annotated/test/water/01-220416_1320_Ch6_water_2.wav,1609.52,1609.52,390,16.7,0.44,5e-05,807.01,599.28,50.33,0.07,water
data/annotated/test/water/01-220416_1320_Ch6_water_3.wav,490.85,490.85,117,50.0,0.433,5e-05,830.36,602.16,50.93,0.08,water
data/annotated/test/water/01-220416_1320_Ch6_water_4.wav,893.69,893.69,208,25.0,0.427,5e-05,790.67,558.78,50.35,0.1,water
data/annotated/test/water/01-220419_1431_Ch6_water_1.wav,2493.51,2493.21,158,400.0,0.526,6e-05,1133.09,590.53,50.14,0.21,water
data/annotated/test/water/01-220419_1431_Ch6_water_2.wav,156.91,155.83,5,400.0,0.766,0.00011,996.58,531.26,571.12,0.13,water
data/annotated/test/water/01-220419_1431_Ch6_water_3.wav,186.5,86.21,4,400.0,0.727,0.00033,1081.56,475.07,603.19,0.12,water
data/annotated/test/water/01-220419_1431_Ch6_water_4.wav,290.11,289.8,64,25.0,0.377,6e-05,887.78,534.28,51.76,0.14,water
data/annotated/test/water/01-220419_1431_Ch6_water_5.wav,474.38,474.38,90,400.0,0.54,6e-05,815.79,568.67,50.59,0.1,water
data/annotated/test/water/01-220420_1545_Ch6_water_1.wav,854.76,854.19,31,400.0,0.523,4e-05,965.77,560.86,50.34,0.3,water
data/annotated/test/water/01-220420_1545_Ch6_water_2.wav,671.1,671.1,83,400.0,0.498,4e-05,785.77,503.63,50.66,0.23,water
data/annotated/test/water/01-220420_1545_Ch6_water_3.wav,360.97,360.97,70,400.0,0.321,3e-05,877.74,503.61,149.6,0.3,water
data/annotated/test/water/01-220420_1545_Ch6_water_4.wav,708.09,708.09,52,400.0,0.497,4e-05,759.09,497.93,50.84,0.19,water
data/annotated/test/water/01-220420_1545_Ch6_water_5.wav,2029.29,2029.29,15,400.0,0.473,3e-05,865.28,536.0,50.26,0.22,water
data/annotated/test/water/01-220422_1139_Ch6_water_1.wav,933.21,932.54,65,400.0,0.499,3e-05,1053.9,569.98,50.4,0.19,water
data/annotated/test/water/01-220425_1158_Ch4_water_1.wav,261.17,261.17,27,400.0,0.395,1e-05,1216.72,553.83,53.61,0.38,water
data/annotated/test/water/01-220425_1158_Ch6_water_1.wav,659.31,659.31,122,400.0,0.395,4e-05,897.71,567.84,50.05,0.13,water
data/annotated/test/water/01-220425_1158_Ch6_water_2.wav,170.46,170.46,40,50.0,0.469,3e-05,839.84,599.9,52.8,0.17,water
data/annotated/test/water/01-220425_1158_Ch6_water_3.wav,175.0,175.0,40,50.0,0.298,3e-05,814.68,606.46,51.43,0.19,water
data/annotated/test/water/01-220425_1158_Ch6_water_4.wav,208.62,208.62,49,16.7,0.295,3e-05,884.7,568.02,52.73,0.28,water
data/annotated/test/water/01-220425_1241_Ch6_water_1.wav,204.74,204.74,45,333.3,0.519,8e-05,758.62,600.77,53.73,0.06,water
data/annotated/test/water/01-220425_1241_Ch6_water_2.wav,386.53,386.53,64,400.0,0.616,9e-05,920.49,590.22,51.74,0.09,water
data/annotated/test/water/01-220425_1241_Ch6_water_3.wav,1585.57,1585.57,347,400.0,0.387,8e-05,777.31,599.05,50.45,0.03,water
data/annotated/test/water/01-220425_1241_Ch6_water_4.wav,465.54,465.54,102,333.3,0.467,8e-05,878.66,621.89,51.55,0.07,water
data/annotated/test/water/01-220425_1241_Ch6_water_5.wav,978.21,978.21,217,25.0,0.446,8e-05,711.1,576.68,50.09,0.02,water
data/annotated/test/water/01-220425_1241_Ch6_water_6.wav,998.7,997.86,51,400.0,0.536,0.00011,901.98,505.79,50.11,0.25,water
data/annotated/test/water/01-220425_1241_Ch6_water_7.wav,427.73,426.84,46,400.0,0.673,0.0001,743.13,460.55,51.54,0.05,water
data/annotated/test/water/01-220506_1339_Ch4_water_1.wav,658.79,657.61,56,400.0,0.401,2e-05,848.52,522.91,50.18,0.2,water
data/annotated/test/water/01-220506_1339_Ch6_water_1.wav,663.67,663.67,150,25.0,0.39,8e-05,909.06,565.43,51.23,0.14,water
data/annotated/test/water/01-220506_1339_Ch6_water_2.wav,251.07,250.58,36,400.0,0.623,0.0001,795.43,527.1,51.88,0.14,water
data/annotated/test/water/01-220506_1339_Ch6_water_3.wav,303.76,303.76,66,50.0,0.518,8e-05,907.38,582.81,52.67,0.13,water
data/annotated/test/water/01-240308_1826_Ch2_water_1.wav,8.38,8.38,3,133.3,0.104,4e-05,781.12,569.49,119.4,0.4,water
data/annotated/test/water/01-240308_1826_Ch2_water_2.wav,27.98,27.98,7,74.1,0.186,3e-05,751.51,562.4,285.93,0.33,water
data/annotated/test/water/01-240308_1826_Ch2_water_3.wav,11.83,11.83,2,166.7,0.186,4e-05,818.6,608.04,253.52,0.31,water
data/annotated/test/water/01-240308_1826_Ch2_water_4.wav,40.4,40.4,10,62.5,0.262,4e-05,718.41,471.77,74.27,0.26,water
data/annotated/test/water/01-240308_1826_Ch2_water_5.wav,34.19,34.19,9,87.0,0.145,3e-05,851.87,522.06,58.5,0.39,water
data/annotated/test/water/01-240308_1826_Ch2_water_6.wav,37.29,37.29,9,400.0,0.445,4e-05,1256.87,654.15,1850.28,0.2,water
data/annotated/test/water/01-240308_1826_Ch2_water_7.wav,27.98,27.98,7,100.0,0.282,5e-05,1128.19,684.5,1930.01,0.31,water
data/annotated/test/water/01-240308_1826_Ch2_water_8.wav,23.44,23.44,5,222.2,0.503,4e-05,905.34,625.01,85.33,0.45,water
data/annotated/test/water/01-240308_1826_Ch2_water_9.wav,34.19,34.17,7,250.0,0.342,5e-05,924.43,589.62,58.54,0.33,water
data/annotated/test/water/01-240314_0832_Ch2_water_1.wav,40.4,40.4,9,400.0,0.484,4e-05,906.72,447.35,1039.71,0.22,water
data/annotated/test/water/01-240314_0832_Ch2_water_10.wav,37.29,37.29,9,200.0,0.325,4e-05,837.51,510.71,858.1,0.22,water
data/annotated/test/water/01-240314_0832_Ch2_water_2.wav,34.19,33.94,5,400.0,0.601,7e-05,921.94,430.56,1090.24,0.07,water
data/annotated/test/water/01-240314_0832_Ch2_water_3.wav,21.75,21.75,6,111.1,0.195,3e-05,897.53,570.12,275.86,0.57,water
data/annotated/test/water/01-240314_0832_Ch2_water_4.wav,31.08,31.08,7,400.0,0.347,5e-05,1199.02,564.38,1544.24,0.2,water
data/annotated/test/water/01-240314_0832_Ch2_water_5.wav,18.67,18.67,4,222.2,0.118,3e-05,858.32,552.11,267.86,0.39,water
data/annotated/test/water/01-240314_0832_Ch2_water_6.wav,18.67,18.67,5,105.3,0.256,3e-05,899.65,516.47,1285.71,0.56,water
data/annotated/test/water/01-240314_0832_Ch2_water_7.wav,27.96,27.96,7,222.2,0.356,4e-05,746.72,506.53,286.14,0.29,water
data/annotated/test/water/01-240314_0832_Ch2_water_8.wav,34.17,34.17,9,400.0,0.478,4e-05,860.84,432.73,907.32,0.14,water
data/annotated/test/water/01-240314_0832_Ch2_water_9.wav,24.85,24.85,6,400.0,0.213,3e-05,840.36,534.91,80.47,0.39,water
data/annotated/test/water/01-240318_1619_Ch2_water_1.wav,27.98,27.98,7,200.0,0.287,4e-05,984.0,599.01,71.48,0.44,water
data/annotated/test/water/01-240318_1619_Ch2_water_2.wav,21.75,21.75,4,200.0,0.168,2e-05,931.08,550.7,275.86,0.54,water
data/annotated/test/water/01-240318_1619_Ch2_water_3.wav,34.17,34.17,8,400.0,0.229,4e-05,1099.46,496.51,1229.27,0.3,water
data/annotated/test/water/01-240318_1619_Ch2_water_4.wav,15.83,15.83,5,400.0,0.35,4e-05,1034.86,573.08,1452.63,0.6,water
data/annotated/test/water/01-240318_1619_Ch2_water_5.wav,27.96,27.96,6,90.9,0.147,4e-05,798.13,544.3,321.91,0.39,water
data/annotated/test/water/01-240318_1619_Ch2_water_6.wav,49.71,49.71,11,400.0,0.551,4e-05,930.01,561.05,1146.69,0.35,water
data/annotated/test/water/01-240318_1619_Ch2_water_7.wav,40.4,40.4,11,285.7,0.545,4e-05,922.75,491.9,321.82,0.29,water
data/annotated/test/water/01-240318_1619_Ch2_water_8.wav,31.08,31.08,8,400.0,0.17,4e-05,946.29,487.53,739.95,0.31,water
data/annotated/test/water/01-240318_1619_Ch2_water_9.wav,27.98,27.73,5,400.0,0.365,6e-05,1149.72,513.67,1298.27,0.16,water
data/annotated/test/water/01-240322_1829_Ch2_water_1.wav,31.08,31.08,8,400.0,0.353,4e-05,998.12,542.1,1254.69,0.27,water
data/annotated/test/water/01-240322_1829_Ch2_water_2.wav,45.4,44.6,7,400.0,0.6,5e-05,1047.81,400.09,1233.07,0.11,water
data/annotated/test/water/01-240322_1829_Ch2_water_3.wav,18.67,18.67,5,111.1,0.161,7e-05,973.08,497.97,1392.86,0.12,water
data/annotated/test/water/01-240322_1829_Ch2_water_4.wav,40.4,40.23,7,400.0,0.559,5e-05,931.66,391.54,1019.16,0.13,water
data/annotated/test/water/01-240322_1829_Ch2_water_5.wav,16.15,16.15,5,222.2,0.208,4e-05,822.88,560.58,61.94,0.18,water
data/annotated/test/water/01-240322_1829_Ch2_water_6.wav,27.98,27.98,6,181.8,0.15,5e-05,1026.82,441.18,1215.19,0.12,water
data/annotated/test/water/01-240325_0409_Ch2_water_1.wav,21.77,21.77,5,222.2,0.241,3e-05,759.86,459.6,275.6,0.21,water
data/annotated/test/water/01-240326_1445_Ch2_water_1.wav,21.75,21.73,5,58.8,0.095,3e-05,982.06,601.52,1794.82,0.31,water
data/annotated/test/water/01-240328_0121_Ch2_water_1.wav,37.29,37.29,9,400.0,0.466,5e-05,812.06,432.07,1045.81,0.08,water
data/annotated/test/water/01-240328_0121_Ch2_water_2.wav,34.42,32.71,4,400.0,0.232,6e-05,896.32,343.81,978.34,0.05,water
data/annotated/test/water/01-240328_0121_Ch2_water_3.wav,37.29,37.29,8,400.0,0.336,5e-05,819.43,405.21,965.36,0.1,water
data/annotated/test/water/01-240328_0121_Ch2_water_4.wav,17.62,17.62,4,76.9,0.207,3e-05,818.43,524.81,1304.96,0.38,water
data/annotated/test/water/01-240328_0121_Ch2_water_5.wav,34.19,34.19,7,125.0,0.258,5e-05,847.05,385.24,848.26,0.09,water
data/annotated/test/water/01-240328_0121_Ch2_water_6.wav,52.81,52.79,11,400.0,0.179,4e-05,785.52,405.77,833.46,0.14,water
data/annotated/test/water/01-240329_0025_Ch2_water_1.wav,23.75,23.75,6,200.0,0.18,6e-05,860.68,377.52,842.11,0.12,water
data/annotated/test/water/01-240329_0025_Ch2_water_2.wav,31.08,31.08,7,200.0,0.356,4e-05,821.38,386.59,868.63,0.1,water
data/annotated/test/water/01-240412_2314_Ch2_water_1.wav,15.52,15.52,4,400.0,0.217,2e-05,996.75,693.54,1804.03,0.19,water
data/annotated/test/water/01-240412_2314_Ch4_water_1.wav,22.85,22.85,6,400.0,0.247,3e-05,963.06,558.03,1487.69,0.14,water
data/annotated/test/water/01-240415_0517_Ch2_water_1.wav,31.08,31.08,7,44.4,0.118,2e-05,557.22,494.08,64.34,0.09,water
data/annotated/test/water/01-240415_0517_Ch2_water_10.wav,40.4,40.4,9,40.8,0.225,2e-05,777.83,522.42,222.8,0.22,water
data/annotated/test/water/01-240415_0517_Ch2_water_11.wav,16.79,16.79,4,181.8,0.261,2e-05,591.11,521.79,59.55,0.22,water
data/annotated/test/water/01-240415_0517_Ch2_water_12.wav,34.17,34.17,9,400.0,0.415,2e-05,917.47,668.3,1697.56,0.16,water
data/annotated/test/water/01-240415_0517_Ch2_water_13.wav,37.29,37.04,8,46.5,0.214,2e-05,562.72,502.34,215.97,0.12,water
data/annotated/test/water/01-240415_0517_Ch2_water_14.wav,59.02,59.02,13,23.5,0.157,2e-05,761.52,574.91,50.83,0.23,water
data/annotated/test/water/01-240415_0517_Ch2_water_15.wav,37.29,37.29,9,51.3,0.259,2e-05,889.12,687.45,53.63,0.16,water
data/annotated/test/water/01-240415_0517_Ch2_water_16.wav,40.4,40.4,10,285.7,0.151,2e-05,712.77,557.85,74.27,0.29,water
data/annotated/test/water/01-240415_0517_Ch2_water_17.wav,43.48,43.48,10,60.6,0.229,2e-05,613.56,476.75,574.99,0.15,water
data/annotated/test/water/01-240415_0517_Ch2_water_18.wav,31.08,31.08,7,87.0,0.206,2e-05,804.23,534.43,1126.01,0.23,water
data/annotated/test/water/01-240415_0517_Ch2_water_19.wav,37.29,37.29,7,40.0,0.108,2e-05,602.66,495.16,241.34,0.13,water
data/annotated/test/water/01-240415_0517_Ch2_water_2.wav,24.88,24.88,6,222.2,0.416,1e-05,707.62,518.1,562.81,0.26,water
data/annotated/test/water/01-240415_0517_Ch2_water_20.wav,49.71,49.71,12,66.7,0.238,2e-05,708.16,491.53,321.88,0.15,water
data/annotated/test/water/01-240415_0517_Ch2_water_21.wav,27.96,27.96,7,181.8,0.206,2e-05,818.17,569.4,572.28,0.29,water
data/annotated/test/water/01-240415_0517_Ch2_water_22.wav,24.88,24.88,6,83.3,0.201,2e-05,773.88,605.49,562.81,0.19,water
data/annotated/test/water/01-240415_0517_Ch2_water_23.wav,34.17,34.17,7,181.8,0.284,2e-05,531.02,507.81,58.54,0.1,water
data/annotated/test/water/01-240415_0517_Ch2_water_3.wav,37.27,37.27,9,166.7,0.243,2e-05,594.37,484.21,590.27,0.13,water
data/annotated/test/water/01-240415_0517_Ch2_water_4.wav,46.6,46.6,11,58.8,0.286,2e-05,614.16,511.37,64.37,0.14,water
data/annotated/test/water/01-240415_0517_Ch2_water_5.wav,18.0,18.0,4,400.0,0.317,3e-05,594.15,535.12,55.56,0.13,water
data/annotated/test/water/01-240415_0517_Ch2_water_6.wav,31.08,31.08,8,117.6,0.25,2e-05,617.85,489.47,64.34,0.17,water
data/annotated/test/water/01-240415_0517_Ch2_water_7.wav,28.23,28.23,6,400.0,0.205,2e-05,822.81,490.51,1133.58,0.26,water
data/annotated/test/water/01-240415_0517_Ch2_water_8.wav,24.88,24.88,6,133.3,0.172,2e-05,567.68,476.21,80.4,0.15,water
data/annotated/test/water/01-240415_0517_Ch2_water_9.wav,31.08,31.08,7,111.1,0.18,1e-05,606.57,519.34,64.34,0.17,water
data/annotated/test/water/01-240415_1649_Ch2_water_1.wav,49.71,48.6,10,27.8,0.193,2e-05,718.2,623.11,226.32,0.17,water
data/annotated/test/water/01-240415_1649_Ch2_water_10.wav,43.5,43.5,9,250.0,0.467,3e-05,839.53,643.26,321.84,0.09,water
data/annotated/test/water/01-240415_1649_Ch2_water_11.wav,49.71,49.71,12,285.7,0.398,2e-05,614.14,542.71,301.76,0.12,water
data/annotated/test/water/01-240415_1649_Ch2_water_12.wav,40.4,40.4,11,333.3,0.289,2e-05,621.17,515.25,297.06,0.14,water
data/annotated/test/water/01-240415_1649_Ch2_water_13.wav,49.71,49.71,11,250.0,0.228,2e-05,626.72,529.64,60.35,0.15,water
data/annotated/test/water/01-240415_1649_Ch2_water_14.wav,49.71,49.71,11,222.2,0.131,2e-05,701.57,523.68,523.05,0.12,water
data/annotated/test/water/01-240415_1649_Ch2_water_15.wav,52.81,52.81,12,142.9,0.193,2e-05,707.3,531.65,56.8,0.15,water
data/annotated/test/water/01-240415_1649_Ch2_water_16.wav,59.04,59.04,13,19.0,0.195,2e-05,662.76,508.22,50.81,0.15,water
data/annotated/test/water/01-240415_1649_Ch2_water_17.wav,46.6,46.6,10,28.2,0.194,2e-05,687.67,533.88,64.37,0.17,water
data/annotated/test/water/01-240415_1649_Ch2_water_18.wav,52.81,52.81,13,29.4,0.209,2e-05,771.05,578.46,56.8,0.19,water
data/annotated/test/water/01-240415_1649_Ch2_water_19.wav,37.29,37.29,9,166.7,0.187,2e-05,693.45,546.33,53.63,0.15,water
data/annotated/test/water/01-240415_1649_Ch2_water_2.wav,46.6,46.29,11,100.0,0.147,2e-05,591.54,529.58,302.43,0.12,water
data/annotated/test/water/01-240415_1649_Ch2_water_20.wav,74.54,74.54,16,32.8,0.22,2e-05,746.13,556.11,53.66,0.19,water
data/annotated/test/water/01-240415_1649_Ch2_water_21.wav,62.12,62.12,14,38.5,0.149,2e-05,767.27,535.24,531.19,0.19,water
data/annotated/test/water/01-240415_1649_Ch2_water_22.wav,15.54,15.54,3,71.4,0.147,2e-05,591.16,509.75,321.72,0.13,water
data/annotated/test/water/01-240415_1649_Ch2_water_23.wav,55.92,55.92,13,133.3,0.327,2e-05,807.5,480.17,1090.91,0.11,water
data/annotated/test/water/01-240415_1649_Ch2_water_24.wav,46.6,46.6,11,250.0,0.393,2e-05,952.02,667.3,300.4,0.24,water
data/annotated/test/water/01-240415_1649_Ch2_water_25.wav,52.81,52.81,12,51.3,0.165,2e-05,888.51,638.68,302.96,0.28,water
data/annotated/test/water/01-240415_1649_Ch2_water_26.wav,49.71,49.71,12,222.2,0.414,2e-05,786.3,571.62,60.35,0.17,water
data/annotated/test/water/01-240415_1649_Ch2_water_27.wav,55.92,55.92,13,222.2,0.294,2e-05,733.88,624.15,339.79,0.17,water
data/annotated/test/water/01-240415_1649_Ch2_water_28.wav,49.71,49.71,12,250.0,0.222,2e-05,774.04,607.51,60.35,0.2,water
data/annotated/test/water/01-240415_1649_Ch2_water_29.wav,51.25,51.25,12,87.0,0.176,2e-05,820.81,669.91,58.54,0.18,water
data/annotated/test/water/01-240415_1649_Ch2_water_3.wav,37.27,37.27,8,50.0,0.143,2e-05,604.86,541.23,295.14,0.13,water
data/annotated/test/water/01-240415_1649_Ch2_water_30.wav,34.19,34.19,8,64.5,0.147,2e-05,835.68,651.71,204.75,0.2,water
data/annotated/test/water/01-240415_1649_Ch2_water_31.wav,49.71,49.65,9,34.5,0.172,2e-05,782.11,513.26,60.43,0.19,water
data/annotated/test/water/01-240415_1649_Ch2_water_32.wav,105.6,105.6,25,250.0,0.255,2e-05,841.46,652.89,56.82,0.19,water
data/annotated/test/water/01-240415_1649_Ch2_water_33.wav,52.81,52.81,13,51.3,0.198,2e-05,634.8,537.33,56.8,0.13,water
data/annotated/test/water/01-240415_1649_Ch2_water_4.wav,31.08,31.08,7,60.6,0.391,2e-05,852.08,660.36,64.34,0.3,water
data/annotated/test/water/01-240415_1649_Ch2_water_5.wav,43.5,43.5,10,43.5,0.188,2e-05,631.09,548.04,344.83,0.11,water
data/annotated/test/water/01-240415_1649_Ch2_water_6.wav,49.71,49.71,12,60.6,0.136,2e-05,869.65,609.57,341.99,0.22,water
data/annotated/test/water/01-240415_1649_Ch2_water_7.wav,49.71,49.71,12,43.5,0.178,1e-05,602.7,518.01,60.35,0.15,water
data/annotated/test/water/01-240415_1649_Ch2_water_8.wav,52.81,52.81,11,250.0,0.351,2e-05,706.88,594.43,302.96,0.13,water
data/annotated/test/water/01-240415_1649_Ch2_water_9.wav,31.08,31.08,8,333.3,0.232,2e-05,656.31,556.05,289.54,0.15,water
data/annotated/test/water/01-240416_0421_Ch2_water_1.wav,27.98,27.98,6,400.0,0.32,2e-05,539.51,494.38,321.67,0.07,water
data/annotated/test/water/01-240416_0421_Ch2_water_2.wav,34.19,34.19,7,38.5,0.238,1e-05,694.84,570.74,58.5,0.21,water
data/annotated/test/water/01-240416_0421_Ch2_water_3.wav,34.17,33.44,6,200.0,0.248,2e-05,655.32,596.07,328.97,0.15,water
data/annotated/test/water/01-240416_0421_Ch2_water_4.wav,34.19,34.19,8,250.0,0.382,2e-05,707.49,577.19,555.76,0.17,water
data/annotated/test/water/01-240416_0421_Ch2_water_5.wav,24.85,24.85,6,400.0,0.233,3e-05,917.06,671.45,241.41,0.14,water
data/annotated/test/water/01-240416_0421_Ch2_water_6.wav,34.17,34.17,7,250.0,0.217,2e-05,644.56,577.93,204.88,0.11,water
data/annotated/test/water/01-240416_0421_Ch2_water_7.wav,34.19,34.19,7,34.5,0.251,2e-05,605.74,526.95,58.5,0.16,water
data/annotated/test/water/01-240417_0325_Ch2_water_1.wav,37.27,37.27,8,47.6,0.257,4e-05,917.01,678.54,295.14,0.15,water
data/annotated/test/water/01-240504_1411_Ch2_water_1.wav,34.19,34.19,7,181.8,0.377,5e-05,672.4,435.78,204.75,0.05,water
data/annotated/test/water/01-240504_1411_Ch2_water_2.wav,37.27,37.27,8,400.0,0.627,3e-05,751.75,468.66,187.81,0.05,water
data/annotated/test/water/01-240504_1411_Ch2_water_3.wav,49.71,49.71,12,400.0,0.277,5e-05,691.42,454.64,261.53,0.07,water
data/annotated/test/water/01-240504_1411_Ch2_water_4.wav,90.08,89.48,17,400.0,0.482,5e-05,613.2,441.78,201.16,0.05,water
data/annotated/test/water/01-240504_1411_Ch6_water_1.wav,13.04,13.04,4,222.2,0.355,0.00015,434.96,414.46,76.68,0.04,water
