start_s,end_s,duration_s,class,confidence
0.045,0.11,0.065,other,0.7847
0.185,0.19,0.005,other,0.6681
0.3,0.32,0.02,vocal,0.6833
0.43,0.44,0.01,vocal,0.6755
0.545,0.57,0.025,vocal,0.387
0.615,0.63,0.015,vocal,0.4513
0.775,0.79,0.015,vocal,0.4553
1.325,1.34,0.015,other,0.4428
1.47,1.55,0.08,vocal,0.7537
1.715,1.79,0.075,other,0.7687
2.045,2.05,0.005,vocal,0.3118
2.12,2.13,0.01,vocal,0.4145
2.205,2.21,0.005,other,0.4743
2.28,2.33,0.05,other,0.8307
2.875,2.9,0.025,other,0.8184
2.955,3.04,0.085,other,0.9462
3.455,3.46,0.005,vocal,0.3859
3.645,3.69,0.045,click,0.6338
3.755,3.76,0.005,other,0.3338
3.84,3.855,0.015,vocal,0.9647
4.675,4.69,0.015,other,0.2929
5.275,5.285,0.01,vocal,0.4945
5.615,5.71,0.095,click,0.5386
5.775,5.78,0.005,silence,0.625
6.175,6.18,0.005,vocal,0.4058
8.36,8.365,0.005,click,0.4578
8.46,8.565,0.105,other,0.8851
8.61,8.645,0.035,other,0.892
8.71,8.745,0.035,other,0.6329
8.84,8.865,0.025,other,0.9197
9.04,9.045,0.005,silence,0.5592
9.41,9.415,0.005,silence,0.4019
9.95,9.995,0.045,other,0.9626
10.04,10.045,0.005,click,0.6803
10.42,10.605,0.185,other,0.9826
10.725,10.735,0.01,other,0.6379
10.97,10.975,0.005,silence,0.5599
11.11,11.37,0.26,other,0.9707
11.635,11.64,0.005,silence,0.3456
11.715,11.72,0.005,other,0.3206
12.515,12.7,0.185,other,0.9898
12.775,12.785,0.01,other,0.7719
12.835,12.855,0.02,other,0.8255
13.115,13.14,0.025,click,0.5329
13.71,13.84,0.13,other,0.5304
13.965,14.01,0.045,other,0.7296
14.465,14.47,0.005,other,0.3354
14.565,14.57,0.005,silence,0.5565
15.275,15.28,0.005,silence,0.4565
15.935,15.985,0.05,other,0.9785
16.41,16.455,0.045,other,0.982
16.61,16.625,0.015,vocal,0.3538
17.07,17.105,0.035,other,0.3586
17.24,17.245,0.005,other,0.3615
17.58,17.585,0.005,click,0.5723
17.66,17.69,0.03,other,0.6095
17.8,17.805,0.005,click,0.7107
17.905,17.945,0.04,other,0.4334
18.01,18.015,0.005,vocal,0.3813
18.11,18.115,0.005,silence,0.3809
18.22,18.225,0.005,other,0.3364
18.34,18.345,0.005,silence,0.5351
19.455,19.46,0.005,silence,0.4862
19.56,19.57,0.01,vocal,0.4264
19.76,19.88,0.12,other,0.8563
19.945,20.05,0.105,silence,0.4545
20.115,20.12,0.005,other,0.3213
20.245,20.25,0.005,vocal,0.4555
20.505,20.51,0.005,vocal,0.3936
20.74,20.75,0.01,other,0.4628
21.035,21.04,0.005,silence,0.3497
21.1,21.2,0.1,click,0.8993
21.285,21.29,0.005,silence,0.348
21.335,21.38,0.045,other,0.544
21.445,21.45,0.005,vocal,0.471
21.675,21.68,0.005,silence,0.3911
21.765,21.77,0.005,silence,0.3197
22.155,22.16,0.005,silence,0.4941
22.335,22.34,0.005,silence,0.3193
23.395,23.4,0.005,vocal,0.4948
23.76,23.765,0.005,vocal,0.5139
23.9,23.905,0.005,vocal,0.5778
24.1,24.105,0.005,other,0.6795
24.26,24.265,0.005,vocal,0.5326
24.34,24.385,0.045,other,0.4391
24.62,24.625,0.005,other,0.3945
24.68,24.685,0.005,vocal,0.4152
24.75,24.755,0.005,vocal,0.5554
24.8,24.86,0.06,other,0.6457
24.92,24.925,0.005,silence,0.5442
25.19,25.245,0.055,other,0.7551
25.39,25.395,0.005,silence,0.3402
25.55,25.625,0.075,vocal,0.9538
25.67,25.705,0.035,vocal,0.646
25.78,25.785,0.005,silence,0.4554
26.01,26.055,0.045,vocal,0.4331
26.11,26.115,0.005,vocal,0.4083
26.35,26.355,0.005,silence,0.5854
26.65,26.655,0.005,silence,0.4376
26.73,26.735,0.005,silence,0.4737
27.03,27.035,0.005,silence,0.4957
27.675,27.715,0.04,vocal,0.6565
27.8,27.805,0.005,silence,0.2705
28.33,28.345,0.015,water,0.5934
28.915,28.92,0.005,vocal,0.6099
29.245,29.26,0.015,vocal,0.5475
29.315,29.32,0.005,silence,0.4312
29.395,29.4,0.005,silence,0.3723
29.455,29.46,0.005,vocal,0.6438
29.52,29.55,0.03,vocal,0.8306
29.595,29.62,0.025,other,0.9017
29.67,29.69,0.02,click,0.8026
29.905,29.94,0.035,other,0.7029
30.135,30.19,0.055,other,0.8838
30.24,30.38,0.14,other,0.959
30.795,30.81,0.015,click,0.4183
30.945,30.97,0.025,other,0.7749
31.045,31.05,0.005,silence,0.4017
31.135,31.14,0.005,silence,0.3781
31.185,31.26,0.075,vocal,0.5769
31.765,31.77,0.005,silence,0.3538
31.825,31.83,0.005,silence,0.3601
31.985,31.99,0.005,silence,0.4814
32.505,32.51,0.005,silence,0.6435
32.965,33.05,0.085,other,0.4585
33.33,33.35,0.02,click,0.7124
33.82,33.86,0.04,other,0.8375
33.975,34.08,0.105,other,0.6263
35.65,35.655,0.005,vocal,0.3895
35.72,35.725,0.005,silence,0.4629
36.51,36.515,0.005,silence,0.3444
36.58,36.585,0.005,silence,0.4506
38.16,38.165,0.005,vocal,0.3916
38.34,38.345,0.005,silence,0.5971
38.56,38.565,0.005,silence,0.3374
38.62,38.625,0.005,silence,0.4503
38.86,38.865,0.005,silence,0.4405
39.12,39.125,0.005,other,0.3578
39.38,39.385,0.005,silence,0.5155
41.24,41.245,0.005,vocal,0.6645
41.5,41.505,0.005,vocal,0.5941
42.88,42.885,0.005,vocal,0.4379
43.52,43.565,0.045,other,0.8561
44.185,44.19,0.005,vocal,0.5044
44.25,44.255,0.005,vocal,0.6114
44.655,44.66,0.005,vocal,0.3479
45.16,45.265,0.105,other,0.7433
45.31,45.49,0.18,other,0.9671
45.605,45.66,0.055,other,0.8784
45.775,45.78,0.005,silence,0.2963
45.855,45.86,0.005,other,0.5013
45.925,45.93,0.005,silence,0.3206
45.985,46.05,0.065,other,0.9213
46.095,46.11,0.015,vocal,0.8395
46.215,46.26,0.045,vocal,0.6574
46.645,46.65,0.005,other,0.345
47.675,47.68,0.005,other,0.4168
47.745,47.76,0.015,vocal,0.3958
47.805,47.81,0.005,silence,0.4125
48.095,48.12,0.025,vocal,0.6969
48.185,48.19,0.005,silence,0.4111
48.365,48.37,0.005,silence,0.4784
48.475,48.48,0.005,silence,0.4685
48.595,48.6,0.005,vocal,0.3393
48.715,48.84,0.125,other,0.6667
48.895,48.9,0.005,silence,0.4071
49.065,49.07,0.005,silence,0.3884
49.115,49.2,0.085,other,0.4467
49.385,49.39,0.005,silence,0.3973
49.475,49.5,0.025,other,0.8346
49.555,49.56,0.005,silence,0.3721
49.695,49.74,0.045,other,0.5331
49.845,49.91,0.065,other,0.6819
49.96,50.02,0.06,other,0.909
50.07,50.1,0.03,other,0.9217
50.175,50.18,0.005,silence,0.3533
50.245,50.28,0.035,other,0.7603
50.335,50.36,0.025,other,0.4591
50.475,50.48,0.005,other,0.5762
50.615,50.66,0.045,other,0.6891
50.835,50.84,0.005,silence,0.5976
51.015,51.03,0.015,vocal,0.4374
51.075,51.09,0.015,click,0.4237
51.145,51.16,0.015,vocal,0.4913
51.215,51.3,0.085,other,0.307
51.355,51.36,0.005,silence,0.4966
51.415,51.42,0.005,silence,0.5187
51.475,51.52,0.045,silence,0.3712
51.575,51.74,0.165,other,0.8573
51.815,52.03,0.215,other,0.942
52.075,52.16,0.085,other,0.8283
52.235,52.38,0.145,other,0.3726
52.455,52.46,0.005,silence,0.4445
52.515,52.52,0.005,silence,0.5418
52.585,52.59,0.005,silence,0.4899
52.635,53.12,0.485,other,0.6133
53.205,53.22,0.015,silence,0.4124
53.275,53.44,0.165,other,0.9022
53.655,53.66,0.005,silence,0.4577
53.875,54.27,0.395,click,0.585
54.475,54.52,0.045,other,0.361
54.575,54.68,0.105,silence,0.6044
54.825,54.83,0.005,silence,0.5093
54.955,55.0,0.045,silence,0.3651
55.135,55.16,0.025,vocal,0.3636
55.205,55.22,0.015,silence,0.3298
55.275,55.36,0.085,vocal,0.4308
55.525,55.62,0.095,silence,0.4555
55.735,55.74,0.005,silence,0.5786
55.815,55.82,0.005,other,0.3968
55.895,55.9,0.005,silence,0.6355
56.015,56.04,0.025,vocal,0.5126
56.095,56.12,0.025,vocal,0.3381
56.195,56.26,0.065,vocal,0.5824
56.375,56.44,0.065,other,0.8124
56.515,56.52,0.005,silence,0.394
56.595,56.64,0.045,silence,0.5141
56.735,56.74,0.005,silence,0.5063
56.815,56.82,0.005,silence,0.4839
56.895,56.9,0.005,other,0.4068
57.095,57.1,0.005,other,0.5417
57.195,57.22,0.025,other,0.5335
57.345,57.38,0.035,vocal,0.4004
57.435,57.44,0.005,click,0.3934
57.495,57.5,0.005,silence,0.5789
57.565,57.59,0.025,click,0.6372
57.645,57.65,0.005,silence,0.3831
57.695,57.7,0.005,silence,0.5012
57.895,57.9,0.005,silence,0.3856
57.965,57.97,0.005,silence,0.6458
58.035,58.04,0.005,silence,0.4978
58.095,58.18,0.085,vocal,0.3219
58.315,58.36,0.045,other,0.4674
58.455,58.46,0.005,other,0.7319
58.655,58.66,0.005,vocal,0.4488
58.765,58.965,0.2,vocal,0.6701
59.175,59.22,0.045,silence,0.4794
59.455,59.52,0.065,other,0.7377
59.79,59.8,0.01,silence,0.3899
59.875,59.88,0.005,vocal,0.5496
60.135,60.16,0.025,vocal,0.589
60.275,60.28,0.005,vocal,0.6559
60.415,60.44,0.025,vocal,0.6752
60.655,60.73,0.075,other,0.7168
60.84,60.85,0.01,vocal,0.2897
61.0,61.04,0.04,click,0.336
61.46,61.465,0.005,vocal,0.5168
62.22,62.225,0.005,vocal,0.587
62.52,62.865,0.345,other,0.9636
63.0,63.005,0.005,silence,0.4554
63.24,63.245,0.005,vocal,0.4664
63.31,63.315,0.005,silence,0.4924
63.5,63.505,0.005,vocal,0.5522
63.64,63.645,0.005,vocal,0.417
63.91,63.915,0.005,silence,0.5699
64.03,64.035,0.005,silence,0.4176
64.17,64.175,0.005,silence,0.4271
64.23,64.315,0.085,silence,0.3381
64.52,64.635,0.115,silence,0.6189
64.69,64.735,0.045,vocal,0.4633
64.81,64.815,0.005,vocal,0.4413
65.05,65.055,0.005,vocal,0.379
65.25,65.295,0.045,silence,0.4234
65.39,65.395,0.005,silence,0.6585
65.46,65.465,0.005,silence,0.417
65.58,65.665,0.085,silence,0.4201
65.71,65.785,0.075,other,0.6127
65.89,65.895,0.005,other,0.5371
65.95,65.955,0.005,silence,0.4541
66.11,66.115,0.005,silence,0.4204
66.43,66.455,0.025,vocal,0.5213
66.65,66.655,0.005,vocal,0.6796
66.77,66.775,0.005,vocal,0.433
67.585,67.59,0.005,vocal,0.462
68.235,68.25,0.015,other,0.4026
68.555,68.56,0.005,silence,0.3644
68.865,68.87,0.005,silence,0.5043
69.225,69.26,0.035,vocal,0.5982
69.365,69.47,0.105,water,0.4855
69.515,69.52,0.005,silence,0.4803
69.585,69.59,0.005,silence,0.4123
69.695,69.7,0.005,silence,0.3892
69.885,69.89,0.005,silence,0.6093
69.965,69.97,0.005,silence,0.4787
70.085,70.11,0.025,other,0.4253
70.165,70.17,0.005,silence,0.6523
70.425,70.46,0.035,other,0.3352
70.505,70.51,0.005,silence,0.3707
70.605,70.65,0.045,other,0.9456
70.795,70.81,0.015,vocal,0.6567
71.325,71.38,0.055,other,0.6685
71.85,71.855,0.005,silence,0.4071
73.12,73.125,0.005,silence,0.5583
73.18,73.185,0.005,silence,0.5159
73.36,73.365,0.005,silence,0.597
73.51,73.525,0.015,vocal,0.6303
73.58,73.585,0.005,silence,0.4297
73.68,73.785,0.105,other,0.8413
73.88,73.985,0.105,vocal,0.5835
74.1,74.145,0.045,silence,0.4989
74.26,74.365,0.105,vocal,0.4437
74.42,74.425,0.005,silence,0.477
74.6,74.605,0.005,silence,0.4903
75.04,75.045,0.005,vocal,0.4637
75.1,75.105,0.005,vocal,0.5995
75.88,75.885,0.005,vocal,0.5988
76.335,76.37,0.035,vocal,0.4499
76.805,76.81,0.005,vocal,0.6125
76.905,76.91,0.005,vocal,0.598
76.96,76.97,0.01,vocal,0.551
77.055,77.06,0.005,silence,0.3799
77.135,77.14,0.005,silence,0.4063
77.295,77.3,0.005,silence,0.492
77.395,77.49,0.095,vocal,0.4999
77.655,77.66,0.005,vocal,0.3746
77.755,77.94,0.185,other,0.7802
77.995,78.1,0.105,silence,0.4432
78.155,78.16,0.005,silence,0.507
78.235,78.24,0.005,silence,0.335
78.315,78.32,0.005,silence,0.4504
78.415,78.42,0.005,silence,0.5569
78.495,78.68,0.185,silence,0.6635
78.775,78.88,0.105,silence,0.5937
79.055,79.14,0.085,other,0.6803
79.415,79.54,0.125,other,0.9195
79.655,79.66,0.005,vocal,0.3811
79.835,79.84,0.005,vocal,0.4912
79.96,79.965,0.005,silence,0.4879
80.055,80.06,0.005,vocal,0.551
80.46,80.49,0.03,other,0.6928
80.575,80.58,0.005,vocal,0.5769
80.815,80.825,0.01,vocal,0.8497
81.03,81.035,0.005,vocal,0.4168
81.18,81.225,0.045,vocal,0.4429
81.32,81.335,0.015,silence,0.3021
81.585,81.665,0.08,vocal,0.7277
81.81,81.835,0.025,vocal,0.7092
81.89,81.895,0.005,silence,0.3651
81.99,81.995,0.005,silence,0.3816
82.15,82.195,0.045,vocal,0.4861
82.33,82.335,0.005,silence,0.4002
82.42,82.425,0.005,silence,0.3584
82.52,82.575,0.055,vocal,0.6213
82.65,82.935,0.285,other,0.6953
83.03,83.115,0.085,vocal,0.5275
83.29,83.295,0.005,silence,0.3253
83.65,83.655,0.005,silence,0.3571
83.83,83.835,0.005,silence,0.4589
84.07,84.095,0.025,other,0.4438
84.25,84.275,0.025,other,0.4268
84.38,84.385,0.005,vocal,0.6732
85.24,85.485,0.245,silence,0.4712
85.69,85.695,0.005,vocal,0.542
85.79,85.85,0.06,vocal,0.5764
86.07,86.115,0.045,vocal,0.3245
86.23,86.25,0.02,other,0.7995
86.38,86.41,0.03,vocal,0.8896
86.555,86.56,0.005,vocal,0.4536
86.945,86.95,0.005,vocal,0.4995
87.085,87.09,0.005,silence,0.367
87.145,87.15,0.005,silence,0.4053
87.225,87.29,0.065,vocal,0.5663
87.335,87.38,0.045,vocal,0.3275
87.465,87.47,0.005,silence,0.365
87.525,87.55,0.025,other,0.3449
87.785,87.89,0.105,vocal,0.6656
87.955,88.27,0.315,vocal,0.5389
88.325,88.39,0.065,silence,0.3129
88.435,88.62,0.185,silence,0.4973
88.665,88.77,0.105,vocal,0.4622
88.825,88.84,0.015,vocal,0.3738
88.885,88.94,0.055,vocal,0.5459
88.985,89.03,0.045,silence,0.4494
89.125,89.6,0.475,other,0.9557
89.645,89.92,0.275,other,0.3977
90.005,90.03,0.025,vocal,0.7817
90.085,90.23,0.145,other,0.5182
90.285,90.43,0.145,vocal,0.4611
90.505,90.6,0.095,other,0.86
90.645,90.79,0.145,vocal,0.48
90.845,90.89,0.045,vocal,0.3466
90.945,90.95,0.005,silence,0.4992
90.995,91.0,0.005,other,0.5383
91.055,91.07,0.015,vocal,0.6667
91.125,91.23,0.105,click,0.5133
91.285,91.43,0.145,other,0.8008
91.505,91.55,0.045,silence,0.4058
91.725,91.73,0.005,vocal,0.4623
91.785,91.79,0.005,vocal,0.4839
91.885,92.0,0.115,vocal,0.4943
92.085,92.12,0.035,vocal,0.415
92.165,92.21,0.045,other,0.344
92.265,92.515,0.25,silence,0.4467
92.565,92.58,0.015,other,0.8813
92.665,92.67,0.005,vocal,0.5821
92.885,92.89,0.005,silence,0.3743
92.945,92.95,0.005,vocal,0.6724
93.045,93.05,0.005,vocal,0.5011
93.175,93.295,0.12,vocal,0.9181
93.445,93.45,0.005,vocal,0.6848
93.545,93.55,0.005,vocal,0.6042
93.625,93.63,0.005,vocal,0.3458
93.705,93.71,0.005,silence,0.3651
93.765,93.955,0.19,vocal,0.5658
94.205,94.23,0.025,vocal,0.6878
94.285,94.36,0.075,other,0.855
94.425,94.525,0.1,vocal,0.5043
94.575,94.585,0.01,vocal,0.4371
94.8,95.005,0.205,other,0.7139
95.14,95.145,0.005,silence,0.4341
95.285,95.325,0.04,vocal,0.7921
95.66,95.665,0.005,vocal,0.3549
95.74,95.745,0.005,vocal,0.5124
96.1,96.105,0.005,silence,0.3984
96.16,96.165,0.005,vocal,0.3455
96.52,96.525,0.005,silence,0.4143
96.58,96.585,0.005,silence,0.4821
96.66,96.665,0.005,silence,0.4102
96.92,96.945,0.025,silence,0.2808
97.0,97.005,0.005,silence,0.4012
97.1,97.205,0.105,silence,0.3676
97.29,97.405,0.115,silence,0.4669
97.46,97.485,0.025,silence,0.292
97.54,97.565,0.025,vocal,0.4717
97.63,97.885,0.255,click,0.3355
97.94,98.115,0.175,silence,0.5079
98.16,98.445,0.285,silence,0.6048
98.51,98.635,0.125,silence,0.4708
98.68,98.825,0.145,other,0.4496
98.92,99.025,0.105,silence,0.6235
99.08,99.085,0.005,silence,0.4733
99.17,99.215,0.045,other,0.3835
99.26,99.285,0.025,vocal,0.6125
99.36,99.545,0.185,silence,0.5897
99.76,99.865,0.105,silence,0.3649
99.92,99.925,0.005,vocal,0.4881
99.98,100.165,0.185,silence,0.5315
100.22,100.225,0.005,silence,0.4462
100.32,100.505,0.185,other,0.866
100.6,100.605,0.005,silence,0.5391
100.72,100.725,0.005,vocal,0.5352
100.78,100.785,0.005,silence,0.4609
100.86,100.905,0.045,other,0.3529
101.02,101.025,0.005,vocal,0.3839
101.1,101.105,0.005,vocal,0.4226
101.26,101.265,0.005,silence,0.5308
101.315,101.355,0.04,other,0.5473
101.44,101.565,0.125,vocal,0.3438
101.66,101.705,0.045,vocal,0.3623
101.76,101.925,0.165,other,0.7142
101.97,101.975,0.005,vocal,0.48
102.1,102.105,0.005,other,0.4176
102.19,102.275,0.085,other,0.3941
102.32,102.345,0.025,vocal,0.6788
102.455,102.605,0.15,other,0.9112
103.48,103.485,0.005,vocal,0.5345
103.555,103.56,0.005,vocal,0.6284
103.715,103.72,0.005,vocal,0.6064
103.775,103.78,0.005,vocal,0.4769
104.045,104.05,0.005,silence,0.4772
104.265,104.27,0.005,silence,0.4687
104.535,104.54,0.005,silence,0.4469
104.685,104.69,0.005,silence,0.4839
104.735,104.82,0.085,vocal,0.7455
104.875,104.92,0.045,other,0.3653
104.965,105.06,0.095,silence,0.4124
105.115,105.24,0.125,silence,0.4009
105.295,105.3,0.005,silence,0.5243
105.345,105.4,0.055,vocal,0.4273
105.475,105.48,0.005,silence,0.5266
105.535,105.62,0.085,vocal,0.4839
105.675,105.68,0.005,silence,0.5921
105.735,105.86,0.125,click,0.5034
105.975,105.99,0.015,click,0.4294
106.065,106.07,0.005,silence,0.3102
106.125,106.18,0.055,vocal,0.4774
106.235,106.28,0.045,silence,0.4555
106.395,106.4,0.005,silence,0.3504
106.495,106.5,0.005,vocal,0.4169
106.555,106.58,0.025,click,0.3424
106.655,106.76,0.105,silence,0.3823
106.815,106.86,0.045,vocal,0.5732
106.915,107.0,0.085,silence,0.4465
107.075,107.08,0.005,vocal,0.535
107.165,107.18,0.015,vocal,0.378
107.235,107.26,0.025,click,0.5363
107.315,107.32,0.005,silence,0.5622
107.395,107.46,0.065,vocal,0.5814
107.535,107.54,0.005,silence,0.3614
107.7,107.715,0.015,water,0.4304
107.855,107.905,0.05,vocal,0.5604
107.975,108.01,0.035,other,0.6723
108.18,108.195,0.015,water,0.4596
108.355,108.38,0.025,vocal,0.5085
108.65,108.655,0.005,vocal,0.605
108.715,108.895,0.18,vocal,0.6619
108.97,108.975,0.005,vocal,0.5507
109.15,109.155,0.005,vocal,0.4761
109.22,109.225,0.005,silence,0.4063
109.35,109.665,0.315,silence,0.3666
109.73,109.815,0.085,other,0.507
109.95,109.955,0.005,click,0.3315
110.03,110.075,0.045,vocal,0.3712
110.16,110.425,0.265,other,0.3747
110.49,110.675,0.185,other,0.4449
110.72,110.835,0.115,silence,0.4908
110.95,110.995,0.045,silence,0.3497
111.17,111.175,0.005,silence,0.3838
111.27,111.305,0.035,vocal,0.6355
111.37,111.415,0.045,vocal,0.4245
111.47,111.695,0.225,vocal,0.452
111.74,111.745,0.005,silence,0.4875
111.79,111.875,0.085,vocal,0.356
111.93,111.935,0.005,vocal,0.6596
112.03,112.155,0.125,click,0.5027
112.21,112.255,0.045,vocal,0.6034
112.31,112.335,0.025,vocal,0.7434
112.635,112.675,0.04,other,0.5324
112.75,112.78,0.03,other,0.5846
112.825,112.83,0.005,silence,0.5292
112.95,112.97,0.02,other,0.6036
113.015,113.27,0.255,vocal,0.732
113.335,113.51,0.175,silence,0.4184
113.555,113.8,0.245,other,0.4631
113.865,114.05,0.185,vocal,0.4462
114.105,114.35,0.245,other,0.4134
114.395,114.41,0.015,vocal,0.4618
114.465,114.47,0.005,silence,0.4373
114.525,114.54,0.015,silence,0.4615
114.605,114.79,0.185,other,0.4467
114.845,115.05,0.205,silence,0.3527
115.165,115.17,0.005,other,0.5077
115.365,115.43,0.065,vocal,0.3329
115.565,115.59,0.025,vocal,0.5526
115.905,116.255,0.35,silence,0.5845
116.34,116.345,0.005,vocal,0.3883
116.405,116.435,0.03,vocal,0.8127
116.565,116.575,0.01,vocal,0.8457
116.63,116.635,0.005,vocal,0.4502
116.68,116.685,0.005,silence,0.38
116.775,116.965,0.19,other,0.7528
117.02,117.055,0.035,vocal,0.55
117.11,117.155,0.045,silence,0.4585
117.22,117.335,0.115,other,0.7274
117.39,117.425,0.035,vocal,0.7063
117.48,117.675,0.195,silence,0.5443
117.72,117.825,0.105,vocal,0.4679
117.885,118.065,0.18,vocal,0.7593
118.13,118.285,0.155,vocal,0.5288
118.34,118.805,0.465,click,0.5002
118.88,118.885,0.005,silence,0.3777
118.98,119.07,0.09,vocal,0.8267
119.12,119.145,0.025,vocal,0.7388
119.2,119.205,0.005,vocal,0.3907
119.35,119.385,0.035,vocal,0.7051
119.51,119.685,0.175,vocal,0.9716
119.94,119.945,0.005,vocal,0.5105
120.255,120.26,0.005,vocal,0.4459
120.305,120.31,0.005,silence,0.4217
120.38,120.43,0.05,vocal,0.7381
120.505,120.51,0.005,silence,0.3323
120.555,120.56,0.005,silence,0.4865
120.655,120.72,0.065,other,0.3601
120.775,120.78,0.005,silence,0.5252
120.835,120.86,0.025,vocal,0.6259
121.015,121.1,0.085,vocal,0.3934
121.145,121.18,0.035,vocal,0.5389
121.225,121.26,0.035,vocal,0.6719
121.315,121.42,0.105,silence,0.4989
121.475,121.52,0.045,silence,0.4536
121.575,121.6,0.025,vocal,0.3161
121.715,121.74,0.025,vocal,0.3847
121.875,121.88,0.005,silence,0.4618
121.925,122.18,0.255,vocal,0.493
122.235,122.28,0.045,vocal,0.4711
122.335,122.53,0.195,vocal,0.4382
122.575,122.63,0.055,other,0.8546
122.695,122.71,0.015,vocal,0.7954
122.755,122.76,0.005,vocal,0.4688
122.835,122.85,0.015,vocal,0.6681
123.1,123.22,0.12,vocal,0.697
123.465,123.475,0.01,other,0.5806
123.565,123.57,0.005,silence,0.3938
123.67,123.68,0.01,other,0.8944
123.79,123.795,0.005,vocal,0.5956
123.86,123.9,0.04,vocal,0.448
124.05,124.065,0.015,other,0.508
124.11,124.115,0.005,other,0.4756
124.29,124.375,0.085,other,0.7368
124.47,124.505,0.035,other,0.3691
124.59,125.09,0.5,other,0.841
125.09,125.265,0.175,vocal,0.5299
125.31,125.495,0.185,vocal,0.4988
125.55,125.595,0.045,other,0.4693
125.67,125.675,0.005,silence,0.4088
125.75,125.815,0.065,vocal,0.3916
125.87,126.035,0.165,other,0.4042
126.09,126.335,0.245,vocal,0.4083
126.41,126.415,0.005,vocal,0.5533
126.47,126.475,0.005,vocal,0.4613
126.54,126.66,0.12,vocal,0.8666
126.73,126.735,0.005,vocal,0.5271
126.79,126.795,0.005,vocal,0.4065
126.84,126.895,0.055,vocal,0.7954
127.05,127.055,0.005,vocal,0.763
127.11,127.115,0.005,vocal,0.7351
127.305,127.31,0.005,other,0.3937
127.36,127.405,0.045,vocal,0.5197
127.86,127.895,0.035,vocal,0.8084
128.155,128.16,0.005,silence,0.3783
128.24,128.27,0.03,vocal,0.6537
128.37,128.44,0.07,vocal,0.722
128.495,128.51,0.015,other,0.4998
128.625,128.75,0.125,silence,0.4706
128.805,128.93,0.125,vocal,0.7493
129.045,129.15,0.105,vocal,0.6507
129.225,129.23,0.005,silence,0.5599
129.285,129.29,0.005,silence,0.3928
129.365,129.37,0.005,vocal,0.3689
129.525,129.53,0.005,silence,0.3126
129.585,129.59,0.005,silence,0.4221
129.665,129.67,0.005,silence,0.4268
129.745,130.245,0.5,other,0.6304
130.245,130.4,0.155,vocal,0.7003
130.485,130.49,0.005,vocal,0.4866
130.605,130.61,0.005,other,0.6815
130.665,130.71,0.045,vocal,0.4562
131.045,131.05,0.005,silence,0.36
131.145,131.17,0.025,vocal,0.6357
131.285,131.41,0.125,click,0.6856
131.495,131.52,0.025,other,0.7087
131.565,131.575,0.01,vocal,0.5124
132.02,132.04,0.02,vocal,0.4861
132.49,132.495,0.005,vocal,0.567
132.725,132.73,0.005,silence,0.548
132.86,132.865,0.005,silence,0.4112
132.94,132.985,0.045,silence,0.3702
133.095,133.155,0.06,other,0.5256
133.205,133.265,0.06,other,0.6623
133.31,133.325,0.015,click,0.3817
133.37,133.45,0.08,other,0.7226
133.58,133.585,0.005,silence,0.5196
133.76,133.835,0.075,vocal,0.4326
133.88,133.885,0.005,silence,0.3539
133.96,134.205,0.245,other,0.5293
134.25,134.335,0.085,other,0.9663
134.39,134.405,0.015,other,0.4755
134.46,134.665,0.205,other,0.7093
134.71,134.755,0.045,silence,0.4042
134.82,134.825,0.005,vocal,0.5587
134.88,134.885,0.005,silence,0.6822
134.94,134.945,0.005,silence,0.5044
135.0,135.045,0.045,other,0.5975
135.12,135.265,0.145,other,0.8995
135.36,135.365,0.005,silence,0.3808
135.46,135.585,0.125,other,0.8191
135.64,135.645,0.005,silence,0.5019
135.7,135.725,0.025,other,0.3763
135.82,135.825,0.005,vocal,0.5477
135.9,135.905,0.005,silence,0.3154
136.0,136.105,0.105,other,0.4916
136.16,136.205,0.045,other,0.9167
136.26,136.385,0.125,click,0.3546
136.49,136.555,0.065,other,0.8998
136.6,136.665,0.065,vocal,0.4088
136.72,136.725,0.005,silence,0.4089
136.84,136.845,0.005,vocal,0.3913
136.9,136.905,0.005,vocal,0.4317
137.14,137.165,0.025,click,0.3329
137.22,137.245,0.025,other,0.383
137.34,137.345,0.005,vocal,0.5329
137.42,137.425,0.005,silence,0.3806
137.5,137.505,0.005,vocal,0.4404
137.56,137.565,0.005,vocal,0.4752
137.78,137.825,0.045,click,0.2937
138.01,138.015,0.005,other,0.3804
138.105,138.11,0.005,other,0.4585
138.16,138.165,0.005,silence,0.3501
138.21,138.215,0.005,other,0.3196
138.515,138.625,0.11,other,0.6042
138.76,138.765,0.005,vocal,0.5201
139.495,139.525,0.03,click,0.5666
139.875,139.88,0.005,silence,0.5032
140.105,140.12,0.015,click,0.3396
140.175,140.18,0.005,silence,0.3918
140.235,140.27,0.035,other,0.7746
140.315,140.32,0.005,vocal,0.499
140.655,140.66,0.005,silence,0.561
140.715,140.76,0.045,vocal,0.4512
140.815,140.94,0.125,water,0.3802
141.035,141.08,0.045,vocal,0.4131
141.235,141.24,0.005,silence,0.5111
141.295,141.36,0.065,other,0.5499
141.415,141.915,0.5,other,0.982
141.915,142.22,0.305,other,0.741
142.265,142.64,0.375,other,0.6791
142.695,143.06,0.365,silence,0.5548
143.105,143.22,0.115,other,0.6127
143.265,143.605,0.34,other,0.8224
143.655,144.08,0.425,other,0.6438
144.125,144.2,0.075,vocal,0.7297
144.275,144.5,0.225,vocal,0.5492
144.575,144.58,0.005,vocal,0.5833
144.635,144.76,0.125,click,0.3597
144.815,144.83,0.015,vocal,0.6982
144.895,144.9,0.005,silence,0.4672
144.955,145.06,0.105,vocal,0.8544
145.115,145.28,0.165,vocal,0.5882
145.395,145.4,0.005,silence,0.3331
145.455,145.68,0.225,vocal,0.4814
145.835,146.335,0.5,other,0.6123
146.335,146.835,0.5,other,0.954
146.835,146.845,0.01,vocal,0.8746
146.895,147.395,0.5,other,0.7184
147.395,147.8,0.405,other,0.9225
147.875,147.9,0.025,vocal,0.461
147.945,147.98,0.035,vocal,0.7784
148.055,148.2,0.145,vocal,0.7348
148.265,148.48,0.215,other,0.6335
148.535,148.86,0.325,other,0.9559
148.915,149.195,0.28,other,0.8122
149.285,149.31,0.025,other,0.6491
149.355,149.54,0.185,other,0.4022
149.615,149.63,0.015,vocal,0.6543
149.695,149.87,0.175,other,0.4933
149.915,149.98,0.065,vocal,0.6996
150.025,150.06,0.035,vocal,0.8075
150.11,150.14,0.03,vocal,0.7966
150.19,150.33,0.14,vocal,0.4665
150.385,150.43,0.045,other,0.3762
150.475,150.745,0.27,other,0.9354
150.79,151.15,0.36,other,0.9895
151.195,151.23,0.035,other,0.3686
151.295,151.55,0.255,other,0.9266
151.605,151.62,0.015,vocal,0.6485
151.67,151.69,0.02,other,0.7851
151.76,151.78,0.02,other,0.7836
151.825,152.16,0.335,other,0.8227
152.215,152.25,0.035,vocal,0.8738
152.295,152.33,0.035,vocal,0.7174
152.435,152.935,0.5,other,0.6921
152.935,153.28,0.345,other,0.4393
153.335,153.34,0.005,vocal,0.489
153.395,153.68,0.285,vocal,0.7635
153.735,153.74,0.005,vocal,0.4128
153.795,153.82,0.025,other,0.3187
153.905,154.01,0.105,vocal,0.6376
154.055,154.12,0.065,vocal,0.7404
154.175,154.18,0.005,silence,0.3944
154.295,154.64,0.345,other,0.5336
154.695,154.7,0.005,click,0.3597
154.875,154.9,0.025,other,0.3027
154.955,154.98,0.025,vocal,0.8196
155.095,155.24,0.145,vocal,0.5778
155.315,155.32,0.005,silence,0.4103
155.365,155.38,0.015,vocal,0.4441
155.435,155.46,0.025,vocal,0.8303
155.53,155.79,0.26,vocal,0.733
155.845,156.05,0.205,vocal,0.6455
156.095,156.12,0.025,vocal,0.4645
156.175,156.24,0.065,vocal,0.4533
156.335,156.36,0.025,silence,0.3059
156.415,156.44,0.025,vocal,0.496
156.595,156.64,0.045,vocal,0.3673
156.695,156.77,0.075,other,0.7057
156.835,156.885,0.05,vocal,0.6199
156.935,157.22,0.285,other,0.8445
157.265,157.32,0.055,other,0.4144
157.375,157.48,0.105,vocal,0.4993
157.535,157.54,0.005,silence,0.6132
157.635,157.66,0.025,vocal,0.3825
157.855,158.0,0.145,vocal,0.4839
158.045,158.05,0.005,silence,0.6115
158.195,158.36,0.165,vocal,0.3575
158.475,158.5,0.025,other,0.4226
158.595,158.68,0.085,other,0.6564
158.735,158.825,0.09,silence,0.5013
158.875,158.92,0.045,vocal,0.6435
158.975,158.98,0.005,silence,0.3655
159.035,159.04,0.005,silence,0.4246
159.095,159.1,0.005,silence,0.3825
159.195,159.2,0.005,silence,0.3904
159.325,159.36,0.035,other,0.6238
159.415,159.42,0.005,silence,0.4114
159.515,159.52,0.005,silence,0.5154
159.585,159.64,0.055,other,0.5582
159.715,159.72,0.005,silence,0.5984
159.775,159.78,0.005,silence,0.5142
159.885,159.92,0.035,vocal,0.477
159.975,159.98,0.005,silence,0.4104
160.115,160.34,0.225,other,0.3591
160.44,160.445,0.005,other,0.4025
160.755,160.76,0.005,silence,0.6192
160.815,160.82,0.005,silence,0.5756
161.015,161.05,0.035,click,0.4397
161.435,161.56,0.125,other,0.8103
162.045,162.115,0.07,other,0.4886
162.595,162.61,0.015,vocal,0.5613
162.655,162.665,0.01,vocal,0.8605
162.85,162.855,0.005,vocal,0.4376
163.215,163.22,0.005,other,0.4336
163.3,163.305,0.005,vocal,0.3893
163.815,163.825,0.01,vocal,0.9416
164.23,164.255,0.025,other,0.5453
164.3,164.31,0.01,other,0.5816
164.73,164.735,0.005,vocal,0.8535
164.98,164.985,0.005,vocal,0.7682
165.04,165.045,0.005,silence,0.3765
165.15,165.155,0.005,other,0.4504
165.42,165.425,0.005,other,0.4235
165.94,165.945,0.005,vocal,0.6447
166.27,166.275,0.005,silence,0.4252
166.43,166.435,0.005,silence,0.4205
166.65,166.655,0.005,silence,0.5476
167.09,167.095,0.005,silence,0.4001
167.16,167.215,0.055,vocal,0.4233
167.27,167.275,0.005,other,0.5632
167.38,167.385,0.005,vocal,0.6339
167.47,167.475,0.005,silence,0.416
167.71,167.715,0.005,vocal,0.5149
168.01,168.015,0.005,silence,0.4546
168.23,168.235,0.005,silence,0.5202
168.51,168.565,0.055,other,0.8649
168.67,168.675,0.005,silence,0.3152
168.95,168.965,0.015,vocal,0.9171
169.05,169.085,0.035,vocal,0.3841
170.025,170.075,0.05,click,0.7935
170.21,170.215,0.005,vocal,0.4801
170.285,170.29,0.005,vocal,0.532
170.49,170.5,0.01,vocal,0.6158
170.545,170.55,0.005,vocal,0.4676
171.045,171.05,0.005,vocal,0.3373
171.145,171.38,0.235,other,0.6299
171.485,171.49,0.005,vocal,0.5202
171.625,171.74,0.115,vocal,0.5148
171.805,171.92,0.115,vocal,0.4715
172.01,172.05,0.04,vocal,0.5721
172.095,172.15,0.055,vocal,0.3939
172.205,172.31,0.105,vocal,0.5021
172.365,172.67,0.305,other,0.8513
172.725,172.77,0.045,other,0.5315
172.845,172.87,0.025,vocal,0.4017
172.925,172.93,0.005,vocal,0.3695
173.045,173.145,0.1,vocal,0.5973
173.205,173.215,0.01,vocal,0.402
173.265,173.31,0.045,silence,0.6061
173.355,173.415,0.06,vocal,0.7333
173.5,173.545,0.045,vocal,0.6725
173.605,173.61,0.005,vocal,0.3505
173.745,173.755,0.01,vocal,0.7058
174.27,174.315,0.045,vocal,0.4741
174.36,174.365,0.005,other,0.7266
174.68,174.715,0.035,vocal,0.7622
174.965,175.005,0.04,vocal,0.5909
175.05,175.095,0.045,vocal,0.4101
175.36,175.375,0.015,silence,0.4531
175.42,175.425,0.005,silence,0.4943
175.51,175.545,0.035,vocal,0.5078
175.59,175.595,0.005,silence,0.6155
175.74,175.745,0.005,silence,0.3784
175.8,175.865,0.065,vocal,0.4321
175.92,176.045,0.125,other,0.4092
176.18,176.26,0.08,other,0.3627
176.38,176.465,0.085,other,0.4556
176.82,176.825,0.005,vocal,0.5739
176.995,177.0,0.005,vocal,0.6292
177.16,177.17,0.01,other,0.6458
177.495,177.575,0.08,vocal,0.8122
177.625,177.71,0.085,vocal,0.5338
177.795,177.8,0.005,silence,0.4178
177.855,177.87,0.015,vocal,0.5377
177.955,177.96,0.005,vocal,0.522
178.07,178.24,0.17,vocal,0.6366
178.315,178.48,0.165,other,0.7329
178.525,178.68,0.155,other,0.4942
178.815,178.82,0.005,silence,0.5979
178.875,178.88,0.005,silence,0.3799
179.035,179.04,0.005,silence,0.4109
179.115,179.46,0.345,vocal,0.5402
179.615,179.63,0.015,vocal,0.5247
179.725,179.795,0.07,vocal,0.9969
179.855,179.86,0.005,vocal,0.4959
179.935,179.94,0.005,vocal,0.4004
180.22,180.225,0.005,vocal,0.5023
180.55,180.6,0.05,other,0.9299
180.675,180.835,0.16,other,0.7886
180.89,180.985,0.095,click,0.5686
181.19,181.195,0.005,silence,0.4902
181.38,181.465,0.085,vocal,0.7352
181.55,181.735,0.185,silence,0.4338
181.81,181.815,0.005,silence,0.5549
181.87,181.915,0.045,vocal,0.5114
182.03,182.035,0.005,silence,0.3904
182.14,182.295,0.155,vocal,0.5725
182.34,182.365,0.025,vocal,0.4145
182.49,182.495,0.005,vocal,0.4806
182.7,182.705,0.005,vocal,0.3977
182.77,182.775,0.005,silence,0.3917
182.83,182.835,0.005,vocal,0.8919
182.93,182.935,0.005,vocal,0.6969
183.39,183.395,0.005,vocal,0.4556
183.87,183.88,0.01,vocal,0.6507
183.935,183.94,0.005,vocal,0.3778
184.485,184.49,0.005,vocal,0.4142
184.635,184.64,0.005,vocal,0.3851
184.865,185.09,0.225,other,0.8785
185.155,185.17,0.015,silence,0.414
185.235,185.24,0.005,other,0.2974
185.285,185.3,0.015,vocal,0.371
185.375,185.415,0.04,other,0.8471
185.685,185.69,0.005,silence,0.5595
185.92,186.03,0.11,vocal,0.6171
186.185,186.19,0.005,silence,0.4037
186.545,186.64,0.095,other,0.8002
186.705,186.71,0.005,vocal,0.4526
187.365,187.38,0.015,other,0.7231
188.68,188.765,0.085,other,0.8646
188.86,188.865,0.005,silence,0.4295
189.02,189.025,0.005,silence,0.4715
189.19,189.195,0.005,silence,0.5465
189.24,189.285,0.045,vocal,0.4221
189.36,189.425,0.065,vocal,0.7165
189.6,189.605,0.005,silence,0.5207
189.88,189.885,0.005,silence,0.5556
190.43,190.435,0.005,silence,0.541
191.62,191.625,0.005,vocal,0.3927
191.86,191.865,0.005,other,0.5209
192.02,192.03,0.01,other,0.699
192.84,192.845,0.005,click,0.446
194.715,194.72,0.005,other,0.3374
195.195,195.205,0.01,other,0.4868
195.395,195.4,0.005,silence,0.5242
195.515,195.56,0.045,silence,0.5423
195.68,195.7,0.02,vocal,0.8995
196.16,196.165,0.005,vocal,0.4232
196.765,196.77,0.005,silence,0.3322
196.955,196.96,0.005,silence,0.5188
197.115,197.12,0.005,silence,0.5201
197.335,197.34,0.005,silence,0.5209
197.575,197.58,0.005,silence,0.4862
197.635,197.68,0.045,vocal,0.3909
197.775,197.78,0.005,other,0.4408
197.975,197.98,0.005,silence,0.6442
198.055,198.06,0.005,silence,0.4987
198.215,198.22,0.005,silence,0.4499
198.495,198.5,0.005,silence,0.4497
198.925,198.945,0.02,other,0.5076
198.995,199.0,0.005,silence,0.4348
199.815,199.82,0.005,silence,0.6391
200.395,200.4,0.005,silence,0.3957
200.69,200.72,0.03,other,0.4961
201.305,201.31,0.005,vocal,0.4762
202.215,202.22,0.005,silence,0.4622
202.435,202.44,0.005,click,0.3722
202.655,202.68,0.025,vocal,0.6976
203.935,203.94,0.005,silence,0.4507
204.255,204.26,0.005,other,0.6233
204.395,204.4,0.005,vocal,0.5329
204.575,204.58,0.005,silence,0.4725
204.775,204.78,0.005,silence,0.4439
205.255,205.26,0.005,other,0.4969
206.015,206.08,0.065,vocal,0.4316
206.275,206.28,0.005,vocal,0.3586
206.395,206.4,0.005,silence,0.4972
206.455,206.46,0.005,silence,0.3404
206.575,206.61,0.035,vocal,0.6591
206.655,206.7,0.045,silence,0.4884
206.855,206.88,0.025,vocal,0.307
206.935,206.94,0.005,silence,0.4194
207.115,207.12,0.005,silence,0.4304
207.655,207.66,0.005,silence,0.4187
207.73,207.74,0.01,click,0.6199
207.875,207.88,0.005,silence,0.5474
208.0,208.04,0.04,click,0.5088
208.335,208.34,0.005,silence,0.5034
208.435,208.44,0.005,silence,0.4025
208.895,208.9,0.005,silence,0.3539
209.175,209.19,0.015,vocal,0.6584
209.365,209.37,0.005,other,0.4266
209.455,209.46,0.005,silence,0.3949
209.755,209.78,0.025,vocal,0.2754
209.915,209.92,0.005,silence,0.4399
210.255,210.26,0.005,silence,0.4112
210.505,210.51,0.005,vocal,0.654
210.675,210.68,0.005,other,0.5541
211.095,211.1,0.005,silence,0.5288
211.175,211.24,0.065,click,0.4101
211.295,211.3,0.005,silence,0.4495
211.445,211.45,0.005,silence,0.451
211.715,211.74,0.025,vocal,0.4349
212.155,212.16,0.005,click,0.3796
212.235,212.24,0.005,silence,0.5183
212.315,212.34,0.025,click,0.6609
212.525,212.53,0.005,silence,0.3905
213.235,213.24,0.005,silence,0.5283
213.295,213.33,0.035,vocal,0.8858
213.385,213.41,0.025,silence,0.3454
213.725,213.77,0.045,other,0.6457
214.015,214.02,0.005,silence,0.5366
214.315,214.36,0.045,other,0.3493
214.735,214.74,0.005,silence,0.4039
214.895,214.9,0.005,silence,0.4001
215.315,215.32,0.005,other,0.3712
215.585,215.59,0.005,vocal,0.4405
215.705,215.72,0.015,vocal,0.4209
218.215,218.22,0.005,other,0.3721
220.455,220.485,0.03,vocal,0.7406
220.88,220.89,0.01,vocal,0.6565
221.145,221.15,0.005,other,0.5961
222.03,222.04,0.01,other,0.4556
223.86,223.865,0.005,vocal,0.6445
224.335,224.34,0.005,other,0.4188
224.445,224.455,0.01,vocal,0.6575
224.545,224.55,0.005,silence,0.3037
224.95,225.005,0.055,vocal,0.5344
226.58,226.585,0.005,vocal,0.4929
226.94,226.945,0.005,vocal,0.4816
227.3,227.305,0.005,silence,0.4269
227.42,227.425,0.005,silence,0.3846
228.12,228.125,0.005,silence,0.3403
228.46,228.505,0.045,vocal,0.2919
228.92,228.925,0.005,vocal,0.3675
229.08,229.115,0.035,other,0.5084
229.4,229.405,0.005,silence,0.4276
229.5,229.505,0.005,vocal,0.4193
230.01,230.015,0.005,other,0.5308
230.98,230.985,0.005,vocal,0.5421
233.04,233.045,0.005,vocal,0.4595
234.22,234.23,0.01,vocal,0.965
234.335,234.34,0.005,silence,0.3679
234.785,234.9,0.115,other,0.5445
235.205,235.21,0.005,other,0.5235
235.325,235.33,0.005,vocal,0.725
235.4,235.405,0.005,vocal,0.6824
235.595,235.6,0.005,silence,0.5133
235.89,236.0,0.11,vocal,0.9289
236.075,236.08,0.005,silence,0.3155
236.155,236.16,0.005,silence,0.4001
236.235,236.45,0.215,other,0.927
236.495,236.5,0.005,silence,0.4448
236.615,236.71,0.095,other,0.5757
236.865,236.91,0.045,vocal,0.4263
237.095,237.1,0.005,silence,0.4364
237.325,237.33,0.005,click,0.4039
237.375,237.4,0.025,vocal,0.3036
237.465,237.56,0.095,silence,0.3083
237.605,237.72,0.115,other,0.6106
237.765,237.78,0.015,click,0.4074
237.875,237.9,0.025,vocal,0.3776
238.22,238.34,0.12,other,0.8627
238.535,238.59,0.055,vocal,0.7059
238.655,238.66,0.005,silence,0.6102
239.16,239.165,0.005,other,0.7525
239.245,239.25,0.005,click,0.5698
239.435,239.445,0.01,vocal,0.6273
239.655,239.66,0.005,vocal,0.342
240.04,240.045,0.005,silence,0.409
240.12,240.125,0.005,vocal,0.4965
240.32,240.465,0.145,vocal,0.6557
240.55,240.565,0.015,vocal,0.7443
240.62,240.775,0.155,other,0.8757
240.89,240.895,0.005,vocal,0.4116
241.24,241.245,0.005,silence,0.472
241.51,241.575,0.065,vocal,0.9733
241.62,241.705,0.085,vocal,0.3705
241.76,241.855,0.095,other,0.544
241.92,242.095,0.175,vocal,0.4805
242.175,242.185,0.01,vocal,0.6293
242.26,242.275,0.015,vocal,0.5286
242.33,242.385,0.055,vocal,0.5158
242.43,242.475,0.045,vocal,0.4798
242.53,242.535,0.005,silence,0.3691
242.59,242.635,0.045,silence,0.3426
242.77,242.775,0.005,silence,0.3437
243.13,243.155,0.025,other,0.6985
243.25,243.255,0.005,silence,0.3582
243.7,243.855,0.155,other,0.9777
243.91,243.99,0.08,silence,0.321
244.085,244.14,0.055,vocal,0.4028
244.205,244.22,0.015,vocal,0.4285
244.355,244.36,0.005,vocal,0.3789
244.475,244.55,0.075,vocal,0.6937
244.735,244.74,0.005,vocal,0.5377
244.785,244.79,0.005,silence,0.4057
244.965,245.0,0.035,silence,0.4392
245.085,245.13,0.045,vocal,0.5637
245.175,245.19,0.015,click,0.3433
245.265,245.31,0.045,vocal,0.4351
245.485,245.92,0.435,other,0.6983
245.965,245.97,0.005,vocal,0.4768
246.055,246.17,0.115,vocal,0.5772
246.225,246.25,0.025,vocal,0.2824
246.305,246.355,0.05,other,0.2982
246.44,246.49,0.05,other,0.7322
246.81,246.815,0.005,silence,0.3472
246.865,246.915,0.05,other,0.811
246.96,247.065,0.105,vocal,0.6256
247.135,247.145,0.01,vocal,0.7182
247.21,247.415,0.205,other,0.6683
247.6,247.625,0.025,vocal,0.7163
247.73,247.805,0.075,vocal,0.7945
247.86,247.865,0.005,vocal,0.3797
247.99,248.065,0.075,other,0.8342
248.12,248.175,0.055,other,0.4875
248.23,248.245,0.015,vocal,0.6926
248.36,248.365,0.005,silence,0.5159
248.6,248.685,0.085,vocal,0.4451
248.82,248.825,0.005,silence,0.5701
248.9,248.905,0.005,vocal,0.4136
248.96,248.965,0.005,silence,0.3865
249.08,249.095,0.015,vocal,0.8109
249.615,249.66,0.045,vocal,0.9389
249.74,249.77,0.03,vocal,0.7709
250.235,250.24,0.005,vocal,0.4325
250.435,250.44,0.005,silence,0.3899
250.635,250.64,0.005,other,0.4283
250.855,250.905,0.05,vocal,0.8363
250.965,251.04,0.075,vocal,0.7064
251.295,251.305,0.01,vocal,0.8044
251.385,251.53,0.145,vocal,0.9205
251.585,251.61,0.025,vocal,0.286
251.955,251.96,0.005,vocal,0.7288
252.025,252.03,0.005,vocal,0.5309
252.115,252.175,0.06,vocal,0.8892
252.48,252.765,0.285,vocal,0.8712
253.515,253.585,0.07,vocal,0.9665
253.75,253.815,0.065,vocal,0.767
253.89,253.935,0.045,silence,0.5878
254.04,254.115,0.075,vocal,0.9006
254.27,254.275,0.005,vocal,0.3807
254.36,254.365,0.005,vocal,0.4593
254.43,254.435,0.005,vocal,0.5181
254.81,254.935,0.125,vocal,0.3523
254.99,254.995,0.005,vocal,0.3812
255.455,255.51,0.055,silence,0.4049
255.565,255.58,0.015,other,0.5348
255.885,255.89,0.005,other,0.5814
257.365,257.37,0.005,vocal,0.2901
258.2,258.285,0.085,vocal,0.6305
258.35,258.355,0.005,vocal,0.4195
258.77,258.78,0.01,other,0.5332
259.04,259.045,0.005,vocal,0.3415
259.1,259.225,0.125,vocal,0.476
259.28,259.325,0.045,click,0.3529
259.4,259.405,0.005,silence,0.4462
259.755,259.795,0.04,other,0.5679
259.98,260.0,0.02,other,0.5612
260.315,260.325,0.01,other,0.5113
260.395,260.41,0.015,vocal,0.8293
260.53,260.545,0.015,vocal,0.5146
260.825,260.86,0.035,other,0.5403
260.975,260.98,0.005,other,0.4597
261.205,261.23,0.025,other,0.7795
261.73,261.75,0.02,vocal,0.6057
261.805,261.82,0.015,click,0.4345
261.92,261.96,0.04,other,0.8125
262.215,262.22,0.005,silence,0.483
262.295,262.3,0.005,silence,0.5688
262.355,262.39,0.035,other,0.5025
262.475,262.48,0.005,vocal,0.6196
262.635,262.68,0.045,other,0.4811
262.735,262.74,0.005,vocal,0.4774
262.895,262.93,0.035,other,0.6362
262.995,263.05,0.055,other,0.6296
263.115,263.12,0.005,silence,0.3604
263.195,263.2,0.005,silence,0.314
263.545,263.55,0.005,other,0.4554
263.6,263.695,0.095,other,0.5866
263.84,263.92,0.08,other,0.7405
265.9,265.925,0.025,vocal,0.6813
266.93,267.045,0.115,other,0.9684
267.555,267.56,0.005,vocal,0.4207
268.065,268.22,0.155,other,0.9183
268.65,268.71,0.06,other,0.966
268.935,268.94,0.005,silence,0.5234
269.375,269.45,0.075,other,0.9775
269.585,269.63,0.045,other,0.9287
269.725,269.73,0.005,silence,0.4497
269.845,269.85,0.005,other,0.3047
270.125,270.13,0.005,silence,0.4637
270.33,270.335,0.005,other,0.3959
270.615,270.635,0.02,vocal,0.8174
270.825,270.86,0.035,silence,0.3629
271.455,271.48,0.025,other,0.7757
271.805,271.825,0.02,vocal,0.6202
271.885,271.89,0.005,silence,0.3553
272.355,272.535,0.18,other,0.6299
272.79,272.795,0.005,vocal,0.4601
272.96,272.965,0.005,vocal,0.4227
273.425,273.485,0.06,vocal,0.555
273.625,273.715,0.09,vocal,0.6316
275.47,275.475,0.005,silence,0.3332
277.7,277.71,0.01,vocal,0.9474
278.095,278.105,0.01,water,0.5504
279.095,279.25,0.155,vocal,0.9535
281.195,281.205,0.01,water,0.4345
282.055,282.06,0.005,other,0.3323
282.35,282.37,0.02,other,0.7657
282.585,282.605,0.02,other,0.8067
282.885,282.925,0.04,vocal,0.3263
283.135,283.18,0.045,other,0.8069
283.795,283.825,0.03,vocal,0.7086
283.875,283.92,0.045,vocal,0.5703
284.45,284.465,0.015,vocal,0.9547
284.515,284.52,0.005,silence,0.4668
285.035,285.06,0.025,other,0.8744
285.14,285.145,0.005,other,0.3902
286.41,286.415,0.005,vocal,0.4188
286.835,286.965,0.13,other,0.7769
287.015,287.085,0.07,other,0.9288
287.16,287.17,0.01,silence,0.4043
287.235,287.25,0.015,other,0.5767
287.83,287.885,0.055,other,0.9733
288.06,288.065,0.005,silence,0.4526
288.19,288.225,0.035,other,0.5469
288.81,288.895,0.085,other,0.9227
289.09,289.1,0.01,water,0.4418
289.22,289.23,0.01,other,0.6841
290.54,290.545,0.005,silence,0.3868
291.055,291.06,0.005,vocal,0.79
291.18,291.185,0.005,silence,0.4235
293.065,293.08,0.015,vocal,0.9304
293.155,293.175,0.02,vocal,0.9467
294.66,294.685,0.025,vocal,0.933
295.385,295.39,0.005,other,0.3388
295.435,295.44,0.005,silence,0.529
297.225,297.23,0.005,vocal,0.4703
297.585,297.59,0.005,other,0.3205
298.425,298.43,0.005,silence,0.3759
298.475,298.48,0.005,silence,0.4703
298.545,298.55,0.005,silence,0.3984
299.105,299.11,0.005,silence,0.4026
305.02,305.025,0.005,vocal,0.4432
305.2,305.205,0.005,vocal,0.3496
307.445,307.495,0.05,other,0.5161
307.645,307.71,0.065,other,0.7024
307.765,307.77,0.005,vocal,0.4416
307.895,307.9,0.005,silence,0.4667
313.785,313.79,0.005,click,0.9168
314.805,314.815,0.01,other,0.4828
315.12,315.125,0.005,silence,0.3225
318.84,318.855,0.015,vocal,0.5721
318.93,318.935,0.005,silence,0.5568
322.285,322.3,0.015,vocal,0.8819
324.545,324.55,0.005,vocal,0.4161
325.725,325.73,0.005,click,0.4668
325.78,325.89,0.11,vocal,0.442
325.945,325.95,0.005,vocal,0.5381
326.005,326.01,0.005,silence,0.5472
327.22,327.225,0.005,click,0.3168
328.885,328.935,0.05,other,0.7508
329.05,329.055,0.005,silence,0.3318
330.2,330.205,0.005,vocal,0.4021
330.585,330.595,0.01,vocal,0.5282
330.88,330.97,0.09,vocal,0.8912
331.02,331.025,0.005,other,0.4494
331.08,331.155,0.075,other,0.9023
331.22,331.225,0.005,silence,0.383
332.655,332.75,0.095,other,0.8942
332.83,332.85,0.02,vocal,0.4922
333.05,333.055,0.005,vocal,0.3144
333.8,333.825,0.025,click,0.5103
334.35,334.38,0.03,other,0.4953
334.98,335.15,0.17,vocal,0.6281
335.545,335.57,0.025,other,0.6072
335.655,335.875,0.22,other,0.4838
344.605,344.61,0.005,other,0.4613
345.265,345.28,0.015,vocal,0.3469
346.315,346.32,0.005,silence,0.559
348.74,348.76,0.02,click,0.4805
349.345,349.43,0.085,other,0.8395
350.12,350.21,0.09,other,0.9081
350.52,350.53,0.01,vocal,0.7674
350.83,350.88,0.05,other,0.4564
351.14,351.145,0.005,vocal,0.7479
351.375,351.43,0.055,other,0.9126
351.475,351.48,0.005,vocal,0.4529
351.805,351.92,0.115,other,0.9112
351.975,351.98,0.005,silence,0.3223
352.19,352.26,0.07,other,0.9895
352.345,352.395,0.05,vocal,0.7843
352.495,352.5,0.005,vocal,0.4903
352.565,352.57,0.005,other,0.4964
352.69,353.07,0.38,other,0.9291
353.125,353.18,0.055,other,0.9482
353.235,353.24,0.005,vocal,0.5185
353.285,353.34,0.055,vocal,0.8106
353.43,353.435,0.005,other,0.6119
353.485,353.75,0.265,other,0.9624
354.065,354.07,0.005,silence,0.3349
354.305,354.31,0.005,silence,0.4162
354.605,354.61,0.005,vocal,0.4484
354.745,354.75,0.005,vocal,0.4631
354.965,354.97,0.005,vocal,0.3991
355.465,355.47,0.005,silence,0.4137
355.705,355.71,0.005,vocal,0.5248
356.645,356.65,0.005,vocal,0.5539
363.38,363.41,0.03,vocal,0.4119
380.385,380.465,0.08,vocal,0.9212
380.78,380.865,0.085,vocal,0.7511
387.655,387.66,0.005,silence,0.3234
388.455,388.46,0.005,click,0.726
391.37,391.485,0.115,vocal,0.8839
392.365,392.41,0.045,vocal,0.6813
392.79,392.795,0.005,vocal,0.6221
393.34,393.42,0.08,vocal,0.966
393.725,393.73,0.005,vocal,0.5623
394.18,394.195,0.015,vocal,0.6683
394.575,394.58,0.005,vocal,0.6441
395.04,395.12,0.08,vocal,0.7406
395.39,395.395,0.005,vocal,0.4017
395.9,395.955,0.055,vocal,0.8684
396.635,396.69,0.055,vocal,0.5445
399.41,399.455,0.045,vocal,0.9442
402.25,402.28,0.03,vocal,0.6092
407.09,407.11,0.02,vocal,0.5056
407.19,407.195,0.005,vocal,0.4365
408.3,408.325,0.025,other,0.7293
412.0,412.015,0.015,vocal,0.9407
413.185,413.19,0.005,vocal,0.4971
413.43,413.435,0.005,vocal,0.4826
414.16,414.195,0.035,other,0.9662
414.44,414.85,0.41,other,0.7038
415.055,415.075,0.02,other,0.3848
415.12,415.13,0.01,other,0.3472
415.62,415.64,0.02,other,0.9293
417.71,417.715,0.005,vocal,0.5945
418.38,418.385,0.005,silence,0.519
419.61,420.11,0.5,other,0.9096
420.11,420.245,0.135,other,0.9034
420.325,420.495,0.17,other,0.4589
420.6,420.68,0.08,vocal,0.4417
420.74,420.8,0.06,other,0.8465
421.04,421.045,0.005,vocal,0.3345
421.185,421.24,0.055,vocal,0.9507
421.365,421.37,0.005,vocal,0.5014
422.0,422.02,0.02,other,0.6704
422.53,422.555,0.025,other,0.5169
422.825,422.865,0.04,other,0.5018
422.945,423.145,0.2,other,0.7254
423.22,423.225,0.005,other,0.3531
423.355,423.58,0.225,other,0.8293
423.635,423.65,0.015,other,0.5876
423.91,424.045,0.135,other,0.9987
424.125,424.13,0.005,other,0.6892
424.37,424.41,0.04,other,0.8955
424.575,424.63,0.055,other,0.9851
424.79,424.94,0.15,other,0.9413
425.17,425.18,0.01,water,0.8962
425.505,426.005,0.5,other,0.8116
426.005,426.505,0.5,silence,0.3859
426.505,426.765,0.26,water,0.5372
426.82,426.86,0.04,other,0.4423
426.925,426.975,0.05,other,0.9713
427.03,427.17,0.14,water,0.6668
427.295,427.33,0.035,other,0.8623
427.455,427.685,0.23,other,0.5883
427.745,427.765,0.02,other,0.4285
428.035,428.04,0.005,other,0.3832
428.195,428.21,0.015,water,0.4912
428.29,428.295,0.005,silence,0.4923
428.355,428.46,0.105,other,0.9389
428.555,428.56,0.005,silence,0.5349
428.975,428.98,0.005,other,0.3867
429.085,429.585,0.5,other,0.4834
429.585,430.085,0.5,other,0.5056
430.085,430.15,0.065,other,0.6385
430.28,430.355,0.075,other,0.8314
430.44,430.94,0.5,other,0.8385
430.94,431.44,0.5,other,0.7991
431.44,431.69,0.25,vocal,0.6714
431.755,432.125,0.37,silence,0.8207
432.175,432.21,0.035,vocal,0.903
432.26,432.32,0.06,vocal,0.9736
432.475,432.48,0.005,click,0.452
432.635,432.64,0.005,silence,0.3323
432.9,433.005,0.105,click,0.8049
433.095,433.1,0.005,vocal,0.5783
433.245,433.325,0.08,other,0.8539
433.985,434.05,0.065,other,0.6313
434.83,434.885,0.055,other,0.8558
435.84,435.895,0.055,vocal,0.751
436.385,436.395,0.01,other,0.6545
436.875,436.88,0.005,water,0.4789
437.095,437.1,0.005,vocal,0.3355
437.29,437.32,0.03,other,0.8243
437.835,437.845,0.01,water,0.7128
439.235,439.31,0.075,other,0.8603
439.445,439.595,0.15,other,0.5497
439.64,439.7,0.06,other,0.9123
439.985,439.995,0.01,water,0.8344
440.91,440.915,0.005,vocal,0.6201
440.985,441.3,0.315,other,0.9067
441.59,441.61,0.02,vocal,0.7185
441.7,441.705,0.005,silence,0.555
441.845,441.85,0.005,water,0.3103
441.905,441.91,0.005,silence,0.3025
442.13,442.195,0.065,other,0.9001
442.385,442.465,0.08,other,0.982
442.565,442.585,0.02,other,0.8289
443.185,443.19,0.005,vocal,0.8655
443.245,443.345,0.1,other,0.904
443.4,443.435,0.035,other,0.6173
443.51,443.515,0.005,vocal,0.4618
444.48,444.49,0.01,other,0.647
444.66,444.76,0.1,other,0.991
445.09,445.1,0.01,water,0.8277
445.33,445.38,0.05,other,0.8144
446.02,446.025,0.005,other,0.2868
446.295,446.3,0.005,other,0.3274
446.395,446.42,0.025,other,0.8064
447.0,447.06,0.06,vocal,0.9388
448.265,448.27,0.005,vocal,0.417
449.765,449.77,0.005,vocal,0.6073
451.08,451.18,0.1,vocal,0.9282
451.335,451.37,0.035,vocal,0.9403
451.855,452.135,0.28,vocal,0.968
452.2,452.205,0.005,vocal,0.4853
453.13,453.155,0.025,other,0.9315
453.82,453.825,0.005,vocal,0.3833
454.345,454.48,0.135,other,0.989
454.88,454.885,0.005,water,0.3731
461.14,461.145,0.005,silence,0.4278
463.405,463.41,0.005,silence,0.3142
463.475,463.53,0.055,other,0.9347
463.845,463.855,0.01,vocal,0.7847
469.335,469.34,0.005,vocal,0.5297
469.765,469.795,0.03,vocal,0.876
470.09,470.135,0.045,vocal,0.3895
470.49,470.495,0.005,silence,0.4726
470.91,470.935,0.025,other,0.4049
471.05,471.055,0.005,silence,0.3156
471.695,471.75,0.055,vocal,0.4197
472.175,472.2,0.025,click,0.4364
472.325,472.33,0.005,vocal,0.4235
472.655,472.67,0.015,other,0.5787
473.575,473.585,0.01,other,0.4192
474.135,474.145,0.01,vocal,0.7727
475.06,475.065,0.005,vocal,0.5707
475.16,475.165,0.005,vocal,0.4375
475.82,475.825,0.005,silence,0.4273
475.9,476.015,0.115,other,0.998
476.55,476.6,0.05,other,0.6801
477.2,477.22,0.02,other,0.4524
477.8,477.82,0.02,other,0.5391
478.355,478.38,0.025,vocal,0.6386
479.0,479.055,0.055,vocal,0.8505
479.17,479.185,0.015,vocal,0.554
479.61,479.64,0.03,vocal,0.5284
479.75,479.755,0.005,silence,0.7141
483.245,483.25,0.005,silence,0.382
483.665,483.67,0.005,vocal,0.3913
485.085,485.115,0.03,vocal,0.8865
485.755,485.775,0.02,vocal,0.8023
485.86,485.865,0.005,silence,0.6102
486.35,486.375,0.025,vocal,0.873
486.42,486.425,0.005,vocal,0.3821
487.04,487.07,0.03,vocal,0.6463
488.28,488.31,0.03,other,0.4984
488.61,488.63,0.02,other,0.7638
488.92,488.925,0.005,vocal,0.3529
489.405,489.425,0.02,vocal,0.8239
489.91,489.93,0.02,other,0.8376
490.015,490.02,0.005,silence,0.4006
490.555,490.56,0.005,vocal,0.4934
490.635,490.75,0.115,other,0.8292
491.24,491.35,0.11,other,0.819
491.525,491.53,0.005,silence,0.3134
491.7,491.85,0.15,other,0.9123
491.955,491.96,0.005,vocal,0.4882
492.03,492.05,0.02,water,0.4399
492.095,492.1,0.005,vocal,0.6074
492.155,492.22,0.065,other,0.883
492.315,492.32,0.005,silence,0.5767
492.37,492.52,0.15,other,0.9073
493.67,493.675,0.005,vocal,0.5749
493.965,494.0,0.035,click,0.6811
494.68,494.685,0.005,vocal,0.5334
495.13,495.135,0.005,silence,0.4718
495.35,495.355,0.005,silence,0.3995
495.55,495.615,0.065,vocal,0.6419
496.01,496.035,0.025,other,0.3486
496.09,496.095,0.005,silence,0.488
496.21,496.245,0.035,vocal,0.3726
496.33,496.355,0.025,other,0.3535
496.43,496.435,0.005,silence,0.5256
496.53,496.655,0.125,click,0.5231
496.72,496.725,0.005,silence,0.5561
496.81,496.815,0.005,silence,0.5195
496.93,496.935,0.005,vocal,0.495
497.01,497.015,0.005,vocal,0.3871
497.21,497.215,0.005,vocal,0.6512
497.27,497.275,0.005,silence,0.4421
497.55,497.575,0.025,vocal,0.3218
497.65,497.655,0.005,silence,0.4681
497.83,497.835,0.005,silence,0.5534
497.93,497.935,0.005,vocal,0.4799
498.15,498.155,0.005,silence,0.3985
498.29,498.295,0.005,silence,0.4615
498.47,498.475,0.005,silence,0.4331
498.71,498.715,0.005,vocal,0.4607
498.76,498.765,0.005,silence,0.3869
498.81,498.885,0.075,silence,0.3872
498.93,498.935,0.005,vocal,0.5988
498.99,498.995,0.005,vocal,0.5566
499.07,499.115,0.045,vocal,0.4491
499.17,499.22,0.05,other,0.2941
499.67,499.675,0.005,vocal,0.5375
499.9,499.93,0.03,water,0.426
500.03,500.085,0.055,vocal,0.8409
500.17,500.175,0.005,vocal,0.4337
500.525,500.65,0.125,vocal,0.695
500.715,500.74,0.025,vocal,0.6755
500.785,500.79,0.005,vocal,0.6239
501.255,501.26,0.005,other,0.6085
501.395,501.4,0.005,click,0.5383
501.605,501.61,0.005,silence,0.356
501.875,501.88,0.005,vocal,0.5718
502.015,502.02,0.005,silence,0.3679
502.185,502.19,0.005,vocal,0.526
502.785,502.79,0.005,silence,0.3912
502.945,502.95,0.005,silence,0.412
503.105,503.11,0.005,vocal,0.3584
503.225,503.27,0.045,silence,0.381
503.315,503.32,0.005,silence,0.5188
503.445,503.45,0.005,silence,0.4593
503.545,503.55,0.005,silence,0.5311
503.615,503.62,0.005,silence,0.297
503.665,503.71,0.045,silence,0.5859
503.805,503.85,0.045,vocal,0.3603
503.945,504.03,0.085,silence,0.4079
504.075,504.08,0.005,silence,0.4498
504.155,504.16,0.005,silence,0.6264
504.205,504.35,0.145,vocal,0.7906
504.405,504.41,0.005,silence,0.5164
504.465,504.51,0.045,silence,0.3772
504.645,504.65,0.005,silence,0.4398
504.755,504.79,0.035,vocal,0.4721
504.855,504.89,0.035,vocal,0.3838
504.945,504.97,0.025,other,0.4629
505.015,505.17,0.155,vocal,0.3885
505.265,505.31,0.045,vocal,0.3403
505.445,505.45,0.005,silence,0.4524
505.565,505.57,0.005,silence,0.3631
505.685,505.75,0.065,vocal,0.4044
505.795,505.81,0.015,vocal,0.4353
505.945,505.95,0.005,silence,0.3568
506.005,506.05,0.045,other,0.3938
506.105,506.13,0.025,vocal,0.45
506.205,506.27,0.065,vocal,0.5283
506.565,506.57,0.005,vocal,0.427
506.685,506.71,0.025,vocal,0.7028
507.025,507.03,0.005,vocal,0.6806
507.345,507.39,0.045,vocal,0.4604
507.665,507.67,0.005,vocal,0.3676
508.58,508.715,0.135,vocal,0.9922
509.07,509.105,0.035,vocal,0.551
509.64,509.645,0.005,silence,0.3839
509.95,509.955,0.005,silence,0.4342
510.26,510.265,0.005,silence,0.3932
510.365,510.46,0.095,vocal,0.9734
510.515,510.645,0.13,vocal,0.7308
510.69,510.79,0.1,vocal,0.9658
510.86,510.905,0.045,vocal,0.5606
510.96,511.045,0.085,vocal,0.5731
511.22,511.225,0.005,silence,0.428
511.34,511.425,0.085,vocal,0.6797
511.52,511.545,0.025,vocal,0.2873
511.6,511.605,0.005,silence,0.5516
511.66,511.665,0.005,silence,0.5805
511.74,511.755,0.015,vocal,0.5618
511.82,511.825,0.005,silence,0.3338
511.88,511.905,0.025,vocal,0.3563
511.95,511.955,0.005,silence,0.4026
512.16,512.165,0.005,vocal,0.7097
512.26,512.265,0.005,vocal,0.5644
512.4,512.405,0.005,vocal,0.5895
512.74,512.785,0.045,vocal,0.6973
513.995,514.0,0.005,silence,0.4711
514.345,514.35,0.005,vocal,0.8319
514.555,514.6,0.045,vocal,0.677
514.815,514.86,0.045,vocal,0.5765
514.995,515.0,0.005,silence,0.4275
515.075,515.08,0.005,silence,0.4257
515.145,515.15,0.005,vocal,0.5097
515.495,515.52,0.025,vocal,0.429
515.635,515.82,0.185,silence,0.5312
515.895,515.9,0.005,other,0.4208
515.955,515.96,0.005,silence,0.5584
516.045,516.05,0.005,silence,0.7333
516.115,516.14,0.025,vocal,0.7952
516.185,516.3,0.115,silence,0.4373
516.375,516.42,0.045,vocal,0.4039
516.615,516.66,0.045,silence,0.4802
516.875,516.88,0.005,vocal,0.6713
516.995,517.0,0.005,vocal,0.467
518.075,518.155,0.08,other,0.9087
518.36,518.405,0.045,vocal,0.3534
518.48,518.485,0.005,silence,0.4142
518.74,518.79,0.05,other,0.6821
518.91,518.915,0.005,silence,0.4604
519.06,519.195,0.135,other,0.9125
519.27,519.315,0.045,other,0.4933
519.39,519.415,0.025,other,0.3853
519.47,519.555,0.085,other,0.7598
519.67,519.695,0.025,other,0.4262
520.37,520.375,0.005,silence,0.4052
521.13,521.17,0.04,other,0.9648
521.795,521.8,0.005,silence,0.4119
521.855,521.86,0.005,silence,0.3665
522.115,522.13,0.015,other,0.7266
522.495,522.51,0.015,other,0.5186
522.665,522.73,0.065,other,0.9468
522.805,522.83,0.025,other,0.7297
523.025,523.03,0.005,silence,0.4992
523.085,523.11,0.025,other,0.5023
523.165,523.21,0.045,other,0.8477
523.465,523.47,0.005,silence,0.3433
524.82,524.825,0.005,vocal,0.4683
525.43,525.435,0.005,silence,0.5319
525.54,525.625,0.085,other,0.7031
525.76,525.765,0.005,other,0.3418
525.82,525.845,0.025,vocal,0.4561
525.9,525.945,0.045,vocal,0.3856
526.0,526.005,0.005,silence,0.6698
526.28,526.285,0.005,silence,0.5371
526.38,526.465,0.085,other,0.5613
526.53,526.535,0.005,silence,0.3735
526.72,526.725,0.005,other,0.4152
527.35,527.405,0.055,vocal,0.7072
527.46,527.475,0.015,vocal,0.3761
528.335,528.34,0.005,vocal,0.4379
528.695,528.7,0.005,silence,0.3617
528.775,529.19,0.415,silence,0.4343
529.235,529.27,0.035,vocal,0.9215
529.315,529.44,0.125,vocal,0.4942
529.495,529.64,0.145,vocal,0.7128
529.695,529.76,0.065,vocal,0.4824
529.915,529.92,0.005,silence,0.5172
530.115,530.12,0.005,vocal,0.3923
531.065,531.07,0.005,silence,0.3381
531.35,531.395,0.045,vocal,0.3955
531.47,531.475,0.005,silence,0.5043
531.55,531.565,0.015,click,0.2802
531.61,531.615,0.005,silence,0.5556
531.67,531.675,0.005,silence,0.4297
531.75,531.795,0.045,silence,0.3858
532.05,532.055,0.005,silence,0.4447
532.23,532.235,0.005,silence,0.4968
532.29,532.295,0.005,silence,0.4167
532.51,532.515,0.005,vocal,0.497
532.585,532.695,0.11,other,0.941
532.82,532.91,0.09,vocal,0.8553
533.445,533.48,0.035,vocal,0.3985
533.635,533.64,0.005,vocal,0.4628
533.685,533.71,0.025,vocal,0.6019
533.865,533.87,0.005,silence,0.3668
533.955,533.96,0.005,silence,0.5872
534.025,534.03,0.005,silence,0.3991
534.225,534.23,0.005,silence,0.4692
534.31,534.68,0.37,other,0.9601
534.725,534.75,0.025,other,0.3838
534.805,534.85,0.045,other,0.9851
534.925,534.97,0.045,other,0.9488
535.22,535.27,0.05,vocal,0.763
535.335,535.34,0.005,silence,0.3652
535.385,535.39,0.005,vocal,0.3686
535.845,535.875,0.03,other,0.5697
535.975,535.995,0.02,vocal,0.815
536.62,536.685,0.065,vocal,0.6103
536.79,536.795,0.005,silence,0.3496
536.94,536.945,0.005,silence,0.5057
537.54,537.605,0.065,vocal,0.5743
537.72,537.775,0.055,other,0.8361
537.98,538.025,0.045,other,0.816
538.1,538.105,0.005,silence,0.3647
538.24,538.245,0.005,vocal,0.5329
538.38,538.385,0.005,vocal,0.4172
538.44,538.445,0.005,vocal,0.6219
538.64,538.645,0.005,vocal,0.5748
539.695,539.7,0.005,silence,0.4863
540.095,540.14,0.045,silence,0.3567
540.375,540.4,0.025,vocal,0.4505
540.595,540.6,0.005,silence,0.595
541.175,541.18,0.005,vocal,0.4691
542.63,542.675,0.045,silence,0.4318
542.75,542.755,0.005,silence,0.5096
543.05,543.135,0.085,vocal,0.6278
543.23,543.245,0.015,vocal,0.6649
543.29,543.295,0.005,silence,0.531
543.37,543.375,0.005,silence,0.3159
543.79,543.795,0.005,vocal,0.4712
544.47,544.475,0.005,vocal,0.545
544.575,544.58,0.005,vocal,0.3646
545.065,545.07,0.005,vocal,0.7467
545.235,545.27,0.035,other,0.4573
545.315,545.36,0.045,other,0.6125
545.525,545.53,0.005,silence,0.4557
545.63,545.67,0.04,vocal,0.4967
545.805,545.81,0.005,vocal,0.3169
545.905,545.95,0.045,silence,0.437
546.005,546.05,0.045,other,0.6989
546.185,546.19,0.005,vocal,0.4395
546.5,546.55,0.05,other,0.5225
546.625,546.65,0.025,other,0.7321
546.695,546.8,0.105,other,0.8707
546.925,546.985,0.06,other,0.8564
547.415,547.475,0.06,vocal,0.5105
547.525,547.535,0.01,vocal,0.741
547.6,547.625,0.025,vocal,0.5639
547.73,547.735,0.005,silence,0.4752
547.805,547.81,0.005,vocal,0.5005
547.86,547.875,0.015,vocal,0.5219
547.98,547.985,0.005,silence,0.393
548.12,548.125,0.005,silence,0.6479
548.18,548.185,0.005,vocal,0.4292
548.28,548.285,0.005,silence,0.4127
548.4,548.415,0.015,other,0.3218
548.47,548.475,0.005,silence,0.5441
548.52,548.675,0.155,other,0.5541
548.74,548.785,0.045,silence,0.3506
548.84,548.905,0.065,vocal,0.6123
549.04,549.045,0.005,silence,0.3842
550.39,550.41,0.02,vocal,0.5043
550.58,550.79,0.21,vocal,0.9256
550.845,550.85,0.005,vocal,0.4292
550.925,550.93,0.005,vocal,0.4601
551.235,551.24,0.005,silence,0.4162
551.635,551.64,0.005,silence,0.3098
551.775,551.78,0.005,silence,0.3774
554.03,554.53,0.5,other,0.9674
554.53,554.645,0.115,water,0.4108
554.69,554.755,0.065,other,0.4785
554.83,554.835,0.005,silence,0.6539
555.17,555.175,0.005,vocal,0.4163
555.365,555.865,0.5,other,0.9821
555.865,556.365,0.5,other,0.7197
556.365,556.865,0.5,other,0.5119
556.865,557.365,0.5,silence,0.5454
557.365,557.865,0.5,other,0.8706
557.865,557.87,0.005,vocal,0.5569
557.93,558.29,0.36,vocal,0.8551
558.345,558.36,0.015,vocal,0.69
558.405,558.42,0.015,vocal,0.689
558.465,558.47,0.005,vocal,0.6568
558.525,558.53,0.005,vocal,0.5942
558.625,558.64,0.015,vocal,0.4445
558.705,558.955,0.25,vocal,0.4442
559.025,559.03,0.005,silence,0.3813
559.105,559.26,0.155,vocal,0.7987
559.305,559.31,0.005,vocal,0.374
559.355,559.405,0.05,vocal,0.8421
559.475,559.49,0.015,vocal,0.7602
559.535,559.54,0.005,vocal,0.5018
559.585,559.65,0.065,vocal,0.393
559.805,559.91,0.105,vocal,0.6423
559.955,559.96,0.005,silence,0.4847
560.005,560.09,0.085,vocal,0.8126
560.245,560.29,0.045,silence,0.3066
560.365,560.37,0.005,silence,0.3666
560.435,560.44,0.005,vocal,0.5335
560.55,560.555,0.005,silence,0.4465
560.605,560.67,0.065,vocal,0.7753
560.715,560.72,0.005,vocal,0.5572
560.775,560.91,0.135,vocal,0.7935
561.125,561.13,0.005,vocal,0.481
561.475,561.48,0.005,vocal,0.4702
561.565,561.575,0.01,vocal,0.8536
561.74,561.805,0.065,other,0.6691
561.85,561.915,0.065,vocal,0.8207
561.98,561.995,0.015,vocal,0.6801
562.255,562.265,0.01,vocal,0.8289
562.57,562.635,0.065,silence,0.3534
562.69,562.695,0.005,vocal,0.3894
562.98,562.985,0.005,silence,0.313
563.11,563.165,0.055,vocal,0.5499
563.4,563.405,0.005,vocal,0.4441
563.46,563.585,0.125,vocal,0.4772
563.76,563.765,0.005,silence,0.5172
564.3,564.365,0.065,vocal,0.7174
564.52,564.525,0.005,silence,0.4266
564.6,564.605,0.005,vocal,0.4884
564.76,564.77,0.01,vocal,0.7917
565.3,565.305,0.005,vocal,0.6284
565.42,565.425,0.005,vocal,0.591
565.54,565.545,0.005,vocal,0.4779
565.78,565.785,0.005,vocal,0.6733
567.195,567.2,0.005,vocal,0.5925
567.655,567.66,0.005,silence,0.6099
567.735,567.74,0.005,silence,0.6568
567.915,567.92,0.005,vocal,0.4718
567.995,568.0,0.005,silence,0.5299
568.395,568.4,0.005,silence,0.5007
568.515,568.62,0.105,vocal,0.6254
568.735,568.74,0.005,vocal,0.4276
568.895,568.9,0.005,silence,0.3285
568.995,569.0,0.005,vocal,0.5981
569.155,569.16,0.005,silence,0.5531
569.455,569.5,0.045,silence,0.3951
569.71,569.78,0.07,vocal,0.9765
570.235,570.24,0.005,vocal,0.6053
570.62,570.625,0.005,vocal,0.5022
570.835,570.845,0.01,vocal,0.6093
571.31,571.315,0.005,vocal,0.4203
572.23,572.235,0.005,silence,0.5242
572.31,572.315,0.005,silence,0.4455
572.36,572.365,0.005,vocal,0.5491
572.69,572.735,0.045,silence,0.4602
572.81,572.815,0.005,silence,0.4836
573.09,573.095,0.005,silence,0.3649
573.21,573.215,0.005,silence,0.5724
573.27,573.275,0.005,silence,0.4279
574.05,574.055,0.005,vocal,0.4731
576.575,576.58,0.005,silence,0.4738
576.725,576.73,0.005,silence,0.4337
576.925,577.0,0.075,vocal,0.7375
577.065,577.13,0.065,vocal,0.6131
577.245,577.25,0.005,silence,0.5675
577.305,577.37,0.065,vocal,0.6227
577.485,577.51,0.025,vocal,0.3899
578.045,578.05,0.005,vocal,0.3606
579.17,579.175,0.005,silence,0.3754
580.46,580.465,0.005,silence,0.4201
580.62,580.665,0.045,silence,0.4529
580.82,580.825,0.005,silence,0.4953
581.04,581.045,0.005,silence,0.4587
581.22,581.225,0.005,silence,0.3198
581.34,581.345,0.005,silence,0.4606
581.43,581.445,0.015,vocal,0.8496
581.7,581.705,0.005,silence,0.4129
581.76,581.765,0.005,silence,0.3843
582.76,582.765,0.005,vocal,0.6297
583.315,583.32,0.005,vocal,0.4353
583.605,583.61,0.005,silence,0.4984
583.715,583.72,0.005,silence,0.3709
583.855,583.86,0.005,vocal,0.4429
584.035,584.04,0.005,vocal,0.369
584.195,584.2,0.005,silence,0.467
584.665,584.68,0.015,silence,0.4615
584.775,584.78,0.005,vocal,0.4041
584.895,584.9,0.005,silence,0.4114
585.475,585.48,0.005,silence,0.4037
585.665,585.67,0.005,vocal,0.7604
585.895,585.92,0.025,vocal,0.5943
586.235,586.24,0.005,vocal,0.434
588.835,588.875,0.04,vocal,0.8963
588.93,588.935,0.005,silence,0.6002
589.195,589.255,0.06,vocal,0.9552
589.58,589.635,0.055,vocal,0.9779
590.0,590.05,0.05,vocal,0.9763
590.35,590.355,0.005,vocal,0.6606
590.415,590.45,0.035,vocal,0.921
590.585,590.59,0.005,vocal,0.6888
590.815,590.88,0.065,vocal,0.8675
591.265,591.305,0.04,vocal,0.9183
591.665,591.71,0.045,vocal,0.6573
591.825,591.83,0.005,vocal,0.444
591.965,591.97,0.005,vocal,0.3137
592.105,592.15,0.045,vocal,0.7021
592.305,592.31,0.005,silence,0.6098
592.52,592.58,0.06,vocal,0.9553
592.87,592.875,0.005,vocal,0.7177
592.945,592.995,0.05,vocal,0.8796
593.37,593.41,0.04,vocal,0.714
593.83,593.855,0.025,vocal,0.7937
594.23,594.285,0.055,vocal,0.9068
594.69,594.745,0.055,vocal,0.6905
595.16,595.185,0.025,silence,0.289
595.38,595.385,0.005,silence,0.5174
597.065,597.07,0.005,vocal,0.5222
598.355,598.36,0.005,silence,0.4008
598.555,598.56,0.005,silence,0.4432
598.675,598.68,0.005,silence,0.708
598.795,598.8,0.005,silence,0.4795
598.975,598.98,0.005,silence,0.557
601.77,601.775,0.005,silence,0.6003
601.83,601.835,0.005,silence,0.5528
602.14,602.145,0.005,silence,0.5797
604.845,604.85,0.005,silence,0.6557
605.045,605.05,0.005,silence,0.4402
605.345,605.35,0.005,silence,0.4842
605.845,605.85,0.005,vocal,0.5844
608.56,608.565,0.005,other,0.3758
610.495,610.5,0.005,silence,0.6
610.775,610.78,0.005,silence,0.4372
611.715,611.72,0.005,silence,0.3467
614.61,614.615,0.005,silence,0.3992
614.925,614.935,0.01,vocal,0.8731
615.07,615.075,0.005,vocal,0.4827
617.735,617.74,0.005,silence,0.5554
618.345,618.35,0.005,vocal,0.6947
619.54,619.545,0.005,silence,0.463
620.68,620.685,0.005,silence,0.5206
620.82,620.825,0.005,silence,0.4375
620.98,621.025,0.045,silence,0.3285
621.1,621.105,0.005,silence,0.4747
621.28,621.285,0.005,silence,0.4754
622.02,622.025,0.005,vocal,0.6668
623.895,623.9,0.005,silence,0.5123
624.375,624.4,0.025,vocal,0.5394
624.555,624.56,0.005,silence,0.5787
625.275,625.28,0.005,vocal,0.3408
625.355,625.39,0.035,vocal,0.6646
625.655,625.66,0.005,silence,0.4505
625.775,625.8,0.025,other,0.3748
625.975,625.98,0.005,vocal,0.6305
626.035,626.04,0.005,vocal,0.4918
626.295,626.3,0.005,vocal,0.7063
626.835,626.84,0.005,vocal,0.7186
627.42,627.425,0.005,vocal,0.3703
627.91,627.915,0.005,vocal,0.5178
628.41,628.415,0.005,silence,0.5562
628.51,628.635,0.125,silence,0.5095
628.73,628.735,0.005,silence,0.4974
628.84,628.935,0.095,silence,0.5544
629.01,629.015,0.005,silence,0.4858
629.5,629.505,0.005,silence,0.5979
629.73,629.755,0.025,vocal,0.6681
629.89,629.895,0.005,vocal,0.4466
629.95,630.015,0.065,vocal,0.7464
630.17,630.175,0.005,silence,0.5163
630.33,630.335,0.005,silence,0.4049
630.45,630.475,0.025,vocal,0.5939
631.09,631.095,0.005,vocal,0.5013
631.15,631.155,0.005,vocal,0.6227
631.21,631.255,0.045,vocal,0.3724
631.33,631.355,0.025,other,0.3589
631.69,631.695,0.005,vocal,0.4928
631.81,631.815,0.005,vocal,0.4404
631.87,631.915,0.045,vocal,0.6384
632.29,632.295,0.005,vocal,0.3871
632.45,632.455,0.005,vocal,0.356
634.345,634.35,0.005,vocal,0.3945
634.805,634.81,0.005,vocal,0.3446
635.085,635.09,0.005,silence,0.3653
635.365,635.37,0.005,silence,0.4634
635.465,635.47,0.005,silence,0.4763
635.525,635.53,0.005,silence,0.5206
635.585,635.59,0.005,silence,0.3353
635.685,635.73,0.045,vocal,0.4624
635.815,635.82,0.005,silence,0.6426
635.865,635.91,0.045,silence,0.4582
636.015,636.05,0.035,vocal,0.5334
636.165,636.24,0.075,vocal,0.6024
636.285,636.35,0.065,vocal,0.4451
636.445,636.5,0.055,vocal,0.5291
636.605,636.61,0.005,silence,0.5625
636.685,636.69,0.005,silence,0.481
636.945,636.95,0.005,silence,0.4228
637.005,637.03,0.025,vocal,0.5517
637.325,637.33,0.005,silence,0.3825
637.485,637.53,0.045,vocal,0.4973
637.745,637.75,0.005,silence,0.4084
637.965,637.97,0.005,silence,0.4398
638.045,638.05,0.005,silence,0.7464
638.385,638.39,0.005,silence,0.462
638.685,638.69,0.005,silence,0.5521
639.065,639.07,0.005,silence,0.476
639.125,639.15,0.025,vocal,0.6649
639.685,639.69,0.005,silence,0.4201
639.845,639.87,0.025,vocal,0.6766
639.925,639.93,0.005,silence,0.4434
639.985,640.03,0.045,silence,0.3826
640.245,640.25,0.005,vocal,0.4189
640.48,640.57,0.09,vocal,0.814
640.705,640.71,0.005,vocal,0.6946
640.755,640.76,0.005,vocal,0.6707
641.485,641.49,0.005,vocal,0.6769
642.205,642.21,0.005,vocal,0.6747
642.745,642.795,0.05,vocal,0.8427
642.855,642.885,0.03,vocal,0.7744
642.945,642.95,0.005,vocal,0.7532
643.005,643.01,0.005,vocal,0.4901
643.295,643.345,0.05,vocal,0.7347
643.415,643.42,0.005,vocal,0.4919
643.54,643.57,0.03,vocal,0.6777
644.1,644.12,0.02,vocal,0.732
644.165,644.175,0.01,vocal,0.6415
644.355,644.485,0.13,vocal,0.9726
644.605,644.61,0.005,vocal,0.5835
644.675,644.685,0.01,vocal,0.7343
644.92,644.93,0.01,vocal,0.8746
645.5,645.505,0.005,silence,0.3258
645.58,645.585,0.005,silence,0.5232
645.71,645.715,0.005,vocal,0.3472
646.05,646.055,0.005,silence,0.4587
646.3,646.305,0.005,silence,0.5777
646.48,646.485,0.005,silence,0.3921
646.56,646.605,0.045,silence,0.4444
646.66,646.705,0.045,vocal,0.4195
646.82,646.825,0.005,silence,0.4851
646.92,646.925,0.005,vocal,0.5495
647.0,647.055,0.055,vocal,0.859
647.1,647.25,0.15,vocal,0.7342
647.32,647.385,0.065,vocal,0.7498
647.52,647.575,0.055,vocal,0.62
647.62,647.625,0.005,silence,0.4425
647.68,647.685,0.005,vocal,0.4238
647.74,647.745,0.005,silence,0.6297
647.83,647.835,0.005,silence,0.5163
647.9,647.905,0.005,vocal,0.3898
648.1,648.105,0.005,vocal,0.6101
648.16,648.185,0.025,silence,0.3906
648.24,648.265,0.025,vocal,0.6979
648.48,648.485,0.005,silence,0.4854
648.62,648.625,0.005,silence,0.4945
648.68,648.685,0.005,silence,0.5645
648.74,648.785,0.045,vocal,0.7858
648.85,648.885,0.035,vocal,0.7575
648.96,648.965,0.005,silence,0.4518
649.1,649.105,0.005,vocal,0.5923
649.18,649.185,0.005,vocal,0.5781
649.34,649.365,0.025,vocal,0.5635
649.76,649.765,0.005,vocal,0.6961
649.96,649.965,0.005,vocal,0.7282
650.17,650.205,0.035,vocal,0.9048
650.3,650.305,0.005,vocal,0.5487
650.74,650.75,0.01,vocal,0.8294
650.87,650.88,0.01,vocal,0.848
650.935,650.94,0.005,vocal,0.4135
651.025,651.03,0.005,silence,0.4464
651.215,651.22,0.005,vocal,0.4463
651.335,651.34,0.005,silence,0.5982
651.555,651.56,0.005,silence,0.651
651.635,651.64,0.005,silence,0.4512
651.715,651.72,0.005,silence,0.3026
651.775,651.88,0.105,silence,0.6222
651.935,651.94,0.005,silence,0.4812
652.015,652.04,0.025,other,0.7551
652.095,652.12,0.025,vocal,0.44
652.175,652.18,0.005,silence,0.4476
652.235,652.26,0.025,vocal,0.4453
652.315,652.34,0.025,other,0.4402
652.385,652.39,0.005,silence,0.6675
652.435,652.44,0.005,silence,0.4109
652.515,652.68,0.165,other,0.4319
652.825,652.83,0.005,silence,0.3736
652.875,652.88,0.005,silence,0.4041
652.935,652.94,0.005,silence,0.513
653.035,653.04,0.005,silence,0.5729
653.125,653.13,0.005,vocal,0.3167
653.175,653.24,0.065,vocal,0.7452
653.295,653.36,0.065,other,0.6344
653.405,653.41,0.005,silence,0.3513
653.495,653.58,0.085,vocal,0.3669
653.655,653.68,0.025,vocal,0.4978
653.735,653.74,0.005,vocal,0.4719
653.875,653.88,0.005,vocal,0.6144
654.075,654.16,0.085,vocal,0.796
654.235,654.24,0.005,vocal,0.5392
654.375,654.38,0.005,vocal,0.6563
654.435,654.475,0.04,vocal,0.7393
654.655,654.66,0.005,vocal,0.3474
654.86,654.865,0.005,vocal,0.6733
654.94,654.975,0.035,vocal,0.7816
655.065,655.075,0.01,vocal,0.6549
655.12,655.155,0.035,vocal,0.7911
655.2,655.315,0.115,vocal,0.6251
655.39,655.425,0.035,vocal,0.8749
655.47,655.535,0.065,vocal,0.8021
655.61,655.655,0.045,silence,0.3693
655.73,655.775,0.045,silence,0.3984
655.82,655.825,0.005,silence,0.5415
655.93,656.055,0.125,vocal,0.597
656.11,656.235,0.125,vocal,0.7089
656.29,656.315,0.025,vocal,0.7952
656.39,656.425,0.035,vocal,0.9097
656.47,656.475,0.005,vocal,0.526
656.53,656.535,0.005,vocal,0.4593
656.61,656.655,0.045,vocal,0.5051
656.75,656.765,0.015,vocal,0.6622
656.85,656.855,0.005,silence,0.4051
656.955,656.975,0.02,vocal,0.8228
657.04,657.08,0.04,vocal,0.5181
657.15,657.155,0.005,vocal,0.5176
657.35,657.405,0.055,vocal,0.8033
657.51,657.555,0.045,vocal,0.5427
657.975,658.28,0.305,vocal,0.6711
658.375,658.39,0.015,vocal,0.5288
658.435,658.58,0.145,vocal,0.7209
658.625,658.63,0.005,silence,0.4275
658.675,658.69,0.015,vocal,0.4533
658.735,658.89,0.155,vocal,0.6576
658.945,658.95,0.005,silence,0.442
659.115,659.12,0.005,vocal,0.5624
659.185,659.19,0.005,silence,0.3674
659.245,659.25,0.005,vocal,0.386
659.355,659.36,0.005,vocal,0.4765
659.465,659.47,0.005,vocal,0.5378
660.38,660.385,0.005,vocal,0.4013
660.6,660.645,0.045,silence,0.3572
660.72,660.725,0.005,silence,0.4639
660.84,660.885,0.045,vocal,0.4217
661.06,661.085,0.025,vocal,0.6825
661.22,661.225,0.005,silence,0.4271
661.28,661.285,0.005,vocal,0.3088
661.47,661.495,0.025,vocal,0.304
661.56,661.565,0.005,silence,0.3652
661.62,661.625,0.005,vocal,0.4368
661.82,661.865,0.045,vocal,0.5016
662.07,662.075,0.005,vocal,0.3515
662.12,662.125,0.005,vocal,0.6932
662.19,662.195,0.005,vocal,0.3393
662.47,662.475,0.005,vocal,0.4664
662.58,662.585,0.005,vocal,0.522
662.975,662.98,0.005,silence,0.482
663.065,663.07,0.005,silence,0.5742
663.145,663.15,0.005,silence,0.48
663.195,663.21,0.015,vocal,0.6122
663.275,663.28,0.005,silence,0.5367
663.325,663.34,0.015,vocal,0.5834
663.415,663.42,0.005,silence,0.5051
663.475,663.48,0.005,silence,0.604
663.525,663.64,0.115,vocal,0.4463
663.735,663.78,0.045,vocal,0.3645
663.855,663.88,0.025,vocal,0.6477
663.935,663.96,0.025,vocal,0.6642
664.115,664.12,0.005,vocal,0.7162
664.235,664.26,0.025,vocal,0.4016
664.315,664.32,0.005,vocal,0.4497
664.775,664.78,0.005,vocal,0.4893
665.17,665.175,0.005,vocal,0.6021
665.27,665.275,0.005,vocal,0.4087
665.49,665.495,0.005,silence,0.6722
665.68,665.685,0.005,silence,0.5555
665.77,665.815,0.045,silence,0.4207
665.93,665.935,0.005,silence,0.4938
666.07,666.115,0.045,silence,0.571
666.2,666.205,0.005,silence,0.499
666.29,666.295,0.005,silence,0.4984
666.35,666.355,0.005,vocal,0.4072
666.85,666.855,0.005,vocal,0.681
667.805,667.83,0.025,other,0.3756
668.045,668.05,0.005,silence,0.3492
668.485,668.53,0.045,vocal,0.5099
669.085,669.09,0.005,silence,0.3047
670.35,670.355,0.005,silence,0.518
670.54,670.545,0.005,other,0.3897
670.96,670.965,0.005,silence,0.4199
671.1,671.105,0.005,silence,0.4696
671.44,671.465,0.025,vocal,0.4224
671.54,671.605,0.065,vocal,0.585
671.65,671.685,0.035,vocal,0.7658
671.82,671.825,0.005,other,0.5989
671.98,671.985,0.005,vocal,0.6602
672.04,672.045,0.005,silence,0.4874
673.715,673.78,0.065,vocal,0.5661
674.155,674.24,0.085,vocal,0.609
674.755,674.78,0.025,vocal,0.5637
674.875,674.88,0.005,vocal,0.5656
674.945,674.95,0.005,silence,0.3367
675.095,675.1,0.005,vocal,0.3915
676.235,676.24,0.005,vocal,0.6953
676.375,676.38,0.005,vocal,0.5008
676.57,676.575,0.005,silence,0.3694
676.67,676.745,0.075,vocal,0.882
676.79,676.805,0.015,vocal,0.3756
676.85,676.895,0.045,silence,0.2939
677.09,677.095,0.005,silence,0.3444
677.17,677.175,0.005,silence,0.4646
677.23,677.235,0.005,silence,0.3422
677.29,677.295,0.005,silence,0.4299
677.43,677.435,0.005,silence,0.6315
677.55,677.555,0.005,vocal,0.3869
677.63,677.635,0.005,silence,0.6561
677.69,677.695,0.005,silence,0.4756
677.81,677.815,0.005,other,0.3326
677.92,677.955,0.035,vocal,0.5058
678.11,678.115,0.005,silence,0.4034
678.21,678.215,0.005,vocal,0.6193
678.39,678.395,0.005,vocal,0.431
678.47,678.475,0.005,vocal,0.4397
679.43,679.435,0.005,vocal,0.6541
679.655,679.66,0.005,vocal,0.4689
679.885,679.93,0.045,vocal,0.7194
680.185,680.19,0.005,silence,0.434
680.405,680.41,0.005,vocal,0.3921
680.525,680.55,0.025,other,0.2781
680.765,680.77,0.005,silence,0.4334
680.905,680.93,0.025,vocal,0.4382
680.985,681.07,0.085,vocal,0.7123
681.165,681.23,0.065,other,0.4431
681.305,681.32,0.015,vocal,0.5909
681.405,681.46,0.055,vocal,0.6909
681.505,681.62,0.115,vocal,0.492
681.665,681.75,0.085,vocal,0.5104
681.805,681.81,0.005,silence,0.3964
681.865,681.87,0.005,vocal,0.4533
681.965,682.01,0.045,vocal,0.5507
682.365,682.37,0.005,vocal,0.5449
682.445,682.45,0.005,vocal,0.4932
682.525,682.53,0.005,vocal,0.5155
682.605,682.61,0.005,vocal,0.6599
682.845,682.85,0.005,vocal,0.6091
684.71,684.715,0.005,silence,0.3939
684.76,684.825,0.065,vocal,0.6656
684.92,684.965,0.045,vocal,0.5064
685.04,685.045,0.005,silence,0.5374
685.14,685.145,0.005,silence,0.4672
685.2,685.205,0.005,silence,0.4701
685.42,685.445,0.025,vocal,0.5322
685.5,685.555,0.055,vocal,0.5851
685.6,685.605,0.005,silence,0.4212
685.71,685.715,0.005,silence,0.515
685.76,685.805,0.045,silence,0.469
685.9,685.905,0.005,vocal,0.4089
685.96,685.965,0.005,silence,0.5201
686.15,686.155,0.005,silence,0.4229
686.24,686.305,0.065,vocal,0.4571
686.38,686.385,0.005,vocal,0.4361
686.48,686.545,0.065,vocal,0.7187
686.6,686.685,0.085,vocal,0.4552
686.82,686.825,0.005,vocal,0.3884
686.88,686.905,0.025,other,0.3262
686.98,687.025,0.045,vocal,0.6356
687.09,687.255,0.165,vocal,0.5288
687.32,687.325,0.005,vocal,0.564
687.46,687.465,0.005,vocal,0.6882
687.52,687.525,0.005,vocal,0.6147
687.77,687.775,0.005,vocal,0.5309
687.98,688.025,0.045,vocal,0.7818
688.16,688.165,0.005,vocal,0.4944
688.22,688.225,0.005,vocal,0.382
688.3,688.345,0.045,silence,0.4057
689.055,689.06,0.005,other,0.516
689.415,689.42,0.005,vocal,0.4155
689.515,689.52,0.005,other,0.3424
690.175,690.24,0.065,vocal,0.4142
690.295,690.3,0.005,silence,0.6552
690.495,690.5,0.005,silence,0.4155
690.635,690.64,0.005,vocal,0.5121
690.795,690.9,0.105,vocal,0.561
690.955,690.96,0.005,vocal,0.3504
691.175,691.26,0.085,vocal,0.5817
691.315,691.38,0.065,silence,0.4142
691.425,691.43,0.005,silence,0.6294
691.735,691.78,0.045,vocal,0.4308
691.935,691.94,0.005,silence,0.4286
691.995,692.0,0.005,vocal,0.5485
692.235,692.28,0.045,vocal,0.5354
692.375,692.38,0.005,other,0.4367
692.435,692.44,0.005,vocal,0.3667
692.495,692.5,0.005,vocal,0.5311
692.575,692.58,0.005,vocal,0.6409
692.635,692.75,0.115,vocal,0.7027
692.895,692.9,0.005,vocal,0.4063
692.995,693.0,0.005,vocal,0.7195
693.095,693.1,0.005,silence,0.4033
693.235,693.24,0.005,vocal,0.4782
693.455,693.46,0.005,vocal,0.5989
693.575,693.58,0.005,vocal,0.5195
693.895,693.9,0.005,vocal,0.5169
694.035,694.04,0.005,vocal,0.6203
694.595,694.6,0.005,vocal,0.5438
695.95,695.955,0.005,silence,0.3789
696.03,696.035,0.005,vocal,0.4362
696.09,696.095,0.005,silence,0.3734
696.21,696.255,0.045,other,0.3485
696.41,696.415,0.005,silence,0.4686
696.47,696.505,0.035,vocal,0.5478
696.57,696.575,0.005,vocal,0.4534
696.65,696.675,0.025,silence,0.315
696.77,696.775,0.005,vocal,0.3548
696.95,696.955,0.005,vocal,0.4048
697.03,697.075,0.045,silence,0.5619
697.55,697.555,0.005,silence,0.5299
697.65,697.655,0.005,silence,0.6965
697.73,697.735,0.005,silence,0.3578
697.85,697.855,0.005,silence,0.4456
697.93,697.935,0.005,silence,0.3842
698.01,698.015,0.005,vocal,0.4462
698.21,698.215,0.005,silence,0.4985
698.33,698.335,0.005,vocal,0.5001
698.45,698.455,0.005,silence,0.4817
698.54,698.575,0.035,vocal,0.7901
698.77,698.775,0.005,silence,0.3812
698.91,698.915,0.005,vocal,0.4876
698.97,698.975,0.005,silence,0.3738
699.25,699.255,0.005,vocal,0.6387
699.51,699.515,0.005,vocal,0.5223
699.89,699.895,0.005,vocal,0.5964
700.05,700.075,0.025,vocal,0.622
700.53,700.575,0.045,vocal,0.6839
703.005,703.01,0.005,silence,0.4735
703.155,703.21,0.055,vocal,0.6975
703.405,703.45,0.045,silence,0.3771
703.785,703.79,0.005,silence,0.5063
704.005,704.09,0.085,vocal,0.3831
704.285,704.33,0.045,vocal,0.3374
704.545,704.55,0.005,silence,0.4224
704.985,705.01,0.025,vocal,0.5998
705.105,705.11,0.005,silence,0.5002
705.165,705.17,0.005,vocal,0.4031
705.705,705.71,0.005,vocal,0.5027
706.285,706.29,0.005,vocal,0.3634
706.385,706.39,0.005,vocal,0.4937
706.455,706.51,0.055,click,0.8628
708.91,708.94,0.03,vocal,0.8987
709.56,709.585,0.025,vocal,0.4913
709.66,709.665,0.005,vocal,0.4118
710.28,710.285,0.005,silence,0.3626
710.34,710.365,0.025,vocal,0.4371
710.66,710.685,0.025,vocal,0.5167
710.8,710.805,0.005,vocal,0.3259
710.96,710.965,0.005,silence,0.5377
712.0,712.005,0.005,vocal,0.5419
712.1,712.105,0.005,vocal,0.5329
712.2,712.205,0.005,silence,0.5617
712.5,712.505,0.005,silence,0.3684
712.72,712.725,0.005,silence,0.4117
712.84,712.845,0.005,silence,0.4352
713.0,713.005,0.005,vocal,0.3337
713.12,713.205,0.085,vocal,0.6398
713.38,713.385,0.005,silence,0.3874
713.58,713.725,0.145,vocal,0.7051
713.78,713.785,0.005,silence,0.4195
713.88,713.885,0.005,vocal,0.474
713.94,713.985,0.045,vocal,0.3656
714.14,714.165,0.025,vocal,0.5521
714.22,714.31,0.09,vocal,0.5439
714.36,714.365,0.005,vocal,0.41
714.55,714.555,0.005,vocal,0.4361
714.61,714.645,0.035,vocal,0.9717
714.76,714.765,0.005,silence,0.4097
714.91,714.925,0.015,vocal,0.8783
715.02,715.125,0.105,vocal,0.6681
718.415,718.44,0.025,vocal,0.3711
718.495,718.5,0.005,silence,0.3543
718.795,718.86,0.065,vocal,0.5456
718.935,718.94,0.005,silence,0.4174
719.235,719.24,0.005,silence,0.3673
719.335,719.38,0.045,vocal,0.3956
719.535,719.56,0.025,silence,0.3247
719.875,719.94,0.065,vocal,0.5961
720.235,720.28,0.045,vocal,0.4156
720.475,720.48,0.005,vocal,0.4765
720.595,720.6,0.005,vocal,0.4865
721.055,721.06,0.005,vocal,0.4463
723.39,723.395,0.005,vocal,0.3856
723.71,723.755,0.045,silence,0.4981
723.99,723.995,0.005,silence,0.5676
724.09,724.095,0.005,silence,0.4387
724.33,724.335,0.005,silence,0.6133
724.43,724.435,0.005,silence,0.482
724.51,724.515,0.005,silence,0.4217
724.63,724.675,0.045,vocal,0.3629
724.81,724.835,0.025,vocal,0.3309
724.91,724.915,0.005,silence,0.3576
725.01,725.035,0.025,vocal,0.6801
725.13,725.135,0.005,vocal,0.4049
725.27,725.275,0.005,silence,0.4901
725.43,725.435,0.005,vocal,0.5888
725.65,725.655,0.005,vocal,0.5773
726.25,726.255,0.005,vocal,0.4738
726.41,726.415,0.005,vocal,0.7218
726.47,726.475,0.005,vocal,0.3716
728.465,728.47,0.005,silence,0.4273
728.535,728.54,0.005,silence,0.3897
729.205,729.21,0.005,silence,0.3961
729.265,729.27,0.005,vocal,0.3438
729.405,729.41,0.005,silence,0.3836
729.565,729.57,0.005,silence,0.3921
729.705,729.71,0.005,silence,0.3623
729.765,729.77,0.005,vocal,0.6077
729.825,729.83,0.005,vocal,0.3859
730.225,730.23,0.005,vocal,0.6925
730.645,730.65,0.005,vocal,0.3876
732.66,732.685,0.025,silence,0.4326
732.76,732.765,0.005,silence,0.5676
733.22,733.225,0.005,silence,0.408
733.94,733.945,0.005,vocal,0.8108
734.0,734.005,0.005,vocal,0.4047
736.275,736.28,0.005,silence,0.3661
736.495,736.5,0.005,silence,0.4026
738.17,738.175,0.005,silence,0.3999
738.27,738.315,0.045,vocal,0.455
738.48,738.5,0.02,other,0.4228
738.59,738.595,0.005,silence,0.3788
738.79,738.815,0.025,other,0.4714
739.25,739.255,0.005,silence,0.4148
739.47,739.475,0.005,vocal,0.4415
740.065,740.07,0.005,vocal,0.5525
740.37,740.375,0.005,vocal,0.5057
740.565,740.57,0.005,vocal,0.5073
740.965,740.97,0.005,silence,0.4887
741.105,741.12,0.015,vocal,0.7862
741.205,741.21,0.005,silence,0.516
741.265,741.37,0.105,vocal,0.4884
742.425,742.43,0.005,vocal,0.3428
744.44,744.465,0.025,vocal,0.5119
744.56,744.625,0.065,vocal,0.5939
753.545,753.55,0.005,vocal,0.3736
753.945,753.95,0.005,silence,0.3333
754.245,754.25,0.005,vocal,0.4079
763.95,763.955,0.005,vocal,0.5235
770.6,770.605,0.005,silence,0.6926
770.84,770.845,0.005,silence,0.5163
776.37,776.425,0.055,vocal,0.6673
776.51,776.515,0.005,silence,0.5798
776.65,776.655,0.005,silence,0.6174
776.77,776.775,0.005,silence,0.5213
776.85,776.855,0.005,silence,0.3909
777.11,777.115,0.005,silence,0.4347
778.535,778.54,0.005,vocal,0.5978
779.625,779.69,0.065,vocal,0.4353
781.11,781.115,0.005,silence,0.3794
782.6,782.605,0.005,silence,0.4228
782.74,782.765,0.025,vocal,0.3701
782.88,782.885,0.005,silence,0.3854
785.445,785.45,0.005,silence,0.6074
785.635,785.64,0.005,silence,0.3879
785.935,785.94,0.005,silence,0.5122
786.395,786.4,0.005,silence,0.3699
789.09,789.095,0.005,silence,0.4432
789.15,789.155,0.005,silence,0.7235
791.525,791.53,0.005,other,0.3797
791.865,791.87,0.005,silence,0.5826
792.245,792.25,0.005,silence,0.3918
792.665,792.67,0.005,vocal,0.3878
792.925,792.93,0.005,vocal,0.4818
794.26,794.265,0.005,vocal,0.4283
794.66,794.665,0.005,silence,0.4854
794.72,794.725,0.005,silence,0.5024
794.88,794.905,0.025,vocal,0.4545
798.035,798.04,0.005,silence,0.4099
801.28,801.285,0.005,silence,0.5893
801.35,801.355,0.005,silence,0.3919
801.51,801.515,0.005,vocal,0.3876
801.67,801.675,0.005,silence,0.5698
805.765,805.77,0.005,silence,0.5118
806.685,806.69,0.005,vocal,0.467
810.6,810.605,0.005,silence,0.4665
810.72,810.725,0.005,silence,0.6151
816.335,816.34,0.005,other,0.546
816.935,816.94,0.005,vocal,0.4269
817.575,817.58,0.005,silence,0.3749
818.205,818.21,0.005,silence,0.3334
825.57,825.575,0.005,silence,0.4668
827.29,827.295,0.005,vocal,0.4785
827.37,827.415,0.045,vocal,0.3976
827.53,827.535,0.005,silence,0.5094
832.125,832.13,0.005,silence,0.5295
832.365,832.37,0.005,silence,0.4242
835.465,835.47,0.005,vocal,0.4985
836.57,836.575,0.005,silence,0.5423
838.495,838.5,0.005,vocal,0.4676
839.395,839.4,0.005,silence,0.5645
839.515,839.55,0.035,vocal,0.5853
839.595,839.6,0.005,silence,0.5569
839.755,839.76,0.005,vocal,0.3714
840.375,840.38,0.005,vocal,0.4344
841.155,841.245,0.09,vocal,0.9126
841.51,841.515,0.005,silence,0.4791
844.785,844.79,0.005,silence,0.4223
847.54,847.575,0.035,vocal,0.7884
847.64,847.645,0.005,silence,0.4088
850.615,850.685,0.07,vocal,0.9436
850.735,850.74,0.005,silence,0.4816
851.93,851.935,0.005,silence,0.4581
852.14,852.145,0.005,vocal,0.4512
852.73,852.735,0.005,vocal,0.3737
854.015,854.02,0.005,silence,0.4887
856.83,856.84,0.01,silence,0.536
859.205,859.21,0.005,silence,0.4767
860.295,860.3,0.005,silence,0.5131
863.17,863.175,0.005,silence,0.4162
863.41,863.415,0.005,vocal,0.4704
864.915,864.92,0.005,vocal,0.7355
865.705,865.71,0.005,silence,0.5564
865.765,865.77,0.005,silence,0.4106
865.815,865.82,0.005,silence,0.5172
865.925,865.94,0.015,vocal,0.7271
867.025,867.03,0.005,vocal,0.57
868.425,868.435,0.01,vocal,0.3452
869.88,869.885,0.005,silence,0.4519
870.02,870.025,0.005,silence,0.3221
870.1,870.105,0.005,vocal,0.4278
871.955,871.96,0.005,silence,0.4085
872.755,872.76,0.005,silence,0.5686
872.975,872.98,0.005,silence,0.606
873.035,873.04,0.005,silence,0.4443
873.755,873.76,0.005,vocal,0.4967
874.755,874.76,0.005,vocal,0.5203
875.615,875.625,0.01,vocal,0.6305
875.89,875.895,0.005,silence,0.4416
876.415,876.42,0.005,vocal,0.4161
876.75,876.755,0.005,silence,0.4476
876.86,876.865,0.005,vocal,0.4364
876.91,876.915,0.005,silence,0.5727
876.99,876.995,0.005,silence,0.5122
877.05,877.055,0.005,silence,0.4759
879.195,879.2,0.005,vocal,0.6882
880.715,880.72,0.005,vocal,0.4811
881.025,881.03,0.005,silence,0.6337
881.145,881.17,0.025,vocal,0.2902
883.13,883.135,0.005,vocal,0.4782
884.695,884.7,0.005,vocal,0.6294
885.0,885.005,0.005,vocal,0.321
885.98,885.985,0.005,silence,0.5756
886.72,886.725,0.005,silence,0.7157
887.7,887.705,0.005,vocal,0.7386
888.56,888.6,0.04,vocal,0.8996
888.965,888.97,0.005,vocal,0.558
890.055,890.08,0.025,vocal,0.5013
890.675,890.68,0.005,silence,0.6009
890.775,890.91,0.135,silence,0.5303
890.955,891.1,0.145,vocal,0.4177
891.155,891.16,0.005,silence,0.3948
891.285,891.29,0.005,silence,0.4878
891.495,891.5,0.005,silence,0.3922
891.575,891.58,0.005,silence,0.4465
891.655,891.66,0.005,vocal,0.4877
891.855,891.92,0.065,vocal,0.5105
892.055,892.18,0.125,silence,0.5406
892.275,892.28,0.005,vocal,0.4258
892.335,892.34,0.005,vocal,0.7041
894.79,894.795,0.005,silence,0.3902
894.87,894.875,0.005,silence,0.4696
894.99,895.015,0.025,vocal,0.6059
895.15,895.155,0.005,silence,0.483
895.27,895.275,0.005,silence,0.4852
895.41,895.495,0.085,vocal,0.5802
895.59,895.615,0.025,vocal,0.4061
895.75,895.755,0.005,silence,0.5881
895.85,895.855,0.005,silence,0.3638
896.05,896.055,0.005,vocal,0.4566
896.15,896.155,0.005,silence,0.5297
896.21,896.255,0.045,other,0.6107
896.31,896.315,0.005,silence,0.3981
896.39,896.395,0.005,silence,0.38
896.51,896.515,0.005,silence,0.3343
896.57,896.575,0.005,silence,0.4638
896.63,896.665,0.035,vocal,0.7712
896.71,896.715,0.005,vocal,0.6666
896.77,896.775,0.005,vocal,0.5334
897.05,897.055,0.005,vocal,0.5159
897.11,897.115,0.005,silence,0.4179
898.725,898.73,0.005,silence,0.4152
899.145,899.21,0.065,vocal,0.3462
899.325,899.37,0.045,silence,0.3734
899.445,899.45,0.005,silence,0.4945
899.585,899.63,0.045,silence,0.5148
899.685,899.69,0.005,silence,0.4349
899.745,899.75,0.005,vocal,0.5072
900.125,900.13,0.005,silence,0.4379
900.225,900.23,0.005,silence,0.5023
900.345,900.35,0.005,other,0.3638
900.575,900.63,0.055,vocal,0.6182
900.745,900.75,0.005,silence,0.4033
900.825,900.83,0.005,vocal,0.5826
901.205,901.21,0.005,vocal,0.5445
903.54,903.545,0.005,silence,0.5649
903.66,903.685,0.025,vocal,0.3823
904.54,904.545,0.005,silence,0.4225
904.66,904.765,0.105,vocal,0.4416
904.92,904.925,0.005,vocal,0.4803
905.06,905.265,0.205,vocal,0.584
905.66,905.665,0.005,silence,0.3931
905.86,905.865,0.005,vocal,0.6556
907.575,907.58,0.005,silence,0.4249
907.975,907.98,0.005,silence,0.4284
908.215,908.22,0.005,vocal,0.4473
908.355,908.36,0.005,silence,0.4204
908.615,908.62,0.005,vocal,0.4118
908.775,908.78,0.005,silence,0.5353
909.035,909.04,0.005,silence,0.3705
909.155,909.22,0.065,silence,0.4581
909.335,909.34,0.005,silence,0.3626
909.595,909.6,0.005,vocal,0.3793
909.855,909.86,0.005,silence,0.4477
910.215,910.22,0.005,silence,0.4846
910.355,910.38,0.025,vocal,0.5286
910.435,910.44,0.005,vocal,0.3039
910.975,910.98,0.005,vocal,0.5852
911.195,911.2,0.005,vocal,0.5019
911.275,911.28,0.005,vocal,0.5074
912.035,912.04,0.005,vocal,0.6838
912.61,912.615,0.005,silence,0.4238
912.69,912.695,0.005,silence,0.4502
912.99,912.995,0.005,vocal,0.3959
913.05,913.055,0.005,silence,0.4399
913.17,913.175,0.005,vocal,0.4066
913.47,913.595,0.125,vocal,0.6387
913.69,913.725,0.035,vocal,0.6955
913.81,913.815,0.005,vocal,0.3471
913.87,913.875,0.005,silence,0.5033
913.94,913.945,0.005,silence,0.4242
914.07,914.135,0.065,vocal,0.715
914.27,914.315,0.045,vocal,0.3974
914.37,914.375,0.005,silence,0.4849
914.49,914.555,0.065,vocal,0.6204
914.63,914.635,0.005,vocal,0.4871
914.77,914.775,0.005,silence,0.3594
914.89,914.895,0.005,vocal,0.4978
914.95,914.955,0.005,vocal,0.4075
915.11,915.235,0.125,silence,0.4332
915.33,915.335,0.005,vocal,0.3902
915.65,915.655,0.005,vocal,0.6725
915.85,915.855,0.005,vocal,0.4722
916.13,916.175,0.045,vocal,0.5486
916.84,916.85,0.01,silence,0.3835
917.765,917.81,0.045,silence,0.446
917.865,917.87,0.005,silence,0.6244
917.965,917.97,0.005,silence,0.437
918.045,918.05,0.005,silence,0.6805
918.105,918.11,0.005,silence,0.5266
918.305,918.31,0.005,vocal,0.3932
918.465,918.47,0.005,silence,0.464
918.565,918.57,0.005,silence,0.54
918.805,918.81,0.005,silence,0.39
918.865,918.87,0.005,silence,0.547
918.925,918.95,0.025,other,0.5103
919.005,919.01,0.005,silence,0.4525
919.145,919.15,0.005,silence,0.367
919.225,919.23,0.005,vocal,0.4235
919.305,919.39,0.085,vocal,0.3841
919.445,919.45,0.005,silence,0.3595
919.525,919.57,0.045,vocal,0.4809
919.645,919.68,0.035,vocal,0.7114
919.785,919.79,0.005,vocal,0.5026
920.065,920.08,0.015,vocal,0.6505
920.125,920.13,0.005,silence,0.414
920.205,920.21,0.005,vocal,0.4707
920.525,920.55,0.025,vocal,0.5156
920.725,920.73,0.005,vocal,0.5781
920.805,920.81,0.005,vocal,0.4753
921.34,921.35,0.01,vocal,0.6852
922.7,922.725,0.025,vocal,0.3672
922.83,922.835,0.005,silence,0.6064
922.91,922.915,0.005,silence,0.3818
923.0,923.005,0.005,vocal,0.3927
923.06,923.065,0.005,silence,0.305
923.14,923.145,0.005,vocal,0.4482
923.22,923.315,0.095,other,0.4043
923.36,923.585,0.225,vocal,0.5203
923.64,923.665,0.025,vocal,0.3512
923.72,923.725,0.005,silence,0.5456
923.8,924.065,0.265,silence,0.4714
924.24,924.285,0.045,click,0.8032
924.34,924.355,0.015,vocal,0.7362
924.4,924.405,0.005,vocal,0.3624
924.46,924.775,0.315,vocal,0.6602
924.82,924.845,0.025,vocal,0.7464
925.0,925.005,0.005,vocal,0.465
925.2,925.205,0.005,vocal,0.6581
925.25,925.255,0.005,silence,0.3856
926.235,926.24,0.005,vocal,0.5751
926.695,926.7,0.005,silence,0.4803
926.815,926.84,0.025,vocal,0.3373
926.935,927.0,0.065,vocal,0.5091
927.125,927.14,0.015,vocal,0.5052
927.195,927.2,0.005,silence,0.5608
927.255,927.33,0.075,vocal,0.6727
927.415,927.44,0.025,vocal,0.675
927.505,927.52,0.015,vocal,0.6736
927.575,927.58,0.005,silence,0.4293
927.635,927.69,0.055,vocal,0.588
927.745,927.78,0.035,vocal,0.8011
927.855,927.9,0.045,vocal,0.4059
927.975,928.07,0.095,silence,0.4758
928.135,928.2,0.065,vocal,0.5069
928.355,928.4,0.045,silence,0.3723
928.455,928.5,0.045,silence,0.3922
928.595,928.68,0.085,vocal,0.5797
928.735,928.74,0.005,vocal,0.4284
929.015,929.05,0.035,vocal,0.7734
929.135,929.14,0.005,vocal,0.6708
930.0,930.005,0.005,vocal,0.4459
930.12,930.125,0.005,vocal,0.6072
930.23,930.235,0.005,vocal,0.4789
930.91,930.915,0.005,vocal,0.4148
930.96,931.075,0.115,vocal,0.5345
931.23,931.235,0.005,silence,0.523
931.47,931.475,0.005,silence,0.5974
931.67,931.675,0.005,silence,0.5158
931.91,931.915,0.005,vocal,0.4403
932.37,932.415,0.045,vocal,0.4748
932.83,932.835,0.005,vocal,0.6761
934.065,934.07,0.005,vocal,0.4045
934.165,934.17,0.005,silence,0.5414
934.245,934.25,0.005,silence,0.3797
934.515,934.52,0.005,silence,0.6648
934.645,934.65,0.005,vocal,0.38
934.885,934.89,0.005,silence,0.4435
934.945,934.95,0.005,vocal,0.4226
935.125,935.13,0.005,silence,0.4802
935.545,935.55,0.005,vocal,0.4255
935.685,935.69,0.005,silence,0.3716
935.745,935.75,0.005,silence,0.3888
935.905,935.91,0.005,vocal,0.4888
937.44,937.445,0.005,silence,0.3853
937.62,937.625,0.005,silence,0.519
937.68,937.705,0.025,vocal,0.3823
937.8,937.855,0.055,vocal,0.7045
937.94,937.945,0.005,silence,0.6304
938.3,938.305,0.005,vocal,0.5132
940.175,940.18,0.005,silence,0.4883
940.535,940.54,0.005,silence,0.5373
940.775,940.78,0.005,silence,0.4798
941.055,941.145,0.09,vocal,0.6849
942.11,942.115,0.005,silence,0.4257
942.93,942.975,0.045,other,0.4108
943.17,943.175,0.005,silence,0.4267
943.31,943.315,0.005,silence,0.533
944.135,944.14,0.005,silence,0.4175
949.195,949.2,0.005,silence,0.6704
951.1,951.105,0.005,silence,0.5108
951.18,951.195,0.015,vocal,0.5377
953.585,953.59,0.005,silence,0.7766
953.705,953.71,0.005,vocal,0.3555
954.97,954.995,0.025,vocal,0.3643
955.17,955.175,0.005,silence,0.328
955.49,955.495,0.005,silence,0.527
955.92,955.925,0.005,silence,0.4857
956.76,956.78,0.02,vocal,0.6362
959.02,959.025,0.005,vocal,0.6573
960.01,960.015,0.005,silence,0.5214
960.34,960.385,0.045,vocal,0.4618
960.59,960.595,0.005,vocal,0.441
961.38,961.42,0.04,vocal,0.7022
962.415,962.42,0.005,silence,0.4381
962.615,962.62,0.005,vocal,0.6022
962.925,962.93,0.005,vocal,0.5899
963.525,963.53,0.005,silence,0.5572
963.865,963.895,0.03,vocal,0.7428
966.52,966.525,0.005,silence,0.4866
966.9,966.905,0.005,silence,0.5597
967.0,967.005,0.005,silence,0.4476
969.105,969.11,0.005,vocal,0.4182
970.375,970.38,0.005,silence,0.4427
973.475,973.48,0.005,vocal,0.5156
973.555,973.56,0.005,vocal,0.579
976.26,976.265,0.005,silence,0.3951
976.7,976.705,0.005,vocal,0.4693
978.465,978.475,0.01,vocal,0.8637
978.94,979.005,0.065,vocal,0.7927
981.18,981.185,0.005,silence,0.416
982.09,982.095,0.005,silence,0.4291
982.49,982.515,0.025,other,0.343
982.87,982.875,0.005,other,0.3403
982.93,982.935,0.005,silence,0.3899
983.89,983.935,0.045,silence,0.424
984.19,984.195,0.005,silence,0.4255
984.24,984.245,0.005,other,0.4081
984.32,984.325,0.005,silence,0.5705
984.97,984.975,0.005,silence,0.3955
985.87,985.915,0.045,silence,0.4778
986.43,986.435,0.005,silence,0.4479
986.69,986.695,0.005,silence,0.5393
987.89,987.895,0.005,silence,0.675
989.11,989.115,0.005,silence,0.5032
989.95,989.955,0.005,silence,0.4159
990.06,990.08,0.02,vocal,0.7195
990.31,990.315,0.005,silence,0.3544
1001.485,1001.49,0.005,other,0.3527
1006.18,1006.215,0.035,vocal,0.5272
1006.48,1006.485,0.005,silence,0.5228
1008.875,1008.88,0.005,vocal,0.6612
1010.395,1010.4,0.005,silence,0.4928
1021.875,1021.92,0.045,vocal,0.3949
1025.27,1025.275,0.005,vocal,0.4432
1025.51,1025.515,0.005,silence,0.4985
1033.635,1033.64,0.005,silence,0.4074
1039.015,1039.02,0.005,vocal,0.4218
1039.965,1039.97,0.005,silence,0.4995
1041.96,1041.965,0.005,silence,0.433
1042.54,1042.545,0.005,silence,0.509
1042.76,1042.765,0.005,silence,0.5047
1043.06,1043.085,0.025,other,0.4269
1044.705,1044.71,0.005,vocal,0.4275
1045.535,1045.54,0.005,silence,0.4686
1046.015,1046.02,0.005,silence,0.4584
1046.415,1046.42,0.005,silence,0.3564
1047.88,1047.885,0.005,vocal,0.373
1047.94,1047.945,0.005,silence,0.5323
1048.645,1048.675,0.03,vocal,0.9643
1049.75,1049.755,0.005,silence,0.3567
1050.69,1050.695,0.005,vocal,0.4179
1053.775,1053.78,0.005,silence,0.4749
1054.145,1054.15,0.005,silence,0.5891
1055.345,1055.365,0.02,other,0.7047
1055.42,1055.595,0.175,other,0.838
1055.66,1055.755,0.095,other,0.5348
1055.93,1055.935,0.005,silence,0.4521
1056.35,1056.675,0.325,other,0.997
1056.73,1056.775,0.045,other,0.8606
1056.87,1056.875,0.005,silence,0.3959
1062.625,1062.63,0.005,vocal,0.6925
1064.785,1064.795,0.01,vocal,0.8501
1068.94,1068.945,0.005,vocal,0.3852
1072.31,1072.315,0.005,silence,0.3733
1080.85,1080.855,0.005,silence,0.4485
1086.945,1086.95,0.005,vocal,0.6291
1087.405,1087.41,0.005,silence,0.3472
1115.43,1115.44,0.01,vocal,0.9573
1118.875,1118.905,0.03,vocal,0.9316
1135.51,1135.515,0.005,silence,0.4858
1139.185,1139.19,0.005,vocal,0.5422
1143.225,1143.265,0.04,vocal,0.6291
1143.355,1143.36,0.005,silence,0.3792
1145.385,1145.45,0.065,vocal,0.7016
1145.7,1145.705,0.005,vocal,0.4602
1148.51,1148.515,0.005,vocal,0.5879
1148.58,1148.585,0.005,silence,0.5506
1149.995,1150.12,0.125,vocal,0.6953
1150.73,1150.885,0.155,vocal,0.8438
1150.995,1151.0,0.005,vocal,0.6391
1156.855,1156.865,0.01,vocal,0.6526
1157.39,1157.425,0.035,vocal,0.8412
1157.985,1158.025,0.04,vocal,0.6007
1158.075,1158.08,0.005,vocal,0.4128
1159.24,1159.255,0.015,vocal,0.6569
1164.76,1164.765,0.005,vocal,0.4473
1164.905,1164.91,0.005,silence,0.3675
1169.185,1169.19,0.005,vocal,0.4212
1181.35,1181.375,0.025,vocal,0.6751
1181.705,1181.715,0.01,vocal,0.7072
1181.765,1181.77,0.005,vocal,0.4697
1181.97,1181.975,0.005,silence,0.4106
1182.02,1182.025,0.005,vocal,0.5362
1182.29,1182.315,0.025,vocal,0.5943
1182.46,1182.465,0.005,vocal,0.6728
1182.65,1182.695,0.045,vocal,0.3937
1184.145,1184.195,0.05,vocal,0.6138
1186.46,1186.465,0.005,silence,0.5094
1186.85,1186.855,0.005,vocal,0.6779
1187.0,1187.005,0.005,silence,0.404
1187.42,1187.43,0.01,vocal,0.6841
1188.805,1188.81,0.005,silence,0.3035
1189.53,1189.535,0.005,vocal,0.6586
1189.68,1189.685,0.005,vocal,0.5976
1189.795,1189.81,0.015,vocal,0.8809
1190.44,1190.455,0.015,vocal,0.9222
1191.8,1191.82,0.02,vocal,0.9036
1192.405,1192.48,0.075,vocal,0.7774
1192.53,1192.535,0.005,vocal,0.4859
1192.6,1192.62,0.02,vocal,0.9066
1192.74,1192.965,0.225,vocal,0.8915
1193.02,1193.1,0.08,vocal,0.8044
1193.2,1193.225,0.025,vocal,0.7789
1193.345,1193.35,0.005,vocal,0.4608
1193.415,1193.445,0.03,vocal,0.8608
1193.55,1193.6,0.05,vocal,0.8001
1193.715,1193.755,0.04,vocal,0.9215
1193.815,1193.84,0.025,vocal,0.8652
1193.93,1193.935,0.005,vocal,0.3607
1194.015,1194.4,0.385,vocal,0.9137
1194.47,1194.72,0.25,vocal,0.7825
1194.77,1194.82,0.05,vocal,0.9287
1194.9,1195.055,0.155,vocal,0.9622
1195.14,1195.19,0.05,vocal,0.968
1195.245,1195.355,0.11,vocal,0.9303
1195.4,1195.415,0.015,vocal,0.9503
1195.485,1195.49,0.005,vocal,0.5752
1196.46,1196.465,0.005,vocal,0.5345
1196.63,1196.635,0.005,vocal,0.4328
1197.735,1197.74,0.005,vocal,0.4225
1199.415,1199.42,0.005,silence,0.2983
1199.475,1199.48,0.005,vocal,0.4339
1199.78,1199.785,0.005,vocal,0.5542
1200.015,1200.08,0.065,vocal,0.63
1200.465,1200.47,0.005,vocal,0.4776
1200.89,1200.895,0.005,vocal,0.7831
1201.05,1201.055,0.005,vocal,0.4596
1201.1,1201.105,0.005,vocal,0.5704
1201.345,1201.555,0.21,vocal,0.5321
1201.68,1201.775,0.095,vocal,0.6405
1201.84,1201.845,0.005,vocal,0.6914
1202.12,1202.125,0.005,vocal,0.4532
1202.22,1202.245,0.025,vocal,0.671
1202.44,1202.455,0.015,click,0.4151
1202.5,1202.525,0.025,vocal,0.3234
1202.66,1202.665,0.005,silence,0.6038
1202.75,1202.82,0.07,vocal,0.5966
1202.965,1202.97,0.005,vocal,0.5405
1203.165,1203.17,0.005,vocal,0.4738
1203.22,1203.225,0.005,vocal,0.4748
1203.4,1203.405,0.005,vocal,0.4472
1203.745,1203.75,0.005,vocal,0.5326
1204.725,1204.73,0.005,silence,0.5113
1206.14,1206.145,0.005,vocal,0.5191
1208.43,1208.435,0.005,vocal,0.7231
1209.25,1209.26,0.01,vocal,0.2936
1226.135,1226.14,0.005,vocal,0.3627
1232.67,1232.675,0.005,silence,0.505
1255.33,1255.36,0.03,other,0.6483
1275.185,1275.195,0.01,vocal,0.9524
1286.865,1286.87,0.005,vocal,0.512
