start_s,end_s,duration_s,class,confidence
0.31,0.315,0.005,click,0.9239
0.41,0.415,0.005,click,0.8885
0.79,0.795,0.005,click,0.8824
1.15,1.155,0.005,click,0.8507
1.25,1.255,0.005,click,0.8928
1.31,1.315,0.005,click,0.9138
1.49,1.495,0.005,click,0.7947
1.605,1.61,0.005,click,0.8548
1.75,1.815,0.065,vocal,0.7023
2.09,2.175,0.085,vocal,0.7345
2.29,2.295,0.005,click,0.8845
2.37,2.375,0.005,click,0.8807
2.51,2.515,0.005,click,0.8782
2.59,2.595,0.005,click,0.8702
2.85,2.875,0.025,water,0.6994
2.93,3.14,0.21,other,0.5563
3.27,3.355,0.085,vocal,0.8151
3.41,3.415,0.005,click,0.8634
3.47,3.595,0.125,vocal,0.6433
3.65,3.935,0.285,silence,0.4731
3.99,4.255,0.265,silence,0.6012
4.35,4.615,0.265,silence,0.4858
4.67,4.955,0.285,other,0.481
5.11,5.115,0.005,click,0.8919
5.21,5.335,0.125,other,0.4161
5.39,5.395,0.005,click,0.9116
5.55,5.695,0.145,vocal,0.4263
5.79,5.795,0.005,click,0.9161
5.97,5.975,0.005,click,0.911
6.31,6.315,0.005,click,0.8621
6.47,6.515,0.045,water,0.5204
6.75,6.755,0.005,click,0.9186
6.99,6.995,0.005,click,0.9055
7.27,7.355,0.085,vocal,0.6078
8.125,8.13,0.005,click,0.8818
8.265,8.275,0.01,water,0.4415
8.725,8.77,0.045,water,0.4383
8.825,8.93,0.105,vocal,0.5817
9.185,9.31,0.125,other,0.3523
9.405,9.41,0.005,click,0.8978
9.465,9.69,0.225,other,0.4739
9.745,9.79,0.045,water,0.7223
9.865,9.91,0.045,vocal,0.6099
9.965,10.19,0.225,other,0.4733
10.285,10.55,0.265,silence,0.6724
10.685,10.69,0.005,click,0.8879
10.765,10.93,0.165,other,0.4902
11.025,11.07,0.045,vocal,0.4359
11.205,11.21,0.005,click,0.8955
11.265,11.29,0.025,water,0.7694
11.38,11.45,0.07,vocal,0.4637
11.565,11.67,0.105,vocal,0.5421
11.745,11.75,0.005,click,0.8764
11.845,11.85,0.005,click,0.8676
11.925,12.11,0.185,silence,0.562
12.325,12.33,0.005,click,0.8611
12.385,12.39,0.005,click,0.8652
12.445,12.45,0.005,click,0.8844
12.785,12.83,0.045,vocal,0.4645
12.885,12.89,0.005,click,0.9169
13.245,13.25,0.005,click,0.9178
13.365,13.37,0.005,click,0.8991
13.545,13.55,0.005,click,0.8752
13.645,13.65,0.005,click,0.9261
13.785,13.79,0.005,click,0.8934
13.965,14.09,0.125,other,0.3539
14.145,14.17,0.025,water,0.7727
14.245,14.41,0.165,silence,0.3903
14.465,14.55,0.085,vocal,0.699
14.625,14.63,0.005,click,0.8914
14.785,14.83,0.045,water,0.5592
14.885,14.95,0.065,vocal,0.8242
15.025,15.03,0.005,click,0.8957
15.145,15.15,0.005,click,0.8897
15.245,15.35,0.105,vocal,0.5616
15.585,15.59,0.005,click,0.8784
15.645,15.67,0.025,water,0.7176
15.96,15.965,0.005,click,0.8876
16.02,16.09,0.07,vocal,0.901
16.14,16.15,0.01,click,0.4392
16.48,16.485,0.005,click,0.899
16.72,16.925,0.205,other,0.6051
17.08,17.125,0.045,vocal,0.4864
17.18,17.385,0.205,silence,0.4644
17.48,17.485,0.005,click,0.8807
17.54,17.585,0.045,water,0.4769
17.96,17.965,0.005,click,0.8913
18.06,18.065,0.005,click,0.9165
18.3,18.365,0.065,vocal,0.7465
18.44,18.485,0.045,vocal,0.7622
18.56,18.565,0.005,click,0.8735
18.78,18.845,0.065,vocal,0.8253
18.98,18.985,0.005,click,0.8664
19.06,19.065,0.005,click,0.8721
19.18,19.245,0.065,vocal,0.8317
19.32,19.405,0.085,vocal,0.7569
19.48,19.685,0.205,other,0.4065
19.765,19.785,0.02,click,0.2593
19.84,19.865,0.025,water,0.8049
19.96,20.125,0.165,silence,0.3386
20.34,20.585,0.245,other,0.5412
20.66,20.685,0.025,water,0.6372
20.74,21.005,0.265,silence,0.5982
21.1,21.105,0.005,click,0.8928
21.16,21.505,0.345,silence,0.7304
21.56,21.945,0.385,other,0.6175
22.12,22.365,0.245,silence,0.6252
22.52,22.885,0.365,silence,0.6632
23.06,23.245,0.185,silence,0.4535
23.3,23.365,0.065,vocal,0.8828
23.42,23.92,0.5,silence,0.7616
23.92,24.085,0.165,silence,0.3404
24.16,24.165,0.005,click,0.9182
24.28,24.305,0.025,water,0.6329
24.36,24.505,0.145,vocal,0.3846
24.58,24.585,0.005,click,0.8573
24.66,24.665,0.005,click,0.8979
24.76,24.905,0.145,vocal,0.386
25.18,25.305,0.125,vocal,0.4379
25.48,25.485,0.005,click,0.8524
25.615,25.62,0.005,click,0.9176
25.875,25.88,0.005,click,0.9066
26.335,26.54,0.205,other,0.424
26.695,26.74,0.045,water,0.4741
26.795,26.9,0.105,vocal,0.4899
26.995,27.02,0.025,water,0.8093
27.075,27.1,0.025,water,0.6413
27.175,27.2,0.025,water,0.6327
27.255,27.26,0.005,click,0.9069
27.595,27.66,0.065,vocal,0.8402
27.895,27.94,0.045,water,0.5045
27.995,28.12,0.125,vocal,0.4653
28.175,28.18,0.005,click,0.8983
28.335,28.58,0.245,silence,0.4839
28.715,28.74,0.025,water,0.5546
28.815,28.86,0.045,vocal,0.6219
28.915,28.92,0.005,click,0.8865
28.995,29.0,0.005,click,0.8932
29.215,29.4,0.185,other,0.4674
29.555,29.82,0.265,silence,0.5758
29.895,30.2,0.305,other,0.4677
30.415,30.72,0.305,silence,0.5083
30.795,30.8,0.005,click,0.8866
30.915,31.14,0.225,other,0.5365
31.215,31.22,0.005,click,0.884
31.415,31.46,0.045,vocal,0.5516
31.595,31.6,0.005,click,0.8734
31.835,31.84,0.005,click,0.8948
31.895,31.9,0.005,click,0.8939
32.115,32.12,0.005,click,0.8671
32.195,32.36,0.165,other,0.3299
32.65,32.7,0.05,water,0.4646
32.99,32.995,0.005,click,0.8611
33.05,33.055,0.005,click,0.8984
33.15,33.195,0.045,water,0.6159
33.25,33.255,0.005,click,0.8353
33.31,33.475,0.165,other,0.3583
33.53,33.535,0.005,click,0.9113
33.71,33.995,0.285,other,0.5451
34.07,34.355,0.285,silence,0.7419
34.49,34.615,0.125,vocal,0.574
34.69,34.695,0.005,click,0.8639
34.81,34.815,0.005,click,0.8886
34.93,34.935,0.005,click,0.897
34.99,35.075,0.085,vocal,0.7475
35.13,35.135,0.005,click,0.8955
35.35,35.435,0.085,vocal,0.8173
35.49,35.495,0.005,click,0.904
35.71,35.715,0.005,click,0.8662
35.79,35.835,0.045,water,0.5016
36.01,36.015,0.005,click,0.923
36.11,36.195,0.085,vocal,0.8196
36.41,36.595,0.185,vocal,0.4998
36.69,36.775,0.085,vocal,0.7647
36.89,37.055,0.165,other,0.3996
37.17,37.175,0.005,click,0.8827
37.25,37.555,0.305,silence,0.7694
37.67,37.675,0.005,click,0.9081
37.77,37.835,0.065,vocal,0.8208
38.045,38.13,0.085,vocal,0.6405
38.265,38.27,0.005,click,0.8918
38.485,38.49,0.005,click,0.931
38.665,38.67,0.005,click,0.874
38.925,38.97,0.045,water,0.6285
39.105,39.13,0.025,water,0.662
39.245,39.25,0.005,click,0.9043
39.345,39.39,0.045,water,0.4645
39.445,39.49,0.045,water,0.3972
39.565,39.57,0.005,click,0.8875
39.725,39.73,0.005,click,0.858
39.805,39.91,0.105,vocal,0.6097
39.985,39.99,0.005,click,0.8463
40.125,40.39,0.265,silence,0.4849
40.465,40.51,0.045,water,0.6546
40.565,40.83,0.265,silence,0.6615
40.885,40.91,0.025,water,0.7807
40.965,41.13,0.165,other,0.5733
41.225,41.47,0.245,other,0.5951
41.525,41.83,0.305,silence,0.4764
41.885,42.03,0.145,other,0.4115
42.085,42.13,0.045,vocal,0.45
42.385,42.39,0.005,click,0.814
42.445,42.65,0.205,silence,0.4979
42.865,42.91,0.045,vocal,0.4202
43.005,43.07,0.065,vocal,0.8626
43.145,43.19,0.045,vocal,0.593
43.465,43.49,0.025,water,0.6888
43.585,43.625,0.04,water,0.4624
43.76,43.785,0.025,water,0.7313
43.94,44.045,0.105,vocal,0.696
44.1,44.125,0.025,water,0.6715
44.18,44.225,0.045,water,0.6206
44.38,44.385,0.005,click,0.8846
44.44,44.445,0.005,click,0.8037
44.56,44.565,0.005,click,0.9052
44.62,44.705,0.085,vocal,0.6552
44.8,44.885,0.085,vocal,0.7194
44.96,45.105,0.145,other,0.4844
45.18,45.185,0.005,click,0.9003
45.36,45.585,0.225,other,0.472
45.66,45.825,0.165,other,0.526
45.88,45.945,0.065,vocal,0.9146
46.0,46.025,0.025,water,0.7201
46.08,46.085,0.005,click,0.8884
46.26,46.365,0.105,vocal,0.4951
46.48,46.485,0.005,click,0.8778
46.54,46.545,0.005,click,0.9156
46.64,46.685,0.045,water,0.4742
46.74,46.745,0.005,click,0.8547
46.8,46.805,0.005,click,0.8635
46.98,47.025,0.045,vocal,0.4776
47.08,47.085,0.005,click,0.8508
47.28,47.305,0.025,water,0.7044
47.46,47.505,0.045,water,0.4222
47.58,47.605,0.025,water,0.7395
47.72,47.725,0.005,click,0.899
47.82,47.945,0.125,other,0.4788
48.02,48.045,0.025,water,0.6512
48.16,48.345,0.185,other,0.4524
48.54,48.545,0.005,click,0.9061
48.6,48.725,0.125,vocal,0.4141
49.1,49.105,0.005,click,0.8969
49.335,49.34,0.005,click,0.8762
49.435,49.44,0.005,click,0.9139
49.735,49.865,0.13,other,0.6482
50.095,50.28,0.185,silence,0.5007
50.355,50.4,0.045,water,0.5268
50.455,50.46,0.005,click,0.8668
50.515,50.64,0.125,other,0.4935
50.835,51.06,0.225,other,0.4691
51.115,51.12,0.005,click,0.8861
51.275,51.48,0.205,other,0.5811
51.675,51.68,0.005,click,0.8735
51.755,51.8,0.045,water,0.4952
51.875,51.88,0.005,click,0.8545
52.155,52.32,0.165,other,0.4075
52.615,52.62,0.005,click,0.8745
52.675,52.72,0.045,water,0.4782
52.975,53.0,0.025,water,0.6554
53.075,53.1,0.025,water,0.6836
53.24,53.245,0.005,click,0.7625
53.355,53.36,0.005,click,0.8787
53.475,53.48,0.005,click,0.8828
53.975,53.98,0.005,click,0.8714
54.25,54.255,0.005,click,0.9071
54.67,54.855,0.185,silence,0.4522
54.91,54.915,0.005,click,0.9015
55.05,55.55,0.5,silence,0.8014
55.55,55.635,0.085,vocal,0.6823
55.71,55.715,0.005,click,0.872
55.77,55.935,0.165,silence,0.3543
55.99,55.995,0.005,click,0.8329
56.07,56.075,0.005,click,0.9243
56.17,56.355,0.185,other,0.6149
56.43,56.435,0.005,click,0.8833
56.51,56.515,0.005,click,0.8597
56.59,56.675,0.085,vocal,0.7498
56.83,56.835,0.005,click,0.8872
57.01,57.015,0.005,click,0.9108
57.43,57.455,0.025,water,0.7679
57.77,57.775,0.005,click,0.8591
58.465,58.47,0.005,click,0.9018
58.725,58.73,0.005,click,0.8882
58.825,58.87,0.045,vocal,0.5064
58.945,58.955,0.01,click,0.8747
59.005,59.01,0.005,click,0.8995
59.225,59.43,0.205,other,0.5198
59.505,59.77,0.265,silence,0.5552
59.845,60.11,0.265,silence,0.4489
60.205,60.21,0.005,click,0.8659
60.325,60.45,0.125,other,0.696
60.505,60.51,0.005,click,0.8705
60.665,60.67,0.005,click,0.8737
60.765,60.81,0.045,vocal,0.5058
60.865,60.89,0.025,water,0.6773
61.165,61.21,0.045,water,0.5166
62.025,62.03,0.005,click,0.8635
62.345,62.35,0.005,click,0.8737
62.94,62.945,0.005,click,0.8699
63.46,63.465,0.005,click,0.8239
63.68,63.685,0.005,click,0.8852
63.9,63.905,0.005,click,0.9019
63.96,64.045,0.085,vocal,0.7969
64.14,64.145,0.005,click,0.8803
64.26,64.265,0.005,click,0.8795
64.32,64.325,0.005,click,0.9159
64.38,64.505,0.125,vocal,0.3847
64.8,64.805,0.005,click,0.8775
64.9,64.925,0.025,water,0.5523
64.98,65.025,0.045,vocal,0.5111
65.08,65.085,0.005,click,0.8918
65.18,65.225,0.045,vocal,0.5448
65.28,65.285,0.005,click,0.9072
65.4,65.405,0.005,click,0.8513
65.67,65.675,0.005,click,0.7991
65.76,65.805,0.045,water,0.5427
65.9,65.905,0.005,click,0.816
66.28,66.305,0.025,water,0.8045
66.38,66.385,0.005,click,0.8744
66.7,66.705,0.005,click,0.8597
66.8,66.805,0.005,click,0.8701
66.86,66.885,0.025,water,0.7843
66.94,66.945,0.005,click,0.8839
67.04,67.165,0.125,other,0.4767
67.22,67.225,0.005,click,0.8959
67.3,67.305,0.005,click,0.8851
67.4,67.565,0.165,other,0.3749
67.94,67.945,0.005,click,0.8804
68.315,68.32,0.005,click,0.882
68.655,68.66,0.005,click,0.8916
69.075,69.08,0.005,click,0.8978
69.855,69.89,0.035,click,0.3378
70.235,70.32,0.085,vocal,0.795
70.375,70.42,0.045,vocal,0.5345
70.595,70.72,0.125,vocal,0.4887
70.775,70.78,0.005,click,0.885
71.135,71.14,0.005,click,0.8758
71.195,71.22,0.025,water,0.5515
71.495,71.5,0.005,click,0.9002
71.575,71.62,0.045,vocal,0.5754
71.755,71.76,0.005,click,0.9215
71.895,71.9,0.005,click,0.9071
72.255,72.32,0.065,vocal,0.7701
72.415,72.44,0.025,water,0.4597
72.575,72.58,0.005,click,0.8743
72.735,72.9,0.165,silence,0.4035
73.035,73.04,0.005,click,0.7953
73.175,73.18,0.005,click,0.9263
73.255,73.38,0.125,other,0.555
73.735,73.74,0.005,click,0.9043
73.815,73.82,0.005,click,0.8665
73.895,73.9,0.005,click,0.9099
74.075,74.08,0.005,click,0.8842
74.195,74.24,0.045,vocal,0.6475
74.375,74.38,0.005,click,0.8475
74.535,74.7,0.165,vocal,0.444
74.755,74.76,0.005,click,0.9123
74.835,74.84,0.005,click,0.8765
74.975,75.14,0.165,silence,0.3606
75.43,75.44,0.01,water,0.5394
75.675,75.68,0.005,click,0.8867
76.055,76.06,0.005,click,0.8843
76.17,76.175,0.005,click,0.9117
76.47,76.475,0.005,click,0.9101
76.87,76.92,0.05,vocal,0.7721
76.97,76.975,0.005,click,0.8717
77.23,77.235,0.005,click,0.8687
77.31,77.315,0.005,click,0.8767
77.51,77.515,0.005,click,0.835
77.57,77.655,0.085,vocal,0.7593
77.91,77.915,0.005,click,0.8737
78.03,78.095,0.065,vocal,0.8002
78.31,78.335,0.025,water,0.7928
78.43,78.475,0.045,water,0.5233
78.53,78.535,0.005,click,0.9001
78.59,78.595,0.005,click,0.9226
78.71,78.735,0.025,water,0.7478
78.83,78.835,0.005,click,0.882
78.91,78.915,0.005,click,0.8996
79.13,79.135,0.005,click,0.8482
79.27,79.335,0.065,vocal,0.8686
79.45,79.455,0.005,click,0.9023
79.55,79.595,0.045,vocal,0.5133
79.71,79.715,0.005,click,0.8769
79.83,79.835,0.005,click,0.862
79.91,80.015,0.105,vocal,0.5814
80.09,80.135,0.045,water,0.5482
80.27,80.415,0.145,vocal,0.3728
80.61,80.695,0.085,vocal,0.7599
80.77,80.795,0.025,water,0.6478
80.93,80.955,0.025,water,0.7642
81.01,81.51,0.5,silence,0.7898
81.51,81.575,0.065,vocal,0.7904
81.63,81.635,0.005,click,0.9001
81.71,81.935,0.225,other,0.6214
82.13,82.235,0.105,vocal,0.6415
82.29,82.315,0.025,water,0.6319
82.45,82.455,0.005,click,0.8921
82.57,82.575,0.005,click,0.9017
82.63,82.775,0.145,other,0.4283
82.87,82.875,0.005,click,0.8742
83.07,83.075,0.005,click,0.8994
84.305,84.33,0.025,water,0.7294
84.41,84.43,0.02,water,0.6058
84.665,84.67,0.005,click,0.8911
84.725,84.73,0.005,click,0.8643
84.825,84.85,0.025,water,0.8683
85.165,85.25,0.085,vocal,0.6816
85.305,85.31,0.005,click,0.9075
85.685,85.73,0.045,vocal,0.3893
86.465,86.53,0.065,vocal,0.8937
86.66,86.665,0.005,click,0.7722
86.845,86.85,0.005,click,0.9101
86.905,86.93,0.025,water,0.727
87.39,87.43,0.04,vocal,0.4704
87.625,87.63,0.005,click,0.9025
88.04,88.065,0.025,water,0.6458
88.36,88.365,0.005,click,0.8576
88.42,88.425,0.005,click,0.9143
88.48,88.545,0.065,vocal,0.8764
88.66,88.785,0.125,vocal,0.4678
88.88,88.925,0.045,vocal,0.5107
89.1,89.205,0.105,vocal,0.5593
89.36,89.505,0.145,vocal,0.424
89.94,89.945,0.005,click,0.8868
90.16,90.245,0.085,vocal,0.7068
90.48,90.485,0.005,click,0.8898
90.54,90.565,0.025,water,0.7558
90.64,90.665,0.025,water,0.6244
90.74,90.765,0.025,water,0.5074
90.88,90.985,0.105,vocal,0.6138
91.04,91.045,0.005,click,0.887
91.4,91.405,0.005,click,0.9206
91.735,91.74,0.005,click,0.8766
91.875,91.88,0.005,click,0.8805
92.035,92.2,0.165,silence,0.4002
92.395,92.895,0.5,other,0.4911
92.895,93.12,0.225,other,0.4807
93.195,93.46,0.265,silence,0.4819
93.515,93.84,0.325,silence,0.599
93.955,93.96,0.005,click,0.888
94.075,94.14,0.065,vocal,0.8573
94.195,94.22,0.025,water,0.7578
94.435,94.44,0.005,click,0.9087
94.515,94.56,0.045,water,0.4423
94.615,94.66,0.045,water,0.4643
94.95,94.955,0.005,click,0.9167
95.03,95.075,0.045,vocal,0.5045
95.31,95.375,0.065,vocal,0.7181
95.47,95.475,0.005,click,0.8881
95.69,95.855,0.165,other,0.4618
96.05,96.055,0.005,click,0.8566
96.13,96.135,0.005,click,0.8844
96.19,96.235,0.045,water,0.5811
96.35,96.355,0.005,click,0.894
96.43,96.435,0.005,click,0.8829
96.51,96.515,0.005,click,0.8642
96.59,96.635,0.045,water,0.5588
96.73,96.775,0.045,water,0.5655
96.85,96.935,0.085,vocal,0.6799
96.99,97.155,0.165,other,0.4599
97.25,97.355,0.105,vocal,0.5887
97.41,97.475,0.065,vocal,0.8238
97.59,97.595,0.005,click,0.8656
97.65,97.715,0.065,vocal,0.6242
97.79,97.855,0.065,vocal,0.8429
98.07,98.255,0.185,silence,0.4919
98.525,98.53,0.005,click,0.9168
98.625,98.63,0.005,click,0.8477
98.885,98.93,0.045,vocal,0.5362
99.005,99.07,0.065,vocal,0.6814
99.185,99.53,0.345,other,0.6371
99.585,99.91,0.325,silence,0.5448
99.965,100.43,0.465,other,0.6636
100.565,100.65,0.085,vocal,0.6453
100.905,101.05,0.145,other,0.4081
101.165,101.17,0.005,click,0.8765
101.225,101.23,0.005,click,0.9011
101.285,101.39,0.105,vocal,0.513
102.08,102.085,0.005,click,0.8575
102.14,102.145,0.005,click,0.8832
102.26,102.305,0.045,water,0.4395
102.46,102.465,0.005,click,0.9226
102.52,102.585,0.065,vocal,0.7563
102.64,102.645,0.005,click,0.8878
102.82,102.825,0.005,click,0.8758
102.9,102.985,0.085,vocal,0.7958
103.06,103.145,0.085,vocal,0.7871
103.22,103.365,0.145,vocal,0.4492
103.42,103.425,0.005,click,0.802
103.56,103.765,0.205,other,0.8708
103.9,104.165,0.265,other,0.441
104.26,104.525,0.265,silence,0.5131
104.62,104.625,0.005,click,0.9035
104.68,104.845,0.165,silence,0.3993
105.535,105.56,0.025,water,0.8019
105.695,105.7,0.005,click,0.9086
105.915,105.94,0.025,water,0.7074
106.215,106.26,0.045,water,0.5573
106.315,106.4,0.085,vocal,0.7824
106.575,106.58,0.005,click,0.8852
106.635,106.66,0.025,water,0.5978
106.715,106.74,0.025,water,0.7465
106.815,106.82,0.005,click,0.8764
107.015,107.02,0.005,click,0.9119
107.175,107.18,0.005,click,0.9093
107.415,107.44,0.025,water,0.6453
107.515,107.62,0.105,vocal,0.5236
107.775,107.84,0.065,vocal,0.8951
107.895,108.005,0.11,other,0.3193
108.115,108.12,0.005,click,0.8663
108.315,108.4,0.085,vocal,0.8028
108.59,108.595,0.005,click,0.858
108.675,108.715,0.04,vocal,0.5546
108.9,108.905,0.005,click,0.8051
108.99,109.135,0.145,vocal,0.4426
109.41,109.575,0.165,other,0.6454
109.65,109.975,0.325,other,0.4667
110.09,110.275,0.185,silence,0.4153
110.41,110.415,0.005,click,0.8442
110.49,110.535,0.045,vocal,0.4497
110.83,110.835,0.005,click,0.8209
110.91,110.935,0.025,water,0.7353
111.01,111.015,0.005,click,0.8705
111.27,111.275,0.005,click,0.8153
111.47,111.475,0.005,click,0.8983
111.57,111.575,0.005,click,0.8772
111.83,111.835,0.005,click,0.9032
112.005,112.01,0.005,click,0.8849
112.19,112.195,0.005,click,0.8608
112.485,112.49,0.005,click,0.8769
112.845,112.85,0.005,click,0.885
112.985,112.99,0.005,click,0.8515
113.065,113.07,0.005,click,0.8986
113.125,113.15,0.025,water,0.7068
113.425,113.43,0.005,click,0.9064
113.485,113.51,0.025,water,0.8161
113.565,113.57,0.005,click,0.7454
113.625,113.71,0.085,vocal,0.7414
113.785,113.79,0.005,click,0.9186
113.905,114.29,0.385,silence,0.6786
114.345,114.39,0.045,water,0.5333
114.445,114.71,0.265,silence,0.649
114.765,115.07,0.305,silence,0.5866
115.205,115.21,0.005,click,0.8617
115.285,115.29,0.005,click,0.8963
115.365,115.37,0.005,click,0.8722
115.445,115.45,0.005,click,0.8692
115.74,115.745,0.005,click,0.8855
116.06,116.065,0.005,click,0.9109
116.12,116.125,0.005,click,0.8857
116.28,116.325,0.045,vocal,0.4826
116.38,116.385,0.005,click,0.8696
116.48,116.485,0.005,click,0.8964
116.68,116.705,0.025,water,0.6062
116.78,116.845,0.065,vocal,0.7738
116.96,116.965,0.005,click,0.9044
117.02,117.225,0.205,other,0.4507
117.28,117.685,0.405,silence,0.7572
117.74,118.065,0.325,other,0.6018
118.14,118.425,0.285,silence,0.5681
118.5,118.505,0.005,click,0.8646
118.62,118.625,0.005,click,0.8689
118.7,118.805,0.105,vocal,0.6484
118.86,118.865,0.005,click,0.8655
119.115,119.16,0.045,water,0.4332
119.235,119.28,0.045,vocal,0.4744
119.395,119.8,0.405,silence,0.4928
119.855,119.86,0.005,click,0.8767
119.915,120.08,0.165,silence,0.4089
120.195,120.46,0.265,other,0.3998
120.635,120.76,0.125,other,0.4498
121.035,121.08,0.045,water,0.5056
121.155,121.16,0.005,click,0.879
121.255,121.26,0.005,click,0.8924
121.375,121.38,0.005,click,0.878
121.475,121.64,0.165,other,0.4835
121.835,121.88,0.045,water,0.5847
122.015,122.02,0.005,click,0.8721
122.275,122.28,0.005,click,0.8847
122.55,122.555,0.005,click,0.8713
122.63,122.755,0.125,vocal,0.4436
122.93,122.975,0.045,water,0.5545
123.05,123.55,0.5,silence,0.8044
123.55,123.575,0.025,water,0.712
123.63,123.635,0.005,click,0.9054
123.69,124.19,0.5,silence,0.5437
124.19,124.355,0.165,silence,0.4223
124.41,124.415,0.005,click,0.9043
124.51,124.715,0.205,other,0.4443
124.77,124.855,0.085,vocal,0.6942
124.91,125.155,0.245,silence,0.4428
125.29,125.335,0.045,vocal,0.4261
125.39,125.575,0.185,silence,0.4089
125.73,125.775,0.045,water,0.5616
125.93,125.935,0.005,click,0.8614
126.545,126.55,0.005,click,0.924
126.665,126.67,0.005,click,0.8641
126.825,126.87,0.045,water,0.4624
127.045,127.09,0.045,water,0.5799
127.265,127.27,0.005,click,0.8991
127.345,127.43,0.085,vocal,0.8467
127.605,127.63,0.025,water,0.8116
127.685,127.71,0.025,water,0.7843
127.825,127.87,0.045,vocal,0.4218
127.925,128.27,0.345,silence,0.6809
128.345,128.35,0.005,click,0.8804
128.405,128.65,0.245,silence,0.5629
128.745,128.79,0.045,water,0.4731
128.865,129.13,0.265,other,0.5836
129.205,129.43,0.225,other,0.6437
129.665,129.83,0.165,other,0.4518
130.045,130.17,0.125,other,0.5361
130.465,130.55,0.085,vocal,0.8104
130.88,130.885,0.005,click,0.8565
131.3,131.305,0.005,click,0.9061
131.74,131.745,0.005,click,0.9065
131.96,132.045,0.085,vocal,0.7177
132.16,132.165,0.005,click,0.885
132.36,132.405,0.045,vocal,0.5814
132.48,132.585,0.105,vocal,0.765
132.8,132.805,0.005,click,0.9101
132.86,132.885,0.025,water,0.8101
132.94,132.945,0.005,click,0.9018
133.06,133.085,0.025,water,0.6379
133.14,133.325,0.185,silence,0.3822
133.42,133.425,0.005,click,0.8618
133.64,133.645,0.005,click,0.8991
133.7,133.745,0.045,water,0.587
133.94,134.185,0.245,silence,0.4888
134.26,134.565,0.305,silence,0.4664
134.66,134.665,0.005,click,0.8571
134.72,135.025,0.305,silence,0.5658
135.1,135.285,0.185,silence,0.4069
135.955,135.96,0.005,click,0.9023
136.015,136.06,0.045,vocal,0.418
136.395,136.4,0.005,click,0.8892
136.455,136.5,0.045,vocal,0.4652
136.695,136.74,0.045,vocal,0.4535
136.855,136.92,0.065,vocal,0.7329
137.035,137.04,0.005,click,0.8864
137.115,137.26,0.145,other,0.6774
137.395,137.44,0.045,water,0.4762
137.515,137.66,0.145,vocal,0.408
137.755,137.78,0.025,water,0.6785
137.895,137.98,0.085,vocal,0.7613
138.055,138.06,0.005,click,0.8725
138.315,138.44,0.125,other,0.4182
138.495,138.5,0.005,click,0.8907
138.775,138.8,0.025,water,0.5614
138.875,138.92,0.045,vocal,0.4723
138.975,139.04,0.065,vocal,0.8081
139.175,139.18,0.005,click,0.9006
139.255,139.28,0.025,water,0.7872
139.475,139.58,0.105,vocal,0.6694
139.635,139.64,0.005,click,0.8814
139.715,139.72,0.005,click,0.8854
139.815,139.82,0.005,click,0.9118
140.19,140.235,0.045,vocal,0.4876
140.55,140.575,0.025,water,0.7173
140.69,140.735,0.045,vocal,0.5487
140.89,140.895,0.005,click,0.9221
141.01,141.195,0.185,silence,0.4149
141.25,141.255,0.005,click,0.8855
141.31,141.315,0.005,click,0.848
141.39,141.495,0.105,vocal,0.6597
141.55,141.655,0.105,vocal,0.5486
141.73,141.735,0.005,click,0.8798
141.83,141.855,0.025,water,0.7255
141.91,141.975,0.065,vocal,0.8593
142.13,142.175,0.045,water,0.4227
142.23,142.235,0.005,click,0.8896
142.29,142.435,0.145,other,0.4369
142.49,142.495,0.005,click,0.8564
142.59,142.715,0.125,other,0.4847
142.91,143.115,0.205,silence,0.5071
143.17,143.215,0.045,water,0.5437
143.31,143.395,0.085,vocal,0.7938
143.47,143.795,0.325,silence,0.5544
143.985,143.99,0.005,click,0.8522
144.145,144.21,0.065,vocal,0.7723
144.465,144.51,0.045,water,0.538
144.745,144.83,0.085,vocal,0.7077
145.025,145.03,0.005,click,0.8926
145.485,145.49,0.005,click,0.8696
145.545,145.61,0.065,vocal,0.7663
145.745,145.91,0.165,silence,0.4608
145.985,145.99,0.005,click,0.9036
146.065,146.11,0.045,water,0.4426
146.165,146.19,0.025,water,0.6335
146.245,146.35,0.105,vocal,0.5608
146.485,146.71,0.225,other,0.4636
146.845,147.15,0.305,other,0.577
147.225,147.65,0.425,silence,0.7058
147.765,147.93,0.165,other,0.3576
148.18,148.23,0.05,vocal,0.5259
148.285,148.31,0.025,water,0.5842
148.48,148.485,0.005,click,0.8974
148.58,148.585,0.005,click,0.896
148.64,148.685,0.045,vocal,0.7158
148.76,148.765,0.005,click,0.8991
148.9,148.985,0.085,vocal,0.8232
149.04,149.085,0.045,water,0.571
149.22,149.225,0.005,click,0.9029
149.3,149.305,0.005,click,0.9049
149.44,149.485,0.045,water,0.6907
149.6,149.605,0.005,click,0.8847
149.72,149.865,0.145,vocal,0.4192
149.92,149.925,0.005,click,0.8838
150.08,150.325,0.245,silence,0.6147
150.44,150.445,0.005,click,0.878
150.5,150.505,0.005,click,0.8685
150.56,150.765,0.205,silence,0.4144
150.94,151.105,0.165,silence,0.3981
151.16,151.265,0.105,vocal,0.4625
151.32,151.345,0.025,water,0.6204
151.4,151.445,0.045,vocal,0.5089
151.78,151.805,0.025,water,0.677
151.87,151.875,0.005,click,0.794
152.115,152.14,0.025,water,0.6636
152.215,152.24,0.025,water,0.7115
152.295,152.3,0.005,click,0.9444
152.535,152.6,0.065,vocal,0.8448
152.695,152.74,0.045,water,0.4776
152.815,152.86,0.045,vocal,0.5412
152.915,152.96,0.045,vocal,0.5932
153.035,153.22,0.185,silence,0.5718
153.275,153.28,0.005,click,0.8826
153.335,153.66,0.325,silence,0.6269
153.735,154.235,0.5,other,0.8228
154.235,154.735,0.5,silence,0.7962
154.735,154.96,0.225,other,0.6965
155.035,155.32,0.285,silence,0.6525
155.415,155.42,0.005,click,0.8963
155.555,155.64,0.085,vocal,0.7228
155.825,155.83,0.005,click,0.8153
155.91,156.035,0.125,vocal,0.4195
156.13,156.155,0.025,water,0.5639
156.31,156.315,0.005,click,0.901
156.39,156.415,0.025,vocal,0.4542
156.47,156.475,0.005,click,0.9351
156.53,156.575,0.045,water,0.5181
156.65,156.755,0.105,vocal,0.6085
156.85,156.855,0.005,click,0.8619
156.93,156.935,0.005,click,0.8886
157.05,157.135,0.085,vocal,0.7425
157.19,157.375,0.185,silence,0.459
157.45,157.555,0.105,vocal,0.6291
157.61,157.615,0.005,click,0.8986
157.69,157.695,0.005,click,0.8615
157.85,157.855,0.005,click,0.8996
157.95,158.055,0.105,vocal,0.676
158.15,158.395,0.245,silence,0.5365
158.45,158.515,0.065,vocal,0.8054
158.57,158.895,0.325,silence,0.6422
158.97,158.995,0.025,water,0.639
159.05,159.135,0.085,vocal,0.762
159.41,159.45,0.04,vocal,0.5966
159.545,159.575,0.03,water,0.7745
159.765,159.81,0.045,water,0.4559
159.945,159.97,0.025,water,0.6764
160.085,160.15,0.065,vocal,0.9198
160.205,160.33,0.125,vocal,0.4683
160.385,160.41,0.025,water,0.7897
160.465,160.75,0.285,other,0.518
160.825,161.09,0.265,silence,0.6083
161.245,161.29,0.045,water,0.5347
161.345,161.53,0.185,silence,0.4243
161.605,161.67,0.065,vocal,0.7053
161.725,162.01,0.285,silence,0.6707
162.085,162.09,0.005,click,0.8942
162.145,162.21,0.065,vocal,0.755
162.305,162.31,0.005,click,0.896
162.365,162.41,0.045,water,0.6563
162.485,162.53,0.045,vocal,0.6311
162.585,162.67,0.085,vocal,0.8306
163.005,163.01,0.005,click,0.8594
163.165,163.17,0.005,click,0.9052
163.48,163.525,0.045,water,0.6187
163.88,163.925,0.045,water,0.4821
164.0,164.005,0.005,click,0.9036
164.1,164.105,0.005,click,0.8539
164.22,164.385,0.165,silence,0.3786
164.54,164.585,0.045,vocal,0.4577
164.64,165.14,0.5,silence,0.5497
165.14,165.64,0.5,silence,0.7803
165.64,166.14,0.5,silence,0.5575
166.14,166.305,0.165,silence,0.3697
166.42,166.745,0.325,silence,0.6592
166.8,166.805,0.005,click,0.8247
166.88,167.085,0.205,other,0.6207
167.18,167.185,0.005,click,0.9024
167.735,167.745,0.01,water,0.6283
167.975,167.98,0.005,click,0.8891
168.155,168.34,0.185,silence,0.6119
168.395,168.4,0.005,click,0.889
168.535,168.66,0.125,vocal,0.4584
168.935,168.96,0.025,water,0.5957
169.015,169.06,0.045,water,0.514
169.315,169.44,0.125,vocal,0.4775
169.495,169.52,0.025,water,0.6783
169.635,169.96,0.325,other,0.4784
170.015,170.515,0.5,silence,0.84
170.515,171.015,0.5,other,0.4942
171.015,171.18,0.165,silence,0.3295
171.235,171.48,0.245,silence,0.4433
171.615,171.82,0.205,other,0.4377
171.91,171.915,0.005,click,0.9186
172.09,172.095,0.005,click,0.9406
172.27,172.275,0.005,click,0.8639
172.39,172.415,0.025,water,0.7873
172.47,172.475,0.005,click,0.8949
172.53,172.555,0.025,water,0.6229
172.83,172.895,0.065,vocal,0.7301
173.03,173.035,0.005,click,0.9016
173.19,173.295,0.105,vocal,0.6642
173.35,173.455,0.105,vocal,0.5971
173.61,173.735,0.125,other,0.4288
173.91,173.995,0.085,vocal,0.6461
174.05,174.055,0.005,click,0.8911
174.17,174.255,0.085,vocal,0.815
174.31,174.315,0.005,click,0.9127
174.41,174.655,0.245,silence,0.6126
174.71,174.775,0.065,vocal,0.6956
174.83,175.035,0.205,other,0.6112
175.11,175.61,0.5,silence,0.7425
175.61,175.835,0.225,other,0.5403
175.91,176.255,0.345,silence,0.5479
176.33,176.575,0.245,silence,0.6102
176.81,177.035,0.225,silence,0.47
177.205,177.21,0.005,click,0.8845
177.285,177.41,0.125,vocal,0.4578
177.605,177.75,0.145,vocal,0.3729
177.805,177.81,0.005,click,0.8916
177.885,178.01,0.125,vocal,0.5447
178.065,178.15,0.085,vocal,0.7594
178.245,178.65,0.405,silence,0.6465
178.745,179.17,0.425,silence,0.5077
179.245,179.41,0.165,other,0.9147
179.465,179.81,0.345,silence,0.578
179.865,179.87,0.005,click,0.8712
179.945,179.95,0.005,click,0.8989
180.045,180.21,0.165,other,0.4698
180.265,180.27,0.005,click,0.8796
180.385,180.47,0.085,vocal,0.7446
180.525,180.55,0.025,water,0.7162
180.645,180.69,0.045,vocal,0.7263
180.745,180.83,0.085,vocal,0.837
180.885,180.93,0.045,vocal,0.5164
180.985,181.07,0.085,vocal,0.7279
181.125,181.19,0.065,vocal,0.9204
181.305,181.49,0.185,other,0.4082
181.565,181.57,0.005,click,0.8968
181.665,181.69,0.025,water,0.6764
181.785,181.87,0.085,vocal,0.8314
181.945,181.95,0.005,click,0.9034
182.58,182.585,0.005,click,0.9473
182.68,182.685,0.005,click,0.9018
182.74,182.745,0.005,click,0.8783
182.94,183.005,0.065,vocal,0.8231
183.06,183.085,0.025,water,0.7723
183.14,183.145,0.005,click,0.948
183.2,183.305,0.105,vocal,0.615
183.38,183.425,0.045,water,0.5424
183.48,183.645,0.165,other,0.4598
183.7,184.2,0.5,silence,0.8475
184.2,184.485,0.285,other,0.6263
184.54,185.04,0.5,silence,0.7838
185.04,185.54,0.5,silence,0.818
185.54,186.04,0.5,silence,0.7258
186.04,186.54,0.5,silence,0.6361
186.54,186.585,0.045,water,0.5682
186.64,186.785,0.145,other,0.3554
186.88,186.885,0.005,click,0.868
186.98,187.105,0.125,other,0.4131
187.18,187.185,0.005,click,0.8496
187.42,187.425,0.005,click,0.9203
187.815,187.82,0.005,click,0.8224
187.875,187.925,0.05,water,0.6785
188.355,188.4,0.045,vocal,0.4305
188.455,188.52,0.065,vocal,0.6909
188.615,188.62,0.005,click,0.918
188.835,188.84,0.005,click,0.9069
188.915,189.0,0.085,vocal,0.6315
189.055,189.1,0.045,water,0.5599
189.155,189.16,0.005,click,0.9133
189.215,189.32,0.105,vocal,0.4947
189.375,189.76,0.385,other,0.7986
189.815,190.22,0.405,silence,0.5903
190.295,190.795,0.5,silence,0.8031
190.795,190.84,0.045,vocal,0.5101
190.995,191.24,0.245,silence,0.5112
191.315,191.44,0.125,vocal,0.4411
191.495,191.9,0.405,silence,0.6631
191.995,192.22,0.225,other,0.5881
192.275,192.775,0.5,silence,0.5846
192.775,193.06,0.285,silence,0.6161
193.135,193.54,0.405,silence,0.6707
193.615,193.62,0.005,click,0.9127
193.815,193.82,0.005,click,0.8237
194.035,194.04,0.005,click,0.8865
194.29,194.38,0.09,vocal,0.7814
194.45,194.455,0.005,click,0.9008
194.61,194.815,0.205,silence,0.5002
194.99,195.035,0.045,water,0.5651
195.09,195.235,0.145,other,0.4711
195.37,195.655,0.285,silence,0.5967
195.71,195.835,0.125,vocal,0.3786
195.89,196.055,0.165,vocal,0.3652
196.19,196.295,0.105,vocal,0.6233
196.37,196.415,0.045,vocal,0.6099
196.47,196.495,0.025,water,0.7699
196.63,196.755,0.125,vocal,0.4277
196.81,196.835,0.025,water,0.5949
196.91,197.235,0.325,other,0.5003
197.41,197.595,0.185,silence,0.4293
197.65,197.655,0.005,click,0.8759
197.79,198.115,0.325,other,0.4836
198.19,198.215,0.025,water,0.8303
198.31,198.495,0.185,silence,0.4035
198.63,198.635,0.005,click,0.876
198.71,198.855,0.145,other,0.5015
198.91,198.915,0.005,click,0.8975
199.265,199.27,0.005,click,0.8332
199.645,199.69,0.045,vocal,0.4373
199.765,199.79,0.025,water,0.6963
199.845,199.89,0.045,water,0.4297
200.165,200.31,0.145,vocal,0.3931
200.365,200.37,0.005,click,0.8755
200.465,200.53,0.065,vocal,0.6981
200.585,200.81,0.225,other,0.4523
200.905,201.17,0.265,silence,0.5038
201.245,201.745,0.5,silence,0.4795
201.745,202.245,0.5,silence,0.5378
202.245,202.55,0.305,silence,0.6208
202.605,202.69,0.085,vocal,0.7178
202.745,202.93,0.185,silence,0.4502
202.985,202.99,0.005,click,0.917
203.185,203.39,0.205,silence,0.4762
203.465,203.53,0.065,vocal,0.7916
203.685,203.71,0.025,water,0.7977
203.885,203.89,0.005,click,0.8915
203.945,204.03,0.085,vocal,0.852
204.125,204.13,0.005,click,0.8932
204.3,204.305,0.005,click,0.8984
204.365,204.385,0.02,vocal,0.4594
204.52,204.525,0.005,click,0.8699
204.64,204.645,0.005,click,0.9063
204.72,204.79,0.07,other,0.4546
204.84,204.845,0.005,click,0.8763
204.92,204.925,0.005,click,0.9005
205.0,205.5,0.5,other,0.7193
205.5,205.685,0.185,silence,0.4836
205.74,205.745,0.005,click,0.934
205.8,206.045,0.245,silence,0.4617
206.14,206.64,0.5,silence,0.7214
206.64,206.805,0.165,other,0.365
206.96,207.105,0.145,vocal,0.3981
207.36,207.405,0.045,vocal,0.4204
207.46,207.545,0.085,vocal,0.7735
207.68,207.685,0.005,click,0.88
207.78,207.785,0.005,click,0.8992
207.84,207.845,0.005,click,0.8906
208.16,208.165,0.005,click,0.875
208.615,208.62,0.005,click,0.8819
208.695,208.7,0.005,click,0.8762
208.915,208.94,0.025,water,0.7976
208.995,209.02,0.025,water,0.6467
209.075,209.08,0.005,click,0.8882
209.175,209.18,0.005,click,0.9101
209.275,209.48,0.205,other,0.4496
209.575,209.62,0.045,water,0.5866
209.675,209.9,0.225,other,0.4319
209.995,210.34,0.345,silence,0.5534
210.395,210.74,0.345,silence,0.5595
210.795,211.12,0.325,other,0.5585
211.195,211.24,0.045,vocal,0.4301
211.295,211.42,0.125,other,0.399
211.475,211.56,0.085,vocal,0.6782
211.615,211.68,0.065,vocal,0.8354
211.735,211.74,0.005,click,0.8925
211.93,211.935,0.005,click,0.9197
212.09,212.095,0.005,click,0.8912
212.51,212.555,0.045,water,0.5168
212.65,212.695,0.045,water,0.641
212.85,213.095,0.245,silence,0.4606
213.25,213.515,0.265,silence,0.6798
213.75,213.855,0.105,vocal,0.6782
213.91,213.915,0.005,click,0.9113
214.01,214.015,0.005,click,0.8869
214.11,214.115,0.005,click,0.8785
214.27,214.315,0.045,water,0.7306
214.41,214.435,0.025,water,0.7291
214.65,214.675,0.025,water,0.5658
214.75,214.755,0.005,click,0.8448
214.85,214.855,0.005,click,0.8215
215.09,215.095,0.005,click,0.8818
215.665,215.71,0.045,water,0.6283
215.785,215.79,0.005,click,0.9229
216.045,216.15,0.105,vocal,0.7053
216.225,216.23,0.005,click,0.9046
216.305,216.31,0.005,click,0.875
216.465,216.51,0.045,water,0.5481
216.585,216.635,0.05,water,0.6385
216.805,216.93,0.125,vocal,0.4722
216.985,217.11,0.125,other,0.4253
217.185,217.685,0.5,silence,0.7059
217.685,217.71,0.025,water,0.6874
217.785,217.79,0.005,click,0.8742
217.845,217.89,0.045,vocal,0.5222
217.96,217.965,0.005,click,0.8532
218.06,218.07,0.01,click,0.544
218.2,218.225,0.025,vocal,0.5132
218.3,218.345,0.045,water,0.5936
218.4,218.405,0.005,click,0.873
218.56,218.625,0.065,vocal,0.8378
218.68,218.785,0.105,vocal,0.5961
218.94,218.945,0.005,click,0.8476
219.04,219.145,0.105,vocal,0.6391
219.28,219.305,0.025,water,0.7409
219.38,219.485,0.105,vocal,0.5717
219.64,219.645,0.005,click,0.8578
219.7,219.745,0.045,vocal,0.7252
219.82,219.845,0.025,water,0.7289
219.94,219.945,0.005,click,0.8825
220.1,220.285,0.185,silence,0.3873
220.38,220.385,0.005,click,0.8872
220.5,220.545,0.045,water,0.4449
220.62,220.625,0.005,click,0.8894
220.9,220.905,0.005,click,0.8598
221.295,221.32,0.025,water,0.5742
221.375,221.38,0.005,click,0.9098
221.595,222.095,0.5,other,0.6222
222.095,222.24,0.145,other,0.5096
222.315,222.72,0.405,silence,0.6547
222.775,223.02,0.245,silence,0.5248
223.155,223.54,0.385,silence,0.6919
223.595,223.6,0.005,click,0.8574
223.655,223.66,0.005,click,0.8926
223.735,223.92,0.185,silence,0.4075
224.015,224.02,0.005,click,0.905
224.075,224.34,0.265,silence,0.5095
225.03,225.055,0.025,water,0.5097
225.25,225.255,0.005,click,0.8485
225.43,225.455,0.025,water,0.6836
225.61,225.635,0.025,water,0.5435
225.69,225.695,0.005,click,0.8767
225.75,225.755,0.005,click,0.8733
225.81,225.815,0.005,click,0.8965
226.13,226.215,0.085,vocal,0.8242
226.43,226.635,0.205,other,0.4294
226.79,226.835,0.045,vocal,0.552
226.89,227.015,0.125,vocal,0.5145
227.21,227.375,0.165,silence,0.4102
227.45,227.455,0.005,click,0.8854
227.61,227.655,0.045,water,0.4674
227.905,227.93,0.025,water,0.854
228.025,228.19,0.165,other,0.375
228.305,228.51,0.205,silence,0.5005
228.585,229.01,0.425,silence,0.5907
229.105,229.27,0.165,other,0.3722
229.385,229.39,0.005,click,0.9092
229.545,229.67,0.125,vocal,0.3704
229.725,229.73,0.005,click,0.8415
229.945,230.07,0.125,other,0.3671
230.345,230.41,0.065,vocal,0.8672
230.545,230.55,0.005,click,0.8712
230.725,230.77,0.045,vocal,0.4796
231.46,231.465,0.005,click,0.8736
231.52,231.525,0.005,click,0.8617
231.66,231.665,0.005,click,0.8283
231.88,232.045,0.165,other,0.4097
232.18,232.68,0.5,silence,0.8404
232.68,232.845,0.165,other,0.3935
232.9,232.905,0.005,click,0.8861
232.96,233.265,0.305,silence,0.4665
233.34,233.685,0.345,silence,0.6735
233.76,234.025,0.265,silence,0.4854
234.275,234.285,0.01,click,0.875
234.38,234.385,0.005,click,0.8887
234.48,234.485,0.005,click,0.8822
234.955,234.96,0.005,click,0.9014
235.015,235.16,0.145,other,0.4021
235.375,235.52,0.145,other,0.5468
235.715,235.78,0.065,vocal,0.9038
235.855,236.0,0.145,vocal,0.3627
236.075,236.14,0.065,vocal,0.5732
236.235,236.3,0.065,vocal,0.8391
236.515,236.54,0.025,water,0.65
236.595,236.64,0.045,water,0.5193
236.695,236.72,0.025,water,0.6467
236.875,237.1,0.225,silence,0.4589
237.255,237.4,0.145,other,0.5425
237.67,237.775,0.105,vocal,0.6448
237.91,237.915,0.005,click,0.9107
237.97,238.235,0.265,silence,0.6327
238.3,238.635,0.335,other,0.5089
238.69,238.715,0.025,click,0.3553
238.77,239.27,0.5,silence,0.725
239.27,239.275,0.005,click,0.8853
239.33,239.415,0.085,vocal,0.8454
239.51,239.515,0.005,click,0.8901
239.59,239.755,0.165,other,0.496
239.87,239.895,0.025,water,0.7032
240.05,240.075,0.025,water,0.694
240.15,240.155,0.005,click,0.9031
240.41,240.415,0.005,click,0.9037
241.085,241.09,0.005,click,0.8974
241.165,241.17,0.005,click,0.8888
241.245,241.33,0.085,vocal,0.6793
241.465,241.47,0.005,click,0.8614
241.565,241.61,0.045,vocal,0.7208
241.665,241.67,0.005,click,0.88
241.845,242.09,0.245,silence,0.5242
242.205,242.53,0.325,other,0.6224
242.585,242.59,0.005,click,0.8655
242.645,242.93,0.285,silence,0.6116
242.985,242.99,0.005,click,0.8788
243.045,243.17,0.125,other,0.4272
243.225,243.27,0.045,vocal,0.6631
243.365,243.39,0.025,water,0.6223
243.465,243.625,0.16,other,0.3989
243.705,243.71,0.005,click,0.8832
243.84,243.845,0.005,click,0.9024
244.0,244.085,0.085,vocal,0.748
244.16,244.165,0.005,click,0.8788
244.22,244.485,0.265,silence,0.476
244.54,244.545,0.005,click,0.9213
244.66,244.845,0.185,silence,0.4218
245.0,245.045,0.045,water,0.5347
245.1,245.205,0.105,vocal,0.608
245.26,245.265,0.005,click,0.8944
245.48,245.545,0.065,vocal,0.8284
245.6,245.665,0.065,vocal,0.6118
245.72,245.725,0.005,click,0.8796
245.9,245.965,0.065,vocal,0.5847
246.04,246.045,0.005,click,0.8887
246.715,246.72,0.005,click,0.8367
246.855,246.86,0.005,click,0.8796
246.915,246.92,0.005,click,0.8733
247.135,247.24,0.105,vocal,0.517
247.355,247.42,0.065,vocal,0.8261
247.475,247.56,0.085,vocal,0.6889
247.615,247.62,0.005,click,0.9235
247.735,247.76,0.025,water,0.8031
247.815,247.94,0.125,vocal,0.6108
247.995,248.0,0.005,click,0.8793
248.095,248.32,0.225,other,0.5285
248.375,248.72,0.345,silence,0.71
248.775,249.06,0.285,other,0.6933
249.115,249.12,0.005,click,0.855
249.175,249.18,0.005,click,0.9195
249.315,249.34,0.025,water,0.7681
249.47,249.475,0.005,click,0.8672
249.73,249.735,0.005,click,0.8848
249.79,249.835,0.045,water,0.4655
250.13,250.275,0.145,other,0.4378
250.45,250.735,0.285,silence,0.5511
250.81,250.975,0.165,silence,0.3637
251.05,251.055,0.005,click,0.8767
251.17,251.255,0.085,vocal,0.7931
251.31,251.395,0.085,vocal,0.8575
251.45,251.455,0.005,click,0.9156
251.51,251.515,0.005,click,0.8883
251.59,251.675,0.085,vocal,0.7727
251.75,251.755,0.005,click,0.8766
252.085,252.09,0.005,click,0.9187
252.165,252.17,0.005,click,0.9139
252.385,252.41,0.025,water,0.6803
252.465,252.65,0.185,other,0.7876
252.725,252.73,0.005,click,0.8435
252.785,253.03,0.245,other,0.5767
253.085,253.585,0.5,silence,0.5529
253.585,253.81,0.225,other,0.5475
253.865,254.21,0.345,silence,0.5062
254.285,254.35,0.065,vocal,0.7951
254.405,254.43,0.025,water,0.755
254.505,254.51,0.005,click,0.8807
254.68,254.705,0.025,water,0.9054
254.78,254.805,0.025,water,0.7389
254.86,254.865,0.005,click,0.8194
255.06,255.265,0.205,other,0.6227
255.32,255.325,0.005,click,0.9005
255.46,255.645,0.185,silence,0.4104
255.76,256.065,0.305,other,0.7015
256.16,256.345,0.185,silence,0.4763
256.48,256.485,0.005,click,0.8357
256.58,256.765,0.185,silence,0.4539
256.92,256.925,0.005,click,0.8735
257.035,257.045,0.01,water,0.5254
257.12,257.125,0.005,click,0.8924
257.18,257.185,0.005,click,0.8426
257.235,257.24,0.005,click,0.9065
257.315,257.38,0.065,vocal,0.9077
257.635,257.84,0.205,other,0.5765
257.895,257.96,0.065,vocal,0.771
258.035,258.535,0.5,silence,0.6479
258.535,258.64,0.105,vocal,0.5262
258.695,259.1,0.405,silence,0.4914
259.175,259.18,0.005,click,0.8767
259.255,259.4,0.145,other,0.4045
259.475,259.48,0.005,click,0.8756
259.595,259.6,0.005,click,0.8835
259.655,259.68,0.025,water,0.7843
259.94,259.995,0.055,water,0.3591
260.49,260.495,0.005,click,0.8813
260.81,260.835,0.025,water,0.8925
261.05,261.055,0.005,click,0.8543
261.14,261.315,0.175,other,0.5769
261.37,261.375,0.005,click,0.896
261.43,261.635,0.205,other,0.7433
261.69,261.775,0.085,vocal,0.6597
261.83,262.135,0.305,silence,0.4715
262.21,262.215,0.005,click,0.8416
262.27,262.77,0.5,silence,0.819
262.77,263.015,0.245,other,0.4593
263.07,263.075,0.005,click,0.8965
263.21,263.215,0.005,click,0.8601
263.585,263.59,0.005,click,0.9067
263.645,263.65,0.005,click,0.8807
264.065,264.13,0.065,vocal,0.859
264.205,264.21,0.005,click,0.8909
264.265,264.41,0.145,other,0.3866
264.505,264.57,0.065,vocal,0.778
264.665,264.87,0.205,other,0.4108
265.025,265.03,0.005,click,0.8821
265.085,265.09,0.005,click,0.8704
265.145,265.23,0.085,vocal,0.8079
265.325,265.33,0.005,click,0.9283
265.465,265.47,0.005,click,0.8653
265.525,265.53,0.005,click,0.8801
265.765,265.91,0.145,vocal,0.4693
265.965,265.97,0.005,click,0.9115
266.025,266.21,0.185,silence,0.5066
266.265,266.27,0.005,click,0.8736
266.345,266.845,0.5,silence,0.7128
266.845,267.01,0.165,other,0.5421
267.065,267.33,0.265,silence,0.6234
267.505,267.51,0.005,click,0.8912
267.565,267.71,0.145,other,0.5872
268.045,268.085,0.04,vocal,0.4885
268.42,268.465,0.045,water,0.6004
268.54,268.565,0.025,water,0.6555
268.84,269.065,0.225,other,0.5135
269.2,269.205,0.005,click,0.8981
269.34,269.525,0.185,silence,0.4279
269.6,269.745,0.145,other,0.4876
269.8,269.925,0.125,other,0.4821
270.02,270.025,0.005,click,0.9013
270.2,270.265,0.065,vocal,0.7656
270.32,270.365,0.045,water,0.4218
270.44,270.465,0.025,water,0.6701
270.58,270.585,0.005,click,0.8475
270.64,270.645,0.005,click,0.8968
270.72,270.725,0.005,click,0.9124
270.82,270.825,0.005,click,0.8906
271.0,271.165,0.165,silence,0.3942
271.22,271.225,0.005,click,0.8732
271.3,271.305,0.005,click,0.8874
271.36,271.445,0.085,vocal,0.8503
271.56,271.645,0.085,vocal,0.6551
271.7,271.905,0.205,other,0.4245
271.96,272.46,0.5,silence,0.8172
272.46,272.665,0.205,other,0.4166
272.72,272.785,0.065,vocal,0.5669
272.84,273.125,0.285,other,0.4502
273.28,273.285,0.005,click,0.8673
273.42,273.505,0.085,vocal,0.7306
273.755,273.845,0.09,vocal,0.8231
273.9,273.905,0.005,click,0.8682
274.115,274.18,0.065,vocal,0.8452
274.235,274.24,0.005,click,0.917
274.515,274.66,0.145,vocal,0.4251
274.835,274.84,0.005,click,0.8803
274.995,275.08,0.085,vocal,0.8189
275.255,275.26,0.005,click,0.8501
275.315,275.6,0.285,silence,0.5624
275.695,275.7,0.005,click,0.8891
275.755,276.14,0.385,other,0.5131
276.195,276.695,0.5,silence,0.7814
276.695,276.7,0.005,click,0.9207
276.775,277.06,0.285,silence,0.4794
277.115,277.16,0.045,vocal,0.5276
277.215,277.48,0.265,silence,0.568
277.555,277.56,0.005,click,0.8595
277.615,277.8,0.185,silence,0.4663
278.055,278.24,0.185,silence,0.4439
278.295,278.36,0.065,vocal,0.8312
278.415,278.56,0.145,vocal,0.5352
278.715,278.72,0.005,click,0.9008
278.835,278.94,0.105,vocal,0.6287
279.095,279.1,0.005,click,0.8795
279.215,279.3,0.085,vocal,0.7051
279.355,279.38,0.025,water,0.5068
279.535,279.58,0.045,vocal,0.455
279.635,279.72,0.085,vocal,0.6971
279.895,279.94,0.045,vocal,0.4451
280.035,280.115,0.08,vocal,0.6755
280.235,280.24,0.005,click,0.8772
280.355,280.435,0.08,vocal,0.7651
280.495,280.515,0.02,water,0.459
280.65,280.655,0.005,click,0.9308
280.75,280.835,0.085,vocal,0.4992
280.91,280.915,0.005,click,0.8891
281.05,281.075,0.025,water,0.785
281.13,281.295,0.165,other,0.4355
281.43,281.655,0.225,other,0.4697
281.71,281.775,0.065,vocal,0.6871
281.85,281.875,0.025,water,0.6998
281.93,281.955,0.025,water,0.6281
282.01,282.055,0.045,water,0.4921
282.11,282.155,0.045,vocal,0.6411
282.23,282.475,0.245,silence,0.4753
282.63,282.915,0.285,other,0.5788
282.97,283.035,0.065,vocal,0.7625
283.09,283.235,0.145,vocal,0.4326
283.39,283.475,0.085,vocal,0.6962
283.53,283.675,0.145,other,0.4253
283.79,283.795,0.005,click,0.8557
283.85,284.155,0.305,other,0.5154
284.29,284.355,0.065,vocal,0.6986
284.41,284.535,0.125,vocal,0.4715
284.65,284.715,0.065,vocal,0.796
284.77,284.935,0.165,other,0.5232
285.15,285.235,0.085,vocal,0.7323
285.29,285.295,0.005,click,0.844
285.53,285.655,0.125,other,0.3956
285.81,285.855,0.045,vocal,0.5022
285.985,286.01,0.025,water,0.6234
286.085,286.09,0.005,click,0.851
286.325,286.33,0.005,click,0.8936
286.385,286.43,0.045,water,0.5734
286.545,286.57,0.025,water,0.7407
286.665,287.165,0.5,silence,0.5796
287.165,287.39,0.225,other,0.6199
287.445,287.67,0.225,other,0.4973
287.725,288.05,0.325,silence,0.6455
288.205,288.49,0.285,silence,0.7618
288.545,288.55,0.005,click,0.8183
288.625,288.85,0.225,other,0.7444
288.945,288.97,0.025,water,0.7187
289.045,289.07,0.025,water,0.8414
289.145,289.25,0.105,vocal,0.5824
289.305,289.37,0.065,vocal,0.8368
289.485,289.49,0.005,click,0.853
289.685,289.75,0.065,vocal,0.8693
289.805,289.815,0.01,click,0.7258
290.04,290.045,0.005,click,0.8128
290.12,290.125,0.005,click,0.8725
290.18,290.265,0.085,vocal,0.8183
290.34,290.345,0.005,click,0.8985
290.44,290.605,0.165,other,0.4933
290.66,290.665,0.005,click,0.8961
290.72,291.22,0.5,silence,0.6104
291.22,291.425,0.205,other,0.6216
291.48,291.485,0.005,click,0.9033
291.54,291.745,0.205,other,0.487
291.82,292.025,0.205,other,0.5738
292.08,292.085,0.005,click,0.8884
292.16,292.165,0.005,click,0.9136
292.36,292.405,0.045,water,0.4352
292.6,292.645,0.045,water,0.5019
293.04,293.085,0.045,water,0.5845
293.355,293.36,0.005,click,0.9267
293.475,293.48,0.005,click,0.917
293.575,293.58,0.005,click,0.8778
293.635,293.64,0.005,click,0.8602
293.715,293.76,0.045,vocal,0.5334
293.815,293.84,0.025,water,0.7003
293.895,293.96,0.065,vocal,0.589
294.015,294.515,0.5,silence,0.6599
294.515,294.56,0.045,water,0.5973
294.655,294.66,0.005,click,0.8711
294.715,294.74,0.025,water,0.6237
294.815,294.9,0.085,vocal,0.7293
294.955,294.96,0.005,click,0.8634
295.235,295.28,0.045,vocal,0.5071
295.335,295.34,0.005,click,0.9106
295.395,295.42,0.025,water,0.8631
295.475,295.62,0.145,other,0.4277
295.755,295.76,0.005,click,0.8837
295.855,295.86,0.005,click,0.9107
295.995,296.02,0.025,water,0.645
296.21,296.215,0.005,click,0.8713
296.33,296.335,0.005,click,0.9153
296.59,296.735,0.145,other,0.4443
296.83,296.835,0.005,click,0.9031
296.93,297.43,0.5,silence,0.5517
297.43,297.93,0.5,silence,0.4943
297.93,297.995,0.065,vocal,0.7862
298.07,298.415,0.345,silence,0.632
298.49,298.695,0.205,other,0.5382
298.905,298.95,0.045,water,0.4881
299.025,299.13,0.105,vocal,0.5219
299.185,299.19,0.005,click,0.8635
299.265,299.29,0.025,water,0.6985
299.345,299.51,0.165,other,0.8124
299.635,299.67,0.035,water,0.9177
299.765,300.03,0.265,silence,0.5927
300.105,300.11,0.005,click,0.8376
300.185,300.53,0.345,silence,0.5074
300.585,300.59,0.005,click,0.9324
300.645,300.81,0.165,silence,0.367
300.885,300.91,0.025,water,0.7902
301.085,301.09,0.005,click,0.8848
301.225,301.23,0.005,click,0.8882
301.78,301.785,0.005,click,0.9198
301.92,301.945,0.025,water,0.8158
302.0,302.045,0.045,water,0.5711
302.12,302.445,0.325,other,0.4745
302.54,302.745,0.205,silence,0.4318
302.8,303.225,0.425,other,0.4891
303.3,303.425,0.125,vocal,0.3908
303.5,303.505,0.005,click,0.8941
303.635,303.64,0.005,click,0.8846
303.695,303.7,0.005,click,0.89
303.915,303.92,0.005,click,0.9007
304.015,304.1,0.085,vocal,0.7856
304.315,304.4,0.085,vocal,0.7253
304.455,304.48,0.025,water,0.6374
304.535,304.54,0.005,click,0.8732
304.695,304.8,0.105,vocal,0.6105
304.875,304.88,0.005,click,0.8916
304.975,304.98,0.005,click,0.8701
305.095,305.16,0.065,vocal,0.7237
305.235,305.28,0.045,vocal,0.5127
305.335,305.34,0.005,click,0.8787
305.495,305.56,0.065,vocal,0.7426
305.715,305.72,0.005,click,0.8896
305.95,305.995,0.045,water,0.589
306.27,306.555,0.285,silence,0.6405
306.63,306.635,0.005,click,0.8921
306.69,307.19,0.5,other,0.5159
307.19,307.375,0.185,other,0.4347
307.57,307.775,0.205,other,0.4929
307.83,307.835,0.005,click,0.8821
307.93,307.935,0.005,click,0.886
308.145,308.23,0.085,vocal,0.79
308.405,308.905,0.5,silence,0.7335
308.905,309.15,0.245,silence,0.4698
309.205,309.65,0.445,silence,0.5697
309.705,310.03,0.325,other,0.5498
310.085,310.33,0.245,silence,0.4495
310.385,310.39,0.005,click,0.8459
310.58,310.585,0.005,click,0.8544
310.64,310.725,0.085,vocal,0.6358
311.02,311.185,0.165,silence,0.388
311.24,311.545,0.305,silence,0.5183
311.62,311.625,0.005,click,0.8798
311.68,311.685,0.005,click,0.8883
311.74,311.785,0.045,vocal,0.5519
311.9,311.905,0.005,click,0.9209
312.08,312.085,0.005,click,0.871
312.14,312.225,0.085,vocal,0.7729
312.36,312.365,0.005,click,0.9161
312.44,312.445,0.005,click,0.8442
312.5,312.605,0.105,vocal,0.6083
312.68,312.785,0.105,vocal,0.5553
312.86,312.865,0.005,click,0.8786
313.0,313.025,0.025,water,0.6826
313.1,313.105,0.005,click,0.9075
313.16,313.165,0.005,click,0.8737
313.24,313.245,0.005,click,0.9272
313.435,313.58,0.145,other,0.8
313.815,314.0,0.185,silence,0.4796
314.055,314.06,0.005,click,0.8911
314.115,314.38,0.265,other,0.4376
314.475,314.48,0.005,click,0.8826
314.535,314.64,0.105,vocal,0.6336
314.695,314.72,0.025,water,0.4994
314.815,314.84,0.025,water,0.6681
314.935,314.94,0.005,click,0.9057
314.995,315.0,0.005,click,0.9043
315.055,315.08,0.025,water,0.6821
315.295,315.44,0.145,other,0.5959
315.495,315.5,0.005,click,0.8983
315.595,315.62,0.025,water,0.8072
315.695,315.7,0.005,click,0.8564
315.755,315.88,0.125,vocal,0.5596
315.955,315.96,0.005,click,0.9142
316.43,316.45,0.02,water,0.8777
316.53,316.555,0.025,water,0.7942
316.83,316.915,0.085,vocal,0.7217
316.99,317.015,0.025,water,0.6279
317.17,317.175,0.005,click,0.8741
317.25,317.75,0.5,silence,0.6812
317.75,318.25,0.5,silence,0.5753
318.25,318.655,0.405,silence,0.5622
318.79,319.035,0.245,silence,0.6171
319.21,319.255,0.045,vocal,0.6546
319.31,319.435,0.125,other,0.3644
319.51,319.515,0.005,click,0.8959
319.63,319.635,0.005,click,0.9159
320.065,320.07,0.005,click,0.909
320.485,320.49,0.005,click,0.8996
320.825,320.87,0.045,vocal,0.4702
320.965,320.97,0.005,click,0.8728
321.045,321.05,0.005,click,0.8883
321.105,321.21,0.105,vocal,0.5318
321.265,321.31,0.045,water,0.4657
321.485,321.69,0.205,silence,0.4644
321.765,321.77,0.005,click,0.8597
321.845,322.345,0.5,silence,0.7643
322.345,322.49,0.145,vocal,0.4495
322.545,323.045,0.5,silence,0.7008
323.045,323.29,0.245,silence,0.6023
323.345,323.35,0.005,click,0.8711
323.485,323.53,0.045,water,0.5229
323.585,323.65,0.065,vocal,0.731
323.845,323.89,0.045,water,0.4372
323.965,323.99,0.025,water,0.7461
324.155,324.16,0.005,click,0.7488
324.245,324.25,0.005,click,0.82
324.7,324.705,0.005,click,0.8838
324.775,324.785,0.01,click,0.5187
325.06,325.065,0.005,click,0.8817
325.12,325.165,0.045,water,0.409
325.38,325.405,0.025,water,0.7183
325.52,325.565,0.045,water,0.4627
325.84,325.845,0.005,click,0.8754
325.9,326.105,0.205,other,0.4594
326.24,326.545,0.305,other,0.4629
326.6,326.605,0.005,click,0.9186
326.68,326.985,0.305,silence,0.6375
327.04,327.345,0.305,other,0.487
327.4,327.505,0.105,vocal,0.6386
327.56,327.665,0.105,vocal,0.6311
327.74,327.825,0.085,vocal,0.828
328.02,328.185,0.165,other,0.4744
328.26,328.365,0.105,vocal,0.5776
328.58,328.705,0.125,vocal,0.512
328.76,328.765,0.005,click,0.8852
328.86,328.905,0.045,vocal,0.5677
329.04,329.125,0.085,vocal,0.8067
329.24,329.245,0.005,click,0.8838
329.3,329.305,0.005,click,0.8861
329.38,329.525,0.145,other,0.6326
329.58,329.625,0.045,water,0.5246
329.935,329.94,0.005,click,0.8859
330.295,330.34,0.045,water,0.5343
330.395,330.4,0.005,click,0.8868
330.535,330.58,0.045,water,0.5186
330.795,330.8,0.005,click,0.8899
330.895,330.96,0.065,vocal,0.7328
331.015,331.04,0.025,water,0.8033
331.215,331.42,0.205,other,0.5455
331.535,331.54,0.005,click,0.855
331.615,331.92,0.305,silence,0.4714
332.035,332.04,0.005,click,0.8501
332.095,332.595,0.5,silence,0.7033
332.595,332.84,0.245,other,0.5226
332.895,333.395,0.5,other,0.5116
333.395,333.895,0.5,silence,0.7853
333.895,334.395,0.5,silence,0.6595
334.395,334.895,0.5,silence,0.6013
334.895,335.18,0.285,silence,0.5384
335.235,335.5,0.265,silence,0.546
335.555,335.56,0.005,click,0.9138
335.635,335.94,0.305,other,0.5195
335.995,336.0,0.005,click,0.9051
336.055,336.34,0.285,silence,0.6236
336.395,336.4,0.005,click,0.8885
336.495,336.6,0.105,vocal,0.6918
336.655,336.68,0.025,water,0.6359
336.735,336.74,0.005,click,0.8828
336.855,336.88,0.025,water,0.684
336.935,337.14,0.205,other,0.7424
337.195,337.26,0.065,vocal,0.4658
337.395,337.48,0.085,vocal,0.7895
337.555,337.66,0.105,vocal,0.5882
337.775,337.86,0.085,vocal,0.8352
337.915,338.02,0.105,vocal,0.677
338.115,338.14,0.025,water,0.6762
338.195,338.22,0.025,water,0.676
338.295,338.5,0.205,other,0.4937
338.555,338.56,0.005,click,0.8821
338.635,338.66,0.025,water,0.717
338.71,338.76,0.05,water,0.668
338.855,338.86,0.005,click,0.8804
338.915,338.92,0.005,click,0.8458
339.015,339.1,0.085,vocal,0.7697
339.155,339.3,0.145,other,0.4321
339.375,339.38,0.005,click,0.8817
339.575,339.58,0.005,click,0.8742
339.635,339.66,0.025,water,0.6705
339.71,339.76,0.05,water,0.6047
339.815,339.82,0.005,click,0.8337
339.915,339.92,0.005,click,0.8547
340.035,340.04,0.005,click,0.8883
340.095,340.14,0.045,water,0.4394
340.21,340.24,0.03,water,0.82
340.43,340.435,0.005,click,0.9022
340.81,340.855,0.045,water,0.6085
341.195,341.215,0.02,click,0.5027
341.45,341.535,0.085,vocal,0.7747
341.91,341.915,0.005,click,0.8507
341.97,341.995,0.025,water,0.7727
342.35,342.355,0.005,click,0.8874
342.43,342.435,0.005,click,0.8614
342.61,342.615,0.005,click,0.8872
342.77,342.895,0.125,other,0.591
342.95,342.955,0.005,click,0.8669
343.03,343.055,0.025,water,0.67
343.17,343.175,0.005,click,0.8927
343.27,343.395,0.125,vocal,0.4368
343.45,343.455,0.005,click,0.8977
343.53,343.535,0.005,click,0.9162
343.63,343.635,0.005,click,0.8405
343.69,343.975,0.285,other,0.4978
344.05,344.275,0.225,silence,0.4369
344.33,344.515,0.185,silence,0.4979
344.57,344.795,0.225,other,0.538
344.87,344.875,0.005,click,0.8702
344.93,345.295,0.365,other,0.5528
345.37,345.715,0.345,silence,0.5442
345.79,345.795,0.005,click,0.8761
345.85,345.875,0.025,water,0.6073
345.93,346.055,0.125,vocal,0.4305
346.11,346.135,0.025,water,0.6939
346.25,346.75,0.5,other,0.6175
346.75,347.25,0.5,silence,0.6283
347.25,347.495,0.245,other,0.5549
347.55,347.875,0.325,other,0.5125
347.97,347.975,0.005,click,0.8901
348.09,348.175,0.085,vocal,0.72
348.31,348.335,0.025,water,0.7878
348.45,348.455,0.005,click,0.9092
348.51,348.615,0.105,vocal,0.5133
348.67,348.815,0.145,vocal,0.4124
348.89,349.135,0.245,silence,0.5936
349.47,349.475,0.005,click,0.8821
349.885,349.89,0.005,click,0.8627
351.125,351.13,0.005,click,0.8716
351.545,351.55,0.005,click,0.9014
351.605,351.65,0.045,vocal,0.5019
351.865,352.05,0.185,silence,0.3722
352.345,352.35,0.005,click,0.8939
352.445,352.45,0.005,click,0.8909
352.785,352.79,0.005,click,0.8811
353.045,353.05,0.005,click,0.9033
353.305,353.31,0.005,click,0.8675
353.545,353.69,0.145,other,0.5059
354.005,354.05,0.045,water,0.3885
354.145,354.15,0.005,click,0.8638
354.245,354.25,0.005,click,0.8823
356.06,356.065,0.005,click,0.9177
356.12,356.125,0.005,click,0.8851
356.78,356.805,0.025,water,0.8214
357.16,357.245,0.085,vocal,0.7855
357.64,357.645,0.005,click,0.8946
358.29,358.34,0.05,other,0.4405
358.395,358.46,0.065,vocal,0.7718
358.755,358.88,0.125,vocal,0.5184
359.235,359.26,0.025,water,0.8079
359.875,359.9,0.025,water,0.6451
359.975,359.98,0.005,click,0.8931
361.23,361.235,0.005,click,0.8225
361.67,361.675,0.005,click,0.8974
363.185,363.19,0.005,click,0.8854
363.425,363.43,0.005,click,0.8345
363.525,363.53,0.005,click,0.8777
363.585,363.69,0.105,vocal,0.601
363.985,364.09,0.105,vocal,0.6561
364.445,364.55,0.105,vocal,0.451
365.28,365.285,0.005,click,0.8952
365.36,365.465,0.105,vocal,0.5168
365.7,365.705,0.005,click,0.8496
365.9,365.905,0.005,click,0.8349
366.74,366.745,0.005,click,0.9008
366.955,366.96,0.005,click,0.8862
367.755,367.8,0.045,vocal,0.4956
368.055,368.06,0.005,click,0.8586
368.375,368.38,0.005,click,0.8693
368.515,368.6,0.085,vocal,0.7301
368.675,368.68,0.005,click,0.875
368.735,368.84,0.105,vocal,0.6627
368.915,368.94,0.025,water,0.6424
369.51,369.515,0.005,click,0.8807
369.93,369.975,0.045,water,0.6131
370.25,370.255,0.005,click,0.8808
371.05,371.055,0.005,click,0.8775
372.185,372.195,0.01,water,0.576
372.405,372.41,0.005,click,0.9056
372.485,372.49,0.005,click,0.8703
372.605,372.63,0.025,water,0.649
372.725,372.81,0.085,vocal,0.8081
372.985,373.01,0.025,water,0.7502
373.125,373.13,0.005,click,0.9038
373.185,373.29,0.105,vocal,0.5211
373.405,373.41,0.005,click,0.8946
373.505,373.57,0.065,vocal,0.8269
373.645,373.65,0.005,click,0.782
373.705,373.71,0.005,click,0.8622
373.865,373.87,0.005,click,0.8475
374.285,374.39,0.105,vocal,0.6288
375.355,375.36,0.005,click,0.7442
375.88,375.925,0.045,water,0.5871
376.0,376.005,0.005,click,0.8834
376.32,376.365,0.045,water,0.7204
377.1,377.105,0.005,click,0.8686
377.18,377.185,0.005,click,0.8802
377.4,377.405,0.005,click,0.904
377.5,377.525,0.025,water,0.6196
377.9,377.905,0.005,click,0.8605
377.96,377.985,0.025,water,0.7138
378.36,378.365,0.005,click,0.7809
378.815,378.82,0.005,click,0.8874
378.895,378.9,0.005,click,0.8784
379.155,379.18,0.025,water,0.7773
379.575,379.62,0.045,vocal,0.4709
379.695,379.7,0.005,click,0.898
379.975,380.0,0.025,water,0.4868
380.295,380.3,0.005,click,0.8893
380.375,380.38,0.005,click,0.8338
380.475,380.5,0.025,water,0.7014
380.735,380.76,0.025,water,0.7053
381.535,381.54,0.005,click,0.8336
382.53,382.535,0.005,click,0.8997
382.73,382.74,0.01,click,0.7463
382.79,382.795,0.005,click,0.914
382.875,382.88,0.005,click,0.9026
383.09,383.095,0.005,click,0.859
383.15,383.195,0.045,water,0.6422
383.29,383.335,0.045,vocal,0.5232
383.39,383.495,0.105,vocal,0.5268
383.55,383.595,0.045,vocal,0.6525
383.65,383.715,0.065,vocal,0.7758
383.87,383.935,0.065,vocal,0.7115
384.01,384.055,0.045,vocal,0.6402
384.15,384.155,0.005,click,0.9318
384.27,384.275,0.005,click,0.8872
384.37,384.475,0.105,vocal,0.7452
384.53,384.535,0.005,click,0.8828
384.61,384.735,0.125,other,0.424
384.79,384.835,0.045,water,0.5162
384.89,384.955,0.065,vocal,0.8792
385.07,385.075,0.005,click,0.88
385.15,385.155,0.005,click,0.9153
385.21,385.335,0.125,vocal,0.3838
385.67,385.675,0.005,click,0.9279
385.79,385.795,0.005,click,0.8598
385.85,385.855,0.005,click,0.8952
388.325,388.33,0.005,click,0.7951
388.645,388.73,0.085,vocal,0.7391
389.025,389.05,0.025,water,0.6659
389.235,389.24,0.005,click,0.8313
389.825,389.87,0.045,water,0.4995
390.205,390.21,0.005,click,0.8779
390.265,390.35,0.085,vocal,0.7399
390.585,390.63,0.045,vocal,0.5422
391.52,391.525,0.005,click,0.9147
391.98,392.025,0.045,vocal,0.5004
392.4,392.405,0.005,click,0.8815
392.62,392.625,0.005,click,0.7714
393.08,393.085,0.005,click,0.8329
395.675,395.68,0.005,click,0.8818
395.995,396.0,0.005,click,0.8649
396.275,396.28,0.005,click,0.8574
396.355,396.4,0.045,water,0.5075
396.455,396.5,0.045,vocal,0.4531
396.675,396.68,0.005,click,0.8638
396.815,396.94,0.125,vocal,0.3975
397.075,397.12,0.045,water,0.4863
397.215,397.38,0.165,other,0.3887
397.535,397.54,0.005,click,0.8915
397.595,397.64,0.045,vocal,0.5899
397.715,397.8,0.085,vocal,0.6902
398.015,398.04,0.025,water,0.655
398.175,398.18,0.005,click,0.9182
398.235,398.24,0.005,click,0.892
399.77,399.795,0.025,water,0.6702
400.39,400.395,0.005,click,0.9015
400.95,400.955,0.005,click,0.8028
401.03,401.035,0.005,click,0.9072
401.35,401.355,0.005,click,0.8824
401.75,401.755,0.005,click,0.9151
402.01,402.015,0.005,click,0.8883
402.945,402.97,0.025,water,0.6672
403.265,403.47,0.205,silence,0.4446
403.685,403.69,0.005,click,0.8809
403.745,403.75,0.005,click,0.9111
404.065,404.11,0.045,water,0.722
405.085,405.09,0.005,click,0.9099
406.22,406.225,0.005,click,0.8908
406.34,406.345,0.005,click,0.8563
406.66,406.665,0.005,click,0.908
406.9,406.985,0.085,vocal,0.7993
407.04,407.105,0.065,vocal,0.7334
407.22,407.225,0.005,click,0.8881
407.32,407.485,0.165,other,0.3748
407.78,407.805,0.025,water,0.5009
407.86,407.885,0.025,water,0.7876
408.12,408.165,0.045,water,0.4973
408.22,408.265,0.045,vocal,0.4788
408.64,408.645,0.005,click,0.8922
409.015,409.02,0.005,click,0.8858
409.135,409.14,0.005,click,0.8518
409.355,409.36,0.005,click,0.9087
409.415,409.52,0.105,vocal,0.508
409.635,409.68,0.045,vocal,0.5195
409.815,409.825,0.01,click,0.8054
410.315,410.32,0.005,click,0.9077
410.855,410.86,0.005,click,0.8289
411.435,411.44,0.005,click,0.8827
412.51,412.515,0.005,click,0.8864
412.61,412.735,0.125,vocal,0.4698
413.05,413.095,0.045,vocal,0.4414
413.17,413.215,0.045,water,0.5726
415.605,415.65,0.045,vocal,0.4305
415.745,415.75,0.005,click,0.8581
415.805,415.81,0.005,click,0.8734
415.87,415.875,0.005,click,0.851
415.945,416.09,0.145,silence,0.3592
416.205,416.45,0.245,silence,0.4959
416.605,416.63,0.025,water,0.7723
416.685,416.69,0.005,click,0.8333
416.745,416.75,0.005,click,0.8556
416.945,416.99,0.045,water,0.5924
417.245,417.25,0.005,click,0.8977
417.46,417.465,0.005,click,0.8525
417.665,417.67,0.005,click,0.7895
417.88,417.885,0.005,click,0.8351
418.28,418.285,0.005,click,0.8469
418.44,418.485,0.045,water,0.5958
418.555,418.56,0.005,click,0.8338
418.8,418.845,0.045,water,0.6162
419.66,419.665,0.005,click,0.9112
419.96,419.965,0.005,click,0.8789
420.555,420.56,0.005,click,0.8898
420.995,421.04,0.045,vocal,0.4361
421.095,421.1,0.005,click,0.8619
421.195,421.28,0.085,vocal,0.7316
421.395,421.4,0.005,click,0.8962
421.475,421.48,0.005,click,0.9104
421.555,421.56,0.005,click,0.8342
421.655,421.68,0.025,water,0.7186
421.755,421.76,0.005,click,0.9055
421.815,421.88,0.065,vocal,0.7325
421.995,422.0,0.005,click,0.8489
422.195,422.24,0.045,vocal,0.4581
422.355,422.36,0.005,click,0.9121
424.25,424.255,0.005,click,0.9063
424.31,424.315,0.005,click,0.8884
424.53,424.535,0.005,click,0.8865
424.65,424.715,0.065,vocal,0.8838
424.79,424.795,0.005,click,0.8589
424.89,424.895,0.005,click,0.8464
424.95,424.955,0.005,click,0.8908
425.05,425.195,0.145,other,0.6615
425.35,425.355,0.005,click,0.8549
425.43,425.435,0.005,click,0.8793
425.51,425.595,0.085,vocal,0.7532
425.87,425.875,0.005,click,0.8971
425.93,425.935,0.005,click,0.8837
425.99,426.015,0.025,water,0.6247
426.23,426.235,0.005,click,0.8828
426.43,426.475,0.045,water,0.6001
427.215,427.23,0.015,click,0.6986
427.485,427.49,0.005,click,0.8812
428.63,428.635,0.005,click,0.8346
429.945,429.95,0.005,click,0.8853
430.405,430.41,0.005,click,0.8823
430.465,430.47,0.005,click,0.8904
431.55,431.56,0.01,click,0.8494
432.22,432.225,0.005,click,0.7755
432.84,432.845,0.005,click,0.8845
436.6,436.605,0.005,click,0.8426
437.815,437.82,0.005,click,0.8641
437.915,437.94,0.025,water,0.6461
438.215,438.24,0.025,water,0.6661
438.435,438.44,0.005,click,0.9098
438.755,438.76,0.005,click,0.8999
440.095,440.1,0.005,click,0.8326
440.195,440.2,0.005,click,0.8427
442.99,443.0,0.01,water,0.5685
444.25,444.255,0.005,click,0.866
444.37,444.375,0.005,click,0.8025
444.57,444.575,0.005,click,0.8903
445.05,445.055,0.005,click,0.9102
445.39,445.435,0.045,water,0.6926
445.57,445.575,0.005,click,0.916
445.69,445.715,0.025,water,0.6437
445.93,445.935,0.005,click,0.8761
446.35,446.355,0.005,click,0.8848
447.93,447.935,0.005,click,0.8548
451.11,451.115,0.005,click,0.8668
451.77,451.775,0.005,click,0.8926
452.605,452.61,0.005,click,0.9046
452.745,452.75,0.005,click,0.876
453.045,453.05,0.005,click,0.8545
453.445,453.49,0.045,water,0.4758
453.825,453.87,0.045,water,0.469
454.305,454.31,0.005,click,0.8697
455.185,455.19,0.005,click,0.8475
456.105,456.11,0.005,click,0.8824
456.165,456.17,0.005,click,0.8344
456.285,456.29,0.005,click,0.8295
457.24,457.245,0.005,click,0.8879
457.46,457.465,0.005,click,0.8803
457.56,457.565,0.005,click,0.8715
457.84,457.885,0.045,vocal,0.5901
457.94,457.985,0.045,vocal,0.5059
458.06,458.065,0.005,click,0.8642
458.28,458.285,0.005,click,0.88
458.36,458.465,0.105,vocal,0.633
458.52,458.565,0.045,vocal,0.4367
458.82,458.825,0.005,click,0.8471
458.9,458.905,0.005,click,0.8699
458.96,458.985,0.025,water,0.7716
459.1,459.105,0.005,click,0.8839
459.16,459.165,0.005,click,0.8607
459.24,459.265,0.025,water,0.6245
459.72,459.725,0.005,click,0.9173
460.975,460.98,0.005,click,0.8286
461.635,461.64,0.005,click,0.7735
463.215,463.22,0.005,click,0.8752
463.455,463.46,0.005,click,0.9026
463.635,463.64,0.005,click,0.8807
463.775,463.78,0.005,click,0.8474
464.075,464.08,0.005,click,0.9093
464.195,464.2,0.005,click,0.8608
464.97,464.975,0.005,click,0.8303
465.69,465.695,0.005,click,0.8919
465.75,465.875,0.125,vocal,0.4207
467.97,467.975,0.005,click,0.8754
468.15,468.155,0.005,click,0.8577
471.305,471.31,0.005,click,0.8542
471.805,471.81,0.005,click,0.8511
472.025,472.05,0.025,water,0.6027
472.185,472.29,0.105,vocal,0.5337
472.545,472.65,0.105,vocal,0.6747
472.795,472.8,0.005,click,0.7648
472.945,473.09,0.145,vocal,0.3835
473.445,473.45,0.005,click,0.8963
473.545,473.57,0.025,water,0.7492
473.805,473.81,0.005,click,0.9034
473.885,473.91,0.025,water,0.6526
474.665,474.67,0.005,click,0.86
474.785,474.79,0.005,click,0.8955
475.41,475.415,0.005,click,0.8144
476.645,476.65,0.005,click,0.8815
477.025,477.03,0.005,click,0.8815
477.165,477.17,0.005,click,0.8879
477.585,477.59,0.005,click,0.8973
477.86,477.865,0.005,click,0.6855
478.505,478.51,0.005,click,0.8483
478.805,478.81,0.005,click,0.8568
478.865,478.89,0.025,water,0.5876
478.99,478.995,0.005,click,0.7468
479.085,479.09,0.005,click,0.9006
479.145,479.15,0.005,click,0.8651
479.235,479.24,0.005,click,0.8395
479.285,479.29,0.005,click,0.8601
484.0,484.005,0.005,click,0.8766
484.46,484.465,0.005,click,0.8775
485.36,485.365,0.005,click,0.8924
486.14,486.185,0.045,water,0.4662
486.6,486.605,0.005,click,0.925
487.0,487.005,0.005,click,0.9029
487.08,487.085,0.005,click,0.8929
487.38,487.385,0.005,click,0.8645
487.48,487.585,0.105,vocal,0.6073
487.68,487.685,0.005,click,0.9069
487.74,487.785,0.045,vocal,0.5448
487.86,487.905,0.045,water,0.5911
488.1,488.105,0.005,click,0.8893
488.28,488.405,0.125,vocal,0.4976
488.64,488.645,0.005,click,0.8791
489.08,489.125,0.045,water,0.4748
489.42,489.425,0.005,click,0.9037
489.58,489.585,0.005,click,0.9067
489.64,489.645,0.005,click,0.8856
489.7,489.705,0.005,click,0.8353
489.96,489.965,0.005,click,0.8991
490.08,490.165,0.085,vocal,0.7781
490.46,490.505,0.045,vocal,0.4823
490.56,490.565,0.005,click,0.863
490.68,490.685,0.005,click,0.8769
490.74,490.885,0.145,vocal,0.5236
490.94,490.945,0.005,click,0.9228
491.04,491.145,0.105,vocal,0.6726
491.2,491.245,0.045,water,0.5527
491.34,491.345,0.005,click,0.9063
491.44,491.445,0.005,click,0.8794
491.52,491.545,0.025,water,0.5494
491.6,491.605,0.005,click,0.8451
491.84,491.845,0.005,click,0.8932
491.92,492.005,0.085,vocal,0.6232
492.28,492.305,0.025,water,0.7187
492.6,492.645,0.045,water,0.5492
492.7,492.725,0.025,water,0.8239
492.86,492.865,0.005,click,0.858
492.98,492.985,0.005,click,0.8697
493.52,493.605,0.085,vocal,0.6785
494.0,494.025,0.025,water,0.5904
494.1,494.105,0.005,click,0.8726
494.2,494.205,0.005,click,0.86
494.54,494.545,0.005,click,0.7963
494.6,494.645,0.045,water,0.476
494.74,494.745,0.005,click,0.9153
495.795,495.82,0.025,water,0.7765
496.155,496.16,0.005,click,0.8135
496.42,496.425,0.005,click,0.7307
496.515,496.52,0.005,click,0.896
496.575,496.62,0.045,water,0.6072
496.835,496.88,0.045,water,0.4456
496.935,497.04,0.105,vocal,0.6898
497.255,497.28,0.025,water,0.6522
497.335,497.52,0.185,silence,0.4065
497.655,497.66,0.005,click,0.8272
497.755,497.84,0.085,vocal,0.6396
497.915,497.92,0.005,click,0.8777
498.035,498.04,0.005,click,0.8377
498.295,498.34,0.045,water,0.4716
498.435,498.44,0.005,click,0.8597
498.555,498.64,0.085,vocal,0.8053
498.715,498.74,0.025,water,0.6494
498.895,498.9,0.005,click,0.8941
498.955,499.04,0.085,vocal,0.5786
499.155,499.18,0.025,water,0.6823
500.55,500.555,0.005,click,0.9132
500.67,500.695,0.025,water,0.7945
500.91,500.915,0.005,click,0.8766
501.07,501.155,0.085,vocal,0.7971
501.41,501.595,0.185,silence,0.3605
501.65,501.655,0.005,click,0.868
501.73,501.795,0.065,vocal,0.6217
501.85,501.875,0.025,water,0.7405
501.95,501.995,0.045,water,0.5302
502.05,502.395,0.345,silence,0.4945
502.45,502.455,0.005,click,0.8942
502.59,502.775,0.185,silence,0.3391
502.83,502.975,0.145,other,0.4083
503.05,503.275,0.225,other,0.6024
503.33,503.375,0.045,water,0.5081
503.43,503.535,0.105,vocal,0.6102
503.825,503.83,0.005,click,0.8868
503.945,503.95,0.005,click,0.9367
504.045,504.05,0.005,click,0.9285
504.145,504.15,0.005,click,0.883
504.225,504.23,0.005,click,0.8733
504.485,504.49,0.005,click,0.8849
504.645,504.65,0.005,click,0.8804
504.705,504.71,0.005,click,0.8993
504.785,504.85,0.065,vocal,0.8518
504.905,504.91,0.005,click,0.8386
505.065,505.09,0.025,water,0.7246
505.145,505.19,0.045,water,0.5842
505.245,505.25,0.005,click,0.8841
505.325,505.33,0.005,click,0.8848
505.425,505.43,0.005,click,0.8692
505.505,505.53,0.025,water,0.8162
505.605,505.61,0.005,click,0.9421
505.985,505.99,0.005,click,0.8869
506.045,506.05,0.005,click,0.9039
506.105,506.11,0.005,click,0.8681
506.385,506.41,0.025,water,0.6735
506.525,506.53,0.005,click,0.853
506.825,506.83,0.005,click,0.9047
506.905,506.91,0.005,click,0.9
507.62,507.685,0.065,vocal,0.8002
507.76,507.765,0.005,click,0.8671
507.92,507.925,0.005,click,0.8943
507.98,507.985,0.005,click,0.8857
508.045,508.105,0.06,other,0.3713
508.2,508.205,0.005,click,0.8217
508.3,508.305,0.005,click,0.8828
508.36,508.86,0.5,silence,0.7251
508.86,508.865,0.005,click,0.8785
508.92,508.965,0.045,vocal,0.5417
509.04,509.045,0.005,click,0.8801
509.1,509.105,0.005,click,0.8468
509.16,509.385,0.225,other,0.6172
509.5,509.805,0.305,silence,0.5144
509.9,509.925,0.025,water,0.8369
509.98,510.345,0.365,other,0.5307
510.42,510.565,0.145,other,0.4166
510.68,510.745,0.065,vocal,0.8363
510.82,510.825,0.005,click,0.8763
510.96,510.965,0.005,click,0.8883
511.02,511.025,0.005,click,0.8405
511.14,511.145,0.005,click,0.8719
511.22,511.225,0.005,click,0.9155
511.36,511.385,0.025,water,0.7279
511.695,511.7,0.005,click,0.901
511.755,511.76,0.005,click,0.9015
511.975,511.98,0.005,click,0.8616
512.195,512.24,0.045,water,0.5722
512.295,512.36,0.065,vocal,0.7623
512.495,512.58,0.085,vocal,0.7671
512.655,512.98,0.325,silence,0.5523
513.035,513.16,0.125,vocal,0.4332
513.215,513.4,0.185,other,0.4218
513.475,513.5,0.025,water,0.7285
513.555,513.68,0.125,vocal,0.5343
513.735,513.78,0.045,vocal,0.4858
513.835,514.02,0.185,other,0.6659
514.115,514.12,0.005,click,0.8558
514.175,514.54,0.365,silence,0.5218
514.635,514.92,0.285,silence,0.6431
514.995,515.0,0.005,click,0.889
515.135,515.14,0.005,click,0.9033
515.315,515.32,0.005,click,0.8343
515.89,515.895,0.005,click,0.8748
516.15,516.155,0.005,click,0.907
516.27,516.295,0.025,water,0.808
516.39,516.435,0.045,vocal,0.4478
516.55,516.555,0.005,click,0.8517
516.69,517.075,0.385,other,0.5863
517.13,517.195,0.065,vocal,0.853
517.27,517.455,0.185,silence,0.4364
517.51,517.695,0.185,silence,0.4201
517.75,517.955,0.205,other,0.4474
518.01,518.055,0.045,water,0.4453
518.19,518.255,0.065,vocal,0.6899
518.31,518.355,0.045,water,0.468
518.53,518.675,0.145,other,0.7874
518.77,518.775,0.005,click,0.8573
518.83,518.835,0.005,click,0.8781
518.89,518.915,0.025,water,0.6095
519.01,519.095,0.085,vocal,0.8095
519.15,519.155,0.005,click,0.8754
519.23,519.275,0.045,vocal,0.476
519.35,519.375,0.025,water,0.7963
519.73,519.735,0.005,click,0.876
519.79,519.795,0.005,click,0.794
519.93,519.935,0.005,click,0.8667
520.33,520.335,0.005,click,0.8382
520.725,520.73,0.005,click,0.8862
520.785,520.79,0.005,click,0.8293
520.885,520.89,0.005,click,0.897
521.065,521.07,0.005,click,0.8959
521.165,521.17,0.005,click,0.894
521.225,521.23,0.005,click,0.9192
521.285,521.29,0.005,click,0.8916
521.565,521.57,0.005,click,0.908
521.705,521.71,0.005,click,0.8858
521.785,521.83,0.045,vocal,0.4919
521.885,522.09,0.205,other,0.7005
522.145,522.19,0.045,vocal,0.4483
522.265,522.27,0.005,click,0.8639
522.325,522.33,0.005,click,0.8913
522.385,522.39,0.005,click,0.9003
522.485,522.51,0.025,water,0.7345
522.585,522.63,0.045,water,0.504
522.715,522.72,0.005,click,0.8415
522.785,522.79,0.005,click,0.896
522.985,523.05,0.065,vocal,0.7559
523.185,523.27,0.085,vocal,0.6197
523.365,523.49,0.125,other,0.3756
523.545,523.55,0.005,click,0.8841
523.605,523.65,0.045,water,0.6418
523.705,523.71,0.005,click,0.8907
523.765,523.79,0.025,water,0.5735
523.885,523.89,0.005,click,0.8372
523.965,523.97,0.005,click,0.8977
524.065,524.11,0.045,vocal,0.4578
524.205,524.21,0.005,click,0.8486
524.265,524.27,0.005,click,0.8812
524.405,524.41,0.005,click,0.8959
524.545,524.59,0.045,water,0.4676
524.665,524.81,0.145,other,0.6826
524.925,525.09,0.165,vocal,0.35
525.185,525.25,0.065,vocal,0.8701
525.365,525.37,0.005,click,0.9071
525.425,525.43,0.005,click,0.8701
525.665,525.71,0.045,vocal,0.6707
525.8,525.805,0.005,click,0.8444
525.865,525.87,0.005,click,0.8919
526.025,526.03,0.005,click,0.8776
526.085,526.13,0.045,water,0.5376
526.185,526.19,0.005,click,0.8276
526.265,526.29,0.025,water,0.5279
526.345,526.39,0.045,vocal,0.5098
526.565,526.63,0.065,vocal,0.7289
526.685,526.75,0.065,vocal,0.7762
526.905,526.91,0.005,click,0.907
526.965,526.97,0.005,click,0.8981
527.065,527.15,0.085,vocal,0.6954
527.305,527.37,0.065,vocal,0.8548
527.505,527.51,0.005,click,0.8645
527.625,527.67,0.045,vocal,0.453
527.785,527.79,0.005,click,0.8628
527.945,527.95,0.005,click,0.8757
528.005,528.01,0.005,click,0.8949
528.065,528.09,0.025,water,0.5785
528.305,528.35,0.045,water,0.5018
528.505,528.57,0.065,vocal,0.7358
528.665,528.67,0.005,click,0.6723
528.905,528.91,0.005,click,0.8472
528.98,528.985,0.005,click,0.8772
529.145,529.15,0.005,click,0.8831
529.265,529.27,0.005,click,0.8779
529.325,529.33,0.005,click,0.8811
529.9,529.905,0.005,click,0.9028
531.375,531.425,0.05,other,0.3232
531.9,531.905,0.005,click,0.9231
532.02,532.025,0.005,click,0.9154
532.3,532.305,0.005,click,0.8759
532.62,532.625,0.005,click,0.9018
532.84,532.885,0.045,water,0.5529
532.94,532.985,0.045,water,0.6436
533.04,533.045,0.005,click,0.8848
533.14,533.145,0.005,click,0.8474
533.2,533.205,0.005,click,0.9036
533.56,533.565,0.005,click,0.839
533.7,533.705,0.005,click,0.8948
533.84,533.945,0.105,vocal,0.5065
534.38,534.385,0.005,click,0.9055
534.56,534.625,0.065,vocal,0.8544
534.76,534.885,0.125,vocal,0.4568
535.04,535.105,0.065,vocal,0.7524
535.18,535.185,0.005,click,0.8773
535.24,535.245,0.005,click,0.8824
535.36,535.405,0.045,water,0.5022
535.54,535.605,0.065,vocal,0.6994
535.66,535.785,0.125,vocal,0.4856
535.88,535.945,0.065,vocal,0.8596
536.0,536.005,0.005,click,0.8943
536.08,536.145,0.065,vocal,0.8087
536.26,536.265,0.005,click,0.8576
536.32,536.385,0.065,vocal,0.6553
536.5,536.505,0.005,click,0.8789
536.64,536.645,0.005,click,0.9124
536.7,536.705,0.005,click,0.9114
536.76,536.825,0.065,vocal,0.8815
536.88,536.885,0.005,click,0.8783
537.04,537.045,0.005,click,0.8551
537.16,537.165,0.005,click,0.9092
537.3,537.325,0.025,water,0.6997
537.64,537.785,0.145,other,0.565
537.86,537.905,0.045,water,0.4002
537.96,538.025,0.065,other,0.5226
538.12,538.125,0.005,click,0.8746
538.18,538.405,0.225,other,0.5892
538.5,538.625,0.125,other,0.462
538.68,538.745,0.065,vocal,0.8446
538.8,538.845,0.045,water,0.5909
538.9,538.965,0.065,vocal,0.5033
539.04,539.045,0.005,click,0.8564
539.1,539.105,0.005,click,0.8456
539.18,539.245,0.065,vocal,0.8401
539.3,539.345,0.045,water,0.6406
539.44,539.525,0.085,vocal,0.5984
539.58,539.585,0.005,click,0.8073
539.68,539.845,0.165,other,0.4855
539.9,539.925,0.025,water,0.7179
540.0,540.005,0.005,click,0.8292
540.06,540.265,0.205,other,0.5933
540.32,540.405,0.085,vocal,0.8207
540.6,540.605,0.005,click,0.9121
540.72,540.725,0.005,click,0.9058
540.78,540.785,0.005,click,0.8666
540.92,540.925,0.005,click,0.8691
541.02,541.025,0.005,click,0.8498
541.12,541.125,0.005,click,0.9094
542.255,542.28,0.025,water,0.7311
542.535,542.54,0.005,click,0.8472
542.615,542.68,0.065,vocal,0.631
542.735,542.78,0.045,water,0.7679
542.955,543.2,0.245,silence,0.5771
543.255,543.4,0.145,other,0.5099
543.595,543.7,0.105,vocal,0.568
543.755,543.92,0.165,silence,0.4264
544.015,544.04,0.025,water,0.6788
544.095,544.1,0.005,click,0.894
544.215,544.26,0.045,vocal,0.5559
544.315,544.36,0.045,vocal,0.5151
544.415,544.78,0.365,other,0.5179
544.835,545.04,0.205,other,0.6308
545.095,545.14,0.045,water,0.5444
545.195,545.24,0.045,vocal,0.5431
545.295,545.3,0.005,click,0.923
545.455,545.48,0.025,water,0.6742
545.595,545.64,0.045,water,0.4908
545.695,545.74,0.045,vocal,0.4901
545.795,545.86,0.065,vocal,0.7882
545.975,545.98,0.005,click,0.8642
546.175,546.32,0.145,vocal,0.3612
546.415,546.42,0.005,click,0.8544
546.475,546.64,0.165,other,0.4917
546.735,546.8,0.065,vocal,0.7777
546.855,546.9,0.045,water,0.428
546.955,547.02,0.065,vocal,0.7308
547.195,547.2,0.005,click,0.8366
547.255,547.3,0.045,vocal,0.6258
547.355,547.38,0.025,water,0.7196
547.91,547.915,0.005,click,0.8459
548.27,548.275,0.005,click,0.8783
548.59,548.595,0.005,click,0.8688
548.745,548.75,0.005,click,0.7836
548.91,548.935,0.025,water,0.6912
549.05,549.215,0.165,other,0.4998
549.37,549.375,0.005,click,0.8503
549.45,549.455,0.005,click,0.8913
549.51,549.675,0.165,silence,0.3832
549.77,549.935,0.165,other,0.6055
550.01,550.015,0.005,click,0.8591
550.07,550.115,0.045,water,0.4248
550.21,550.255,0.045,water,0.4982
550.37,550.375,0.005,click,0.8585
550.49,550.555,0.065,vocal,0.9057
550.65,550.675,0.025,water,0.7819
550.75,550.755,0.005,click,0.8937
550.81,550.815,0.005,click,0.9019
550.87,550.895,0.025,water,0.7415
551.05,551.055,0.005,click,0.8383
551.11,551.155,0.045,vocal,0.465
551.29,551.295,0.005,click,0.8782
551.39,551.435,0.045,water,0.4602
551.53,551.535,0.005,click,0.8845
551.59,551.595,0.005,click,0.8677
551.65,551.655,0.005,click,0.8654
551.75,551.775,0.025,water,0.7261
551.89,552.255,0.365,silence,0.5499
552.41,552.555,0.145,other,0.4934
552.65,552.795,0.145,other,0.3873
552.85,552.855,0.005,click,0.8431
552.95,552.955,0.005,click,0.8694
553.01,553.075,0.065,vocal,0.589
553.19,553.195,0.005,click,0.8717
553.31,553.415,0.105,vocal,0.5196
553.51,553.515,0.005,click,0.9056
553.57,553.795,0.225,other,0.4836
553.93,554.015,0.085,vocal,0.7185
554.13,554.195,0.065,vocal,0.6849
554.29,554.335,0.045,water,0.6102
554.465,554.47,0.005,click,0.8666
554.55,554.555,0.005,click,0.8954
554.765,554.775,0.01,water,0.5102
554.93,554.935,0.005,click,0.8565
555.29,555.295,0.005,click,0.8697
556.385,556.39,0.005,click,0.8664
556.485,556.49,0.005,click,0.8851
556.685,556.73,0.045,water,0.4412
556.865,556.89,0.025,water,0.7211
556.985,556.99,0.005,click,0.883
557.085,557.09,0.005,click,0.8786
557.325,557.43,0.105,vocal,0.5351
557.485,557.53,0.045,water,0.4638
557.625,557.63,0.005,click,0.8442
557.885,557.89,0.005,click,0.8591
558.045,558.37,0.325,other,0.5795
558.445,558.45,0.005,click,0.8641
558.525,558.59,0.065,vocal,0.6378
558.645,558.65,0.005,click,0.8788
558.745,558.75,0.005,click,0.8816
558.805,558.81,0.005,click,0.8479
558.865,558.87,0.005,click,0.8563
558.965,559.03,0.065,vocal,0.6512
559.125,559.29,0.165,silence,0.4214
559.345,559.43,0.085,vocal,0.5842
559.485,559.59,0.105,vocal,0.5934
559.645,559.69,0.045,water,0.4876
559.745,559.75,0.005,click,0.9102
559.825,560.03,0.205,other,0.5672
560.105,560.11,0.005,click,0.87
560.185,560.19,0.005,click,0.88
560.245,560.31,0.065,vocal,0.8285
560.365,560.41,0.045,water,0.5412
560.465,560.47,0.005,click,0.8742
560.525,560.53,0.005,click,0.8525
560.625,560.65,0.025,water,0.7195
560.765,560.77,0.005,click,0.8562
560.825,560.83,0.005,click,0.8377
561.12,561.125,0.005,click,0.8635
561.42,561.425,0.005,click,0.89
561.72,561.725,0.005,click,0.8635
561.88,561.885,0.005,click,0.7584
562.0,562.005,0.005,click,0.8617
562.12,562.145,0.025,water,0.8179
562.22,562.225,0.005,click,0.8684
562.3,562.365,0.065,vocal,0.784
562.46,562.505,0.045,water,0.4772
562.6,562.825,0.225,other,0.6474
562.88,562.945,0.065,vocal,0.7327
563.0,563.005,0.005,click,0.8993
563.06,563.105,0.045,water,0.4618
563.22,563.265,0.045,vocal,0.6122
563.32,563.405,0.085,vocal,0.6773
563.5,563.505,0.005,click,0.8931
563.56,563.565,0.005,click,0.9239
563.7,563.825,0.125,other,0.4883
563.88,564.025,0.145,vocal,0.3831
564.28,564.305,0.025,water,0.564
564.38,564.425,0.045,water,0.5108
564.5,564.665,0.165,silence,0.3519
564.74,564.925,0.185,silence,0.4367
564.98,565.045,0.065,vocal,0.6478
565.1,565.105,0.005,click,0.8807
565.24,565.245,0.005,click,0.8475
565.36,565.365,0.005,click,0.9004
565.44,565.645,0.205,other,0.5654
565.7,565.705,0.005,click,0.8389
565.76,565.865,0.105,vocal,0.649
565.92,565.925,0.005,click,0.8974
566.02,566.025,0.005,click,0.8973
566.1,566.105,0.005,click,0.9083
566.26,566.265,0.005,click,0.7295
566.995,567.02,0.025,water,0.7392
567.135,567.14,0.005,click,0.8911
567.195,567.26,0.065,vocal,0.8495
567.335,567.34,0.005,click,0.9227
567.395,567.42,0.025,water,0.6898
567.515,567.56,0.045,water,0.5809
567.655,567.72,0.065,vocal,0.5206
567.775,568.08,0.305,other,0.7386
568.195,568.2,0.005,click,0.7989
568.455,568.58,0.125,other,0.494
568.715,568.92,0.205,other,0.4518
568.975,569.46,0.485,silence,0.6892
569.555,569.68,0.125,vocal,0.4433
569.775,569.84,0.065,vocal,0.7573
569.895,569.9,0.005,click,0.911
570.055,570.06,0.005,click,0.9135
570.115,570.16,0.045,vocal,0.4046
570.215,570.34,0.125,vocal,0.4559
570.395,570.42,0.025,water,0.7733
570.495,570.5,0.005,click,0.8145
570.555,570.62,0.065,vocal,0.5877
570.775,570.84,0.065,vocal,0.9182
570.895,570.94,0.045,water,0.5996
570.995,571.0,0.005,click,0.8542
571.33,571.335,0.005,click,0.9152
571.69,571.715,0.025,water,0.7023
571.83,571.855,0.025,water,0.7548
571.95,571.955,0.005,click,0.8444
572.05,572.055,0.005,click,0.8871
572.13,572.135,0.005,click,0.8786
572.19,572.195,0.005,click,0.8202
572.43,572.435,0.005,click,0.8983
572.73,572.815,0.085,vocal,0.7573
572.87,573.095,0.225,other,0.7072
573.15,573.295,0.145,vocal,0.4208
573.35,573.555,0.205,other,0.6006
573.65,573.715,0.065,vocal,0.799
573.79,573.935,0.145,other,0.4268
574.01,574.095,0.085,vocal,0.4927
574.19,574.415,0.225,other,0.556
574.47,574.515,0.045,water,0.4809
574.59,574.595,0.005,click,0.9102
574.69,574.695,0.005,click,0.8684
574.77,574.775,0.005,click,0.8168
574.87,574.875,0.005,click,0.886
574.97,574.975,0.005,click,0.868
575.09,575.155,0.065,vocal,0.7789
575.29,575.455,0.165,silence,0.3422
575.51,575.595,0.085,vocal,0.6118
575.67,575.775,0.105,vocal,0.5845
575.85,575.855,0.005,click,0.8792
575.91,575.975,0.065,vocal,0.6848
576.07,576.075,0.005,click,0.8467
576.23,576.235,0.005,click,0.8921
576.33,576.375,0.045,water,0.4951
576.45,576.455,0.005,click,0.8956
576.51,576.515,0.005,click,0.7908
576.57,576.655,0.085,vocal,0.7975
576.77,576.775,0.005,click,0.8643
576.83,576.835,0.005,click,0.899
576.89,576.895,0.005,click,0.9103
577.05,577.215,0.165,other,0.6039
577.29,577.295,0.005,click,0.9177
577.39,577.395,0.005,click,0.8825
577.47,577.495,0.025,water,0.767
577.55,577.555,0.005,click,0.8827
577.65,577.775,0.125,other,0.8209
578.19,578.195,0.005,click,0.8926
578.67,578.675,0.005,click,0.8894
579.69,579.695,0.005,click,0.841
581.025,581.07,0.045,water,0.6839
581.565,581.57,0.005,click,0.8652
582.225,582.25,0.025,water,0.7991
582.325,582.33,0.005,click,0.872
582.385,582.39,0.005,click,0.8695
582.545,582.55,0.005,click,0.8662
582.985,582.99,0.005,click,0.8465
583.35,583.355,0.005,click,0.8
583.665,583.67,0.005,click,0.8608
583.725,583.73,0.005,click,0.8828
583.84,583.845,0.005,click,0.7657
584.065,584.11,0.045,vocal,0.4832
584.885,584.89,0.005,click,0.9108
585.385,585.39,0.005,click,0.875
585.525,585.53,0.005,click,0.9064
586.085,586.09,0.005,click,0.8626
587.125,587.13,0.005,click,0.8957
587.685,587.69,0.005,click,0.8917
587.785,587.79,0.005,click,0.8806
588.065,588.07,0.005,click,0.9075
588.685,588.69,0.005,click,0.8691
589.045,589.05,0.005,click,0.8812
589.165,589.17,0.005,click,0.9154
589.725,589.73,0.005,click,0.8692
589.885,589.89,0.005,click,0.8867
589.945,589.95,0.005,click,0.9022
590.385,590.39,0.005,click,0.8884
590.505,590.51,0.005,click,0.8952
590.765,590.77,0.005,click,0.8996
590.865,590.87,0.005,click,0.894
591.725,591.73,0.005,click,0.9219
592.145,592.15,0.005,click,0.9002
592.285,592.29,0.005,click,0.8608
592.465,592.47,0.005,click,0.8733
592.685,592.69,0.005,click,0.9086
593.065,593.07,0.005,click,0.894
593.35,593.355,0.005,click,0.8615
594.005,594.01,0.005,click,0.9024
594.17,594.175,0.005,click,0.8759
594.605,594.61,0.005,click,0.8653
595.61,595.615,0.005,click,0.8761
595.67,595.675,0.005,click,0.7877
595.83,595.835,0.005,click,0.8448
595.99,595.995,0.005,click,0.8518
596.21,596.215,0.005,click,0.9203
596.45,596.495,0.045,water,0.423
596.57,596.595,0.025,water,0.8756
596.77,596.775,0.005,click,0.8926
597.43,597.435,0.005,click,0.8794
597.51,597.615,0.105,vocal,0.5199
597.81,597.855,0.045,click,0.3589
597.91,597.955,0.045,vocal,0.696
598.03,598.055,0.025,click,0.708
598.17,598.195,0.025,water,0.6558
598.29,598.395,0.105,vocal,0.6141
598.45,598.495,0.045,water,0.5752
598.55,598.575,0.025,water,0.8189
598.63,598.635,0.005,click,0.8978
598.91,598.955,0.045,water,0.4136
599.03,599.035,0.005,click,0.8712
599.21,599.215,0.005,click,0.8871
599.37,599.375,0.005,click,0.8692
599.45,599.455,0.005,click,0.9092
599.51,599.515,0.005,click,0.873
599.57,599.575,0.005,click,0.8569
599.63,599.635,0.005,click,0.8859
599.97,599.975,0.005,click,0.8554
600.15,600.155,0.005,click,0.8933
600.29,600.295,0.005,click,0.8769
600.89,600.895,0.005,click,0.8734
601.05,601.055,0.005,click,0.8834
601.485,601.515,0.03,click,0.4185
601.61,601.615,0.005,click,0.8705
602.09,602.095,0.005,click,0.8592
602.23,602.235,0.005,click,0.9104
603.23,603.235,0.005,click,0.8792
603.525,603.57,0.045,water,0.456
604.665,604.67,0.005,click,0.8603
604.845,604.85,0.005,click,0.9164
604.915,604.92,0.005,click,0.7946
604.985,604.99,0.005,click,0.8996
605.125,605.13,0.005,click,0.8782
605.385,605.39,0.005,click,0.9258
605.525,605.53,0.005,click,0.8835
605.885,605.89,0.005,click,0.9145
606.165,606.17,0.005,click,0.8972
606.285,606.29,0.005,click,0.8985
606.385,606.39,0.005,click,0.8783
606.445,606.51,0.065,vocal,0.9304
606.605,606.61,0.005,click,0.8788
606.785,606.83,0.045,water,0.6971
606.925,606.93,0.005,click,0.8396
607.045,607.05,0.005,click,0.8931
607.165,607.17,0.005,click,0.8885
607.225,607.23,0.005,click,0.8778
607.285,607.35,0.065,vocal,0.9052
607.485,607.53,0.045,water,0.5292
607.605,607.61,0.005,click,0.9071
607.665,607.67,0.005,click,0.8523
607.745,607.79,0.045,vocal,0.5732
607.865,607.87,0.005,click,0.9021
607.925,607.95,0.025,water,0.7394
608.025,608.03,0.005,click,0.8986
608.105,608.23,0.125,vocal,0.643
608.285,608.785,0.5,silence,0.7812
608.785,608.93,0.145,other,0.6056
608.985,609.485,0.5,silence,0.6745
609.485,609.69,0.205,other,0.5252
609.745,610.03,0.285,silence,0.4985
610.085,610.29,0.205,other,0.5023
610.345,610.47,0.125,vocal,0.4664
610.525,610.89,0.365,silence,0.5547
610.985,611.485,0.5,silence,0.6929
611.485,611.63,0.145,vocal,0.4013
611.685,611.69,0.005,click,0.8828
611.765,612.265,0.5,silence,0.7854
612.265,612.765,0.5,silence,0.5873
612.765,612.83,0.065,vocal,0.8472
612.885,612.93,0.045,vocal,0.461
613.005,613.35,0.345,silence,0.5697
613.405,613.905,0.5,silence,0.8287
613.905,614.405,0.5,other,0.4893
614.405,614.45,0.045,water,0.4631
614.565,614.71,0.145,vocal,0.3964
614.785,614.89,0.105,vocal,0.711
614.965,615.07,0.105,vocal,0.5502
615.145,615.19,0.045,water,0.5181
615.245,615.25,0.005,click,0.8823
615.305,615.47,0.165,other,0.5065
615.525,616.025,0.5,silence,0.5697
616.025,616.23,0.205,silence,0.481
616.325,616.35,0.025,water,0.5875
616.425,616.43,0.005,click,0.9046
616.505,616.75,0.245,other,0.4873
616.925,616.97,0.045,water,0.6502
617.025,617.27,0.245,silence,0.6732
617.365,617.37,0.005,click,0.8727
617.565,617.57,0.005,click,0.8752
617.725,617.73,0.005,click,0.8826
617.805,617.81,0.005,click,0.9132
617.925,618.05,0.125,vocal,0.5322
618.305,618.33,0.025,water,0.601
618.385,618.39,0.005,click,0.8759
618.485,618.57,0.085,vocal,0.8049
618.845,618.89,0.045,vocal,0.4361
619.005,619.055,0.05,other,0.3718
619.29,619.295,0.005,click,0.8722
619.725,619.73,0.005,click,0.8774
620.25,620.255,0.005,click,0.8949
620.31,620.395,0.085,vocal,0.6878
620.79,620.795,0.005,click,0.898
620.87,620.955,0.085,vocal,0.6827
621.05,621.175,0.125,other,0.4053
621.29,621.295,0.005,click,0.8463
621.35,621.435,0.085,vocal,0.6224
621.51,621.555,0.045,water,0.6347
621.65,621.655,0.005,click,0.8978
621.71,621.895,0.185,other,0.4175
621.95,622.035,0.085,vocal,0.806
622.11,622.235,0.125,vocal,0.3854
622.29,622.495,0.205,silence,0.4017
622.55,623.05,0.5,silence,0.7072
623.05,623.215,0.165,other,0.4189
623.27,623.575,0.305,silence,0.4471
623.65,623.655,0.005,click,0.8566
623.71,623.895,0.185,other,0.3996
623.95,624.155,0.205,other,0.5568
624.21,624.535,0.325,silence,0.465
624.59,625.09,0.5,silence,0.6505
625.09,625.475,0.385,other,0.4906
625.53,625.815,0.285,silence,0.5478
625.91,625.915,0.005,click,0.8969
625.97,626.375,0.405,silence,0.5165
626.47,626.855,0.385,other,0.837
626.91,627.41,0.5,silence,0.7853
627.41,627.91,0.5,other,0.7419
627.91,627.955,0.045,water,0.3975
628.01,628.115,0.105,vocal,0.5572
628.19,628.195,0.005,click,0.8466
628.29,628.295,0.005,click,0.8784
628.43,628.535,0.105,vocal,0.5908
628.61,628.655,0.045,water,0.6805
628.73,628.735,0.005,click,0.8938
628.81,628.815,0.005,click,0.8394
628.87,628.915,0.045,vocal,0.5542
629.01,629.015,0.005,click,0.8759
629.09,629.095,0.005,click,0.9171
629.21,629.255,0.045,water,0.6261
629.43,629.515,0.085,vocal,0.5851
629.69,629.695,0.005,click,0.8478
629.81,629.855,0.045,vocal,0.4925
629.97,629.975,0.005,click,0.8943
630.41,630.415,0.005,click,0.9114
630.47,630.475,0.005,click,0.8863
630.675,630.68,0.005,click,0.8711
630.89,630.895,0.005,click,0.9053
630.955,630.96,0.005,click,0.8992
631.135,631.14,0.005,click,0.9116
631.415,631.44,0.025,water,0.5939
631.535,631.54,0.005,click,0.8705
631.615,631.66,0.045,vocal,0.5497
631.775,631.82,0.045,vocal,0.5532
631.895,631.9,0.005,click,0.9038
631.955,631.96,0.005,click,0.8624
632.015,632.06,0.045,water,0.5262
632.135,632.22,0.085,vocal,0.7979
632.335,632.34,0.005,click,0.9152
632.395,632.52,0.125,other,0.4233
632.575,632.58,0.005,click,0.8279
632.635,632.68,0.045,water,0.5438
632.735,632.74,0.005,click,0.8728
632.795,632.94,0.145,vocal,0.4267
632.995,633.38,0.385,silence,0.4857
633.535,633.84,0.305,silence,0.5744
633.895,634.0,0.105,vocal,0.5922
634.095,634.1,0.005,click,0.9151
634.175,634.48,0.305,other,0.8203
634.535,634.66,0.125,other,0.4553
634.715,634.82,0.105,vocal,0.5827
634.895,635.02,0.125,other,0.496
635.075,635.2,0.125,other,0.397
635.295,635.42,0.125,vocal,0.4459
635.475,635.56,0.085,vocal,0.7783
635.635,635.84,0.205,other,0.5838
635.935,636.435,0.5,silence,0.8184
636.435,636.64,0.205,other,0.6058
636.695,636.92,0.225,other,0.5864
636.975,636.98,0.005,click,0.8757
637.055,637.46,0.405,silence,0.6827
637.515,637.52,0.005,click,0.8894
637.615,637.62,0.005,click,0.8972
637.675,638.175,0.5,silence,0.7604
638.175,638.675,0.5,silence,0.7354
638.675,638.72,0.045,vocal,0.4733
638.795,639.18,0.385,other,0.6158
639.235,639.3,0.065,vocal,0.8577
639.355,639.36,0.005,click,0.8835
639.415,639.6,0.185,silence,0.3504
639.655,639.66,0.005,click,0.8749
639.775,639.78,0.005,click,0.8754
639.835,639.84,0.005,click,0.8932
639.895,640.36,0.465,other,0.5921
640.415,640.52,0.105,vocal,0.5822
640.595,640.72,0.125,vocal,0.4225
640.775,641.275,0.5,silence,0.6267
641.275,641.64,0.365,silence,0.5851
641.755,641.76,0.005,click,0.895
641.815,641.92,0.105,vocal,0.5835
641.975,642.16,0.185,silence,0.3848
642.215,642.42,0.205,other,0.5883
642.475,642.72,0.245,other,0.4544
642.815,642.86,0.045,water,0.5175
642.915,643.02,0.105,vocal,0.6287
643.095,643.18,0.085,vocal,0.7156
643.235,643.24,0.005,click,0.8865
643.295,643.56,0.265,silence,0.6052
643.675,643.76,0.085,vocal,0.7508
643.855,644.04,0.185,other,0.3727
644.095,644.14,0.045,water,0.4158
644.195,644.2,0.005,click,0.8719
644.275,644.28,0.005,click,0.8378
644.335,644.34,0.005,click,0.9163
644.495,644.5,0.005,click,0.87
644.615,644.62,0.005,click,0.8613
644.675,644.68,0.005,click,0.8795
644.935,644.94,0.005,click,0.8869
645.095,645.12,0.025,water,0.7076
645.335,645.34,0.005,click,0.809
645.45,645.48,0.03,water,0.873
645.65,645.655,0.005,click,0.8503
645.795,645.84,0.045,vocal,0.479
645.995,646.0,0.005,click,0.8665
646.15,646.155,0.005,click,0.9014
646.33,646.355,0.025,water,0.7474
646.59,646.595,0.005,click,0.8995
646.67,646.715,0.045,water,0.7155
646.77,646.775,0.005,click,0.8721
646.87,646.895,0.025,water,0.7163
647.31,647.335,0.025,water,0.7118
647.55,647.555,0.005,click,0.8867
647.63,647.635,0.005,click,0.9143
647.71,647.735,0.025,water,0.6418
647.79,647.855,0.065,vocal,0.6998
647.91,647.955,0.045,water,0.5113
648.03,648.035,0.005,click,0.8862
648.21,648.235,0.025,vocal,0.5069
648.31,648.415,0.105,vocal,0.5295
648.47,648.475,0.005,click,0.8689
648.53,648.535,0.005,click,0.9081
648.61,648.695,0.085,vocal,0.7574
648.79,648.795,0.005,click,0.8723
648.85,649.115,0.265,silence,0.49
649.17,649.355,0.185,silence,0.4699
649.41,649.415,0.005,click,0.8762
649.47,649.515,0.045,water,0.4698
649.61,649.735,0.125,vocal,0.5131
649.79,649.895,0.105,vocal,0.6462
650.01,650.175,0.165,other,0.4469
650.23,650.275,0.045,vocal,0.45
650.33,650.555,0.225,other,0.395
650.61,650.895,0.285,other,0.5713
650.99,651.49,0.5,silence,0.8212
651.49,651.495,0.005,click,0.8596
651.55,651.935,0.385,silence,0.5276
652.03,652.035,0.005,click,0.8677
652.09,652.155,0.065,vocal,0.6025
652.23,652.335,0.105,vocal,0.5174
652.49,652.495,0.005,click,0.8613
652.55,652.595,0.045,water,0.4354
652.65,652.655,0.005,click,0.8857
652.71,652.755,0.045,water,0.5174
652.81,652.995,0.185,other,0.4116
653.05,653.515,0.465,silence,0.5066
653.57,653.875,0.305,other,0.4732
653.93,653.975,0.045,water,0.6984
654.03,654.275,0.245,other,0.6106
654.32,654.575,0.255,silence,0.3897
654.63,654.655,0.025,water,0.6003
654.73,654.755,0.025,water,0.6892
654.83,654.915,0.085,vocal,0.7297
655.01,655.51,0.5,silence,0.7113
655.51,656.01,0.5,silence,0.7823
656.01,656.175,0.165,silence,0.3599
656.23,656.73,0.5,silence,0.7757
656.73,656.755,0.025,water,0.7819
656.85,656.935,0.085,vocal,0.8145
656.99,657.055,0.065,vocal,0.7617
657.11,657.385,0.275,silence,0.66
657.43,657.715,0.285,other,0.6633
657.77,657.835,0.065,vocal,0.6422
657.91,658.315,0.405,other,0.5105
658.37,658.87,0.5,other,0.528
658.87,658.915,0.045,water,0.5157
658.97,659.095,0.125,vocal,0.369
659.19,659.315,0.125,other,0.4617
659.37,659.635,0.265,silence,0.542
659.69,659.815,0.125,other,0.4632
659.87,659.995,0.125,other,0.483
660.05,660.55,0.5,silence,0.7129
660.55,661.05,0.5,silence,0.6984
661.05,661.455,0.405,silence,0.5128
661.51,661.515,0.005,click,0.8782
661.57,661.855,0.285,other,0.5418
661.93,662.015,0.085,vocal,0.7932
662.15,662.515,0.365,other,0.4619
662.59,662.655,0.065,vocal,0.8293
662.71,662.975,0.265,other,0.5422
663.05,663.475,0.425,other,0.5716
663.55,664.05,0.5,silence,0.6354
664.05,664.195,0.145,vocal,0.3886
664.25,664.415,0.165,other,0.382
664.47,664.855,0.385,silence,0.5109
664.91,665.155,0.245,silence,0.502
665.25,665.255,0.005,click,0.9128
665.33,665.375,0.045,water,0.5405
665.47,665.555,0.085,vocal,0.7341
665.65,665.655,0.005,click,0.8716
665.73,665.735,0.005,click,0.8944
665.79,665.795,0.005,click,0.9148
665.97,665.975,0.005,click,0.8924
666.07,666.075,0.005,click,0.873
666.13,666.215,0.085,vocal,0.7372
666.37,666.375,0.005,click,0.8795
666.51,666.515,0.005,click,0.9008
666.57,666.615,0.045,water,0.5022
666.69,666.695,0.005,click,0.8787
666.75,666.775,0.025,water,0.7192
666.89,666.895,0.005,click,0.8704
667.05,667.055,0.005,click,0.8328
667.29,667.295,0.005,click,0.8042
667.43,667.435,0.005,click,0.8904
667.83,667.86,0.03,water,0.8764
667.95,667.955,0.005,click,0.8876
668.275,668.28,0.005,click,0.8415
668.43,668.435,0.005,click,0.893
668.93,668.98,0.05,vocal,0.5473
669.075,669.08,0.005,click,0.9047
669.155,669.16,0.005,click,0.904
669.315,669.32,0.005,click,0.8653
669.375,669.38,0.005,click,0.8493
669.495,669.52,0.025,water,0.7384
669.635,669.64,0.005,click,0.8847
669.755,669.8,0.045,water,0.5467
669.855,669.86,0.005,click,0.7859
669.975,669.98,0.005,click,0.8651
670.035,670.1,0.065,vocal,0.689
670.155,670.2,0.045,vocal,0.425
670.255,670.3,0.045,vocal,0.4463
670.355,670.44,0.085,vocal,0.7916
670.575,670.6,0.025,water,0.6933
670.695,670.74,0.045,water,0.4557
670.815,670.86,0.045,vocal,0.4799
670.915,670.96,0.045,water,0.5511
671.035,671.5,0.465,other,0.4775
671.575,671.58,0.005,click,0.8856
671.675,671.68,0.005,click,0.868
671.775,671.96,0.185,silence,0.4595
672.015,672.02,0.005,click,0.8973
672.075,672.24,0.165,other,0.9443
672.295,672.62,0.325,other,0.5672
672.675,672.84,0.165,other,0.5734
672.895,672.92,0.025,water,0.757
672.975,673.0,0.025,water,0.7211
673.055,673.1,0.045,water,0.5349
673.155,673.28,0.125,vocal,0.5809
673.415,673.88,0.465,silence,0.5092
673.955,674.08,0.125,other,0.6506
674.135,674.24,0.105,vocal,0.6092
674.315,674.6,0.285,silence,0.5665
674.675,675.08,0.405,silence,0.6639
675.135,675.635,0.5,silence,0.7564
675.635,676.08,0.445,silence,0.4987
676.135,676.34,0.205,silence,0.4042
676.395,676.88,0.485,other,0.5155
676.955,677.02,0.065,vocal,0.773
677.095,677.22,0.125,other,0.4184
677.275,677.28,0.005,click,0.8881
677.375,677.38,0.005,click,0.8077
677.435,677.44,0.005,click,0.878
677.495,677.5,0.005,click,0.8997
677.555,677.68,0.125,vocal,0.3905
677.735,677.94,0.205,other,0.4497
677.995,678.0,0.005,click,0.8953
678.055,678.555,0.5,silence,0.4936
678.555,678.76,0.205,other,0.5883
678.815,678.92,0.105,vocal,0.5448
678.975,678.98,0.005,click,0.8596
679.175,679.18,0.005,click,0.9168
679.255,679.54,0.285,silence,0.5262
679.595,679.7,0.105,vocal,0.6693
679.755,680.04,0.285,other,0.4557
680.115,680.14,0.025,water,0.8114
680.195,680.32,0.125,vocal,0.4756
680.395,680.895,0.5,silence,0.5295
680.895,681.16,0.265,silence,0.6644
681.215,681.58,0.365,silence,0.5787
681.635,682.135,0.5,silence,0.5428
682.135,682.56,0.425,silence,0.6557
682.615,682.66,0.045,vocal,0.4824
682.715,683.215,0.5,silence,0.7362
683.215,683.22,0.005,click,0.8485
683.355,683.56,0.205,other,0.617
683.615,683.76,0.145,other,0.5081
683.835,684.16,0.325,other,0.6158
684.215,684.64,0.425,other,0.5737
684.695,685.195,0.5,other,0.7083
685.195,685.32,0.125,vocal,0.6043
685.375,685.46,0.085,vocal,0.7304
685.515,686.015,0.5,silence,0.8458
686.015,686.26,0.245,silence,0.5457
686.315,686.46,0.145,other,0.4093
686.535,686.56,0.025,water,0.6701
686.635,686.64,0.005,click,0.8726
686.695,686.82,0.125,vocal,0.4332
686.875,687.375,0.5,silence,0.6328
687.375,687.54,0.165,other,0.414
687.615,688.115,0.5,other,0.4601
688.115,688.22,0.105,vocal,0.6402
688.295,688.46,0.165,other,0.8086
688.515,688.56,0.045,water,0.4521
688.735,688.8,0.065,other,0.4123
688.855,688.92,0.065,vocal,0.8066
688.975,688.98,0.005,click,0.8943
689.035,689.12,0.085,vocal,0.7451
689.235,689.3,0.065,vocal,0.8334
689.375,689.4,0.025,water,0.8674
689.455,689.5,0.045,water,0.5114
689.575,689.58,0.005,click,0.8754
689.675,689.68,0.005,click,0.9234
689.735,689.74,0.005,click,0.902
689.895,689.9,0.005,click,0.7281
690.055,690.06,0.005,click,0.8822
690.115,690.12,0.005,click,0.8791
690.175,690.18,0.005,click,0.8818
690.315,690.32,0.005,click,0.8624
690.795,690.8,0.005,click,0.8671
691.215,691.22,0.005,click,0.8915
691.295,691.3,0.005,click,0.8985
691.495,691.54,0.045,vocal,0.6635
691.61,691.62,0.01,click,0.6136
691.715,691.72,0.005,click,0.8687
691.815,691.82,0.005,click,0.8906
691.915,691.92,0.005,click,0.8873
691.97,691.975,0.005,click,0.8979
692.455,692.46,0.005,click,0.8419
692.555,692.56,0.005,click,0.8337
692.85,692.855,0.005,click,0.8838
693.075,693.08,0.005,click,0.8746
693.215,693.235,0.02,water,0.6504
693.475,693.48,0.005,click,0.8618
693.655,693.74,0.085,vocal,0.7544
694.155,694.16,0.005,click,0.8574
694.215,694.24,0.025,water,0.5954
694.295,694.3,0.005,click,0.8906
694.435,694.48,0.045,water,0.4373
694.635,694.7,0.065,vocal,0.8909
694.775,694.78,0.005,click,0.8942
694.835,694.86,0.025,water,0.5862
694.975,694.98,0.005,click,0.8522
695.115,695.12,0.005,click,0.8019
695.275,695.36,0.085,vocal,0.8645
695.435,695.44,0.005,click,0.9023
695.515,695.8,0.285,other,0.5443
695.855,695.96,0.105,vocal,0.5924
696.135,696.16,0.025,water,0.7274
696.215,696.28,0.065,vocal,0.8873
696.335,696.38,0.045,vocal,0.5886
696.455,696.72,0.265,silence,0.4844
696.795,696.82,0.025,water,0.6488
696.875,697.04,0.165,other,0.433
697.115,697.32,0.205,other,0.4923
697.375,697.52,0.145,other,0.3901
697.615,697.74,0.125,vocal,0.4176
697.815,697.98,0.165,other,0.5202
698.035,698.535,0.5,silence,0.5279
698.535,698.8,0.265,silence,0.4914
698.855,699.04,0.185,other,0.4825
699.115,699.34,0.225,other,0.6084
699.415,699.5,0.085,vocal,0.6037
699.575,700.075,0.5,silence,0.8354
700.075,700.575,0.5,silence,0.7317
700.575,701.075,0.5,silence,0.5801
701.075,701.22,0.145,vocal,0.4321
701.275,701.28,0.005,click,0.8679
701.335,701.4,0.065,vocal,0.6029
701.495,701.52,0.025,water,0.7469
701.575,701.68,0.105,vocal,0.7017
701.755,701.94,0.185,silence,0.3762
702.015,702.06,0.045,water,0.5418
702.115,702.32,0.205,other,0.5502
702.375,702.38,0.005,click,0.883
702.535,702.54,0.005,click,0.8875
702.595,702.6,0.005,click,0.8919
702.655,702.66,0.005,click,0.8273
702.755,702.76,0.005,click,0.8914
702.835,702.96,0.125,other,0.5189
703.135,703.14,0.005,click,0.8896
703.375,703.38,0.005,click,0.9278
703.855,703.86,0.005,click,0.8889
704.02,704.065,0.045,water,0.4643
704.18,704.205,0.025,water,0.769
704.3,704.345,0.045,vocal,0.5194
704.4,704.405,0.005,click,0.9228
704.56,704.745,0.185,other,0.5137
704.8,705.045,0.245,other,0.7122
705.12,705.125,0.005,click,0.8651
705.2,705.505,0.305,silence,0.4751
705.56,705.565,0.005,click,0.8923
705.62,705.885,0.265,silence,0.5721
706.0,706.025,0.025,water,0.7524
706.14,706.145,0.005,click,0.8777
706.2,706.265,0.065,vocal,0.8486
706.32,706.385,0.065,vocal,0.7236
706.44,706.645,0.205,silence,0.362
706.7,706.825,0.125,other,0.5124
706.92,707.165,0.245,silence,0.4949
707.22,707.365,0.145,vocal,0.3557
707.42,707.645,0.225,other,0.6428
707.7,707.765,0.065,vocal,0.6328
707.82,707.925,0.105,vocal,0.5301
707.98,708.465,0.485,other,0.7531
708.54,708.785,0.245,silence,0.4251
708.84,708.905,0.065,vocal,0.8533
708.96,708.965,0.005,click,0.872
709.06,709.145,0.085,vocal,0.8011
709.24,709.245,0.005,click,0.9126
709.3,709.345,0.045,vocal,0.5166
709.42,709.465,0.045,vocal,0.7113
709.54,709.585,0.045,water,0.4827
709.64,709.745,0.105,vocal,0.5645
709.84,709.91,0.07,vocal,0.7703
710.28,710.285,0.005,click,0.8745
710.56,710.565,0.005,click,0.8908
710.68,710.685,0.005,click,0.9056
710.82,710.85,0.03,water,0.868
710.945,710.95,0.005,click,0.9041
711.305,711.31,0.005,click,0.8605
711.385,711.43,0.045,vocal,0.5888
711.485,711.55,0.065,vocal,0.5958
711.605,711.65,0.045,water,0.5381
711.705,711.71,0.005,click,0.8794
711.765,711.79,0.025,water,0.6108
711.865,711.91,0.045,vocal,0.6066
711.965,712.03,0.065,vocal,0.6934
712.085,712.09,0.005,click,0.9015
712.165,712.53,0.365,other,0.6443
712.585,712.97,0.385,silence,0.6675
713.125,713.13,0.005,click,0.8602
713.185,713.23,0.045,water,0.6126
713.285,713.785,0.5,silence,0.6157
713.785,714.11,0.325,other,0.5397
714.165,714.23,0.065,vocal,0.8206
714.285,714.49,0.205,other,0.6238
714.545,714.55,0.005,click,0.8899
714.645,714.81,0.165,other,0.4299
714.865,715.19,0.325,silence,0.5008
715.265,715.57,0.305,other,0.635
715.645,716.145,0.5,silence,0.5656
716.145,716.59,0.445,silence,0.5762
716.685,717.185,0.5,silence,0.6635
717.185,717.21,0.025,water,0.6544
717.285,717.29,0.005,click,0.8969
717.365,717.37,0.005,click,0.9113
717.525,717.53,0.005,click,0.9219
717.585,717.59,0.005,click,0.894
717.785,717.815,0.03,water,0.8008
717.87,717.91,0.04,vocal,0.4808
718.07,718.075,0.005,click,0.8508
718.225,718.235,0.01,water,0.541
718.29,718.295,0.005,click,0.9065
718.37,718.455,0.085,vocal,0.7604
718.57,718.575,0.005,click,0.8833
718.63,718.635,0.005,click,0.8858
718.73,718.735,0.005,click,0.9048
718.79,718.795,0.005,click,0.8948
718.95,718.955,0.005,click,0.8443
719.05,719.135,0.085,vocal,0.7341
719.19,719.69,0.5,other,0.6148
719.69,719.775,0.085,vocal,0.795
719.83,720.33,0.5,other,0.4552
720.33,720.83,0.5,silence,0.7597
720.83,721.33,0.5,silence,0.741
721.33,721.83,0.5,other,0.5121
721.83,722.33,0.5,silence,0.7722
722.33,722.83,0.5,silence,0.6674
722.83,723.33,0.5,silence,0.838
723.33,723.83,0.5,silence,0.7899
723.83,724.33,0.5,silence,0.7657
724.33,724.83,0.5,other,0.7231
724.83,725.33,0.5,other,0.6536
725.33,725.83,0.5,silence,0.5851
725.83,726.055,0.225,other,0.7126
726.11,726.215,0.105,vocal,0.56
726.27,726.375,0.105,vocal,0.5818
726.43,726.93,0.5,silence,0.7723
726.93,727.43,0.5,silence,0.7159
727.43,727.93,0.5,silence,0.7857
727.93,728.43,0.5,silence,0.4906
728.43,728.915,0.485,silence,0.6187
728.97,729.47,0.5,silence,0.5598
729.47,729.97,0.5,silence,0.729
729.97,730.015,0.045,vocal,0.4571
730.09,730.215,0.125,vocal,0.4443
730.29,730.355,0.065,vocal,0.611
730.41,730.435,0.025,water,0.7522
730.53,730.575,0.045,vocal,0.4527
730.67,730.675,0.005,click,0.8512
730.73,730.795,0.065,vocal,0.8845
730.89,730.995,0.105,vocal,0.6221
731.105,731.11,0.005,click,0.8459
731.205,731.21,0.005,click,0.8947
731.45,731.455,0.005,click,0.8924
731.585,731.59,0.005,click,0.8932
731.725,731.73,0.005,click,0.9064
731.785,731.815,0.03,water,0.8171
732.025,732.03,0.005,click,0.9098
732.085,732.09,0.005,click,0.8646
732.185,732.21,0.025,water,0.8404
732.425,732.43,0.005,click,0.8904
732.475,732.49,0.015,water,0.9216
732.545,732.55,0.005,click,0.9013
732.645,732.65,0.005,click,0.8585
732.705,732.71,0.005,click,0.8664
732.825,732.83,0.005,click,0.8887
732.985,732.99,0.005,click,0.8576
733.045,733.09,0.045,vocal,0.5269
733.225,733.23,0.005,click,0.9063
733.485,733.61,0.125,vocal,0.5029
733.665,733.67,0.005,click,0.8937
733.785,733.79,0.005,click,0.8906
733.965,734.09,0.125,vocal,0.4918
734.145,734.15,0.005,click,0.908
734.225,734.27,0.045,water,0.505
734.345,734.45,0.105,vocal,0.5888
734.605,734.69,0.085,vocal,0.718
734.765,735.265,0.5,other,0.6512
735.265,735.27,0.005,click,0.9012
735.325,735.63,0.305,silence,0.5252
735.705,735.79,0.085,vocal,0.6295
735.845,735.91,0.065,vocal,0.8688
735.965,736.465,0.5,silence,0.7671
736.465,736.57,0.105,vocal,0.6534
736.665,737.165,0.5,other,0.673
737.165,737.23,0.065,vocal,0.4588
737.285,737.31,0.025,water,0.5177
737.365,737.47,0.105,vocal,0.6483
737.545,737.73,0.185,other,0.3876
737.785,738.03,0.245,other,0.47
738.085,738.585,0.5,silence,0.6971
738.585,738.61,0.025,water,0.5526
738.665,738.91,0.245,silence,0.4515
738.965,739.465,0.5,silence,0.7861
739.465,739.59,0.125,vocal,0.5913
739.705,740.11,0.405,silence,0.6491
740.205,740.705,0.5,silence,0.8052
740.705,740.75,0.045,vocal,0.5506
740.805,740.81,0.005,click,0.9082
740.865,741.03,0.165,other,0.3419
741.085,741.17,0.085,vocal,0.7679
741.245,741.37,0.125,other,0.5473
741.465,741.63,0.165,other,0.7896
741.685,741.83,0.145,other,0.3941
741.905,741.93,0.025,water,0.7026
742.085,742.19,0.105,vocal,0.6672
742.245,742.25,0.005,click,0.8531
742.345,742.35,0.005,click,0.9061
742.405,742.41,0.005,click,0.9079
742.465,742.51,0.045,vocal,0.4421
742.645,742.77,0.125,vocal,0.4962
742.825,742.83,0.005,click,0.8772
742.945,742.985,0.04,other,0.3566
743.085,743.13,0.045,vocal,0.7665
743.185,743.19,0.005,click,0.9118
743.325,743.33,0.005,click,0.8658
743.505,743.51,0.005,click,0.897
743.56,743.565,0.005,click,0.8755
743.66,743.665,0.005,click,0.9084
744.5,744.505,0.005,click,0.9072
744.82,744.825,0.005,click,0.8555
744.98,744.985,0.005,click,0.8953
745.04,745.085,0.045,vocal,0.4854
745.14,745.185,0.045,water,0.6144
745.48,745.525,0.045,vocal,0.562
745.64,745.725,0.085,vocal,0.6346
745.8,745.805,0.005,click,0.9019
745.9,745.905,0.005,click,0.8552
745.98,745.985,0.005,click,0.8662
746.04,746.045,0.005,click,0.8965
746.12,746.425,0.305,silence,0.4866
746.48,746.825,0.345,silence,0.5786
746.9,746.905,0.005,click,0.912
746.96,747.125,0.165,other,0.5215
747.18,747.185,0.005,click,0.8853
747.24,747.445,0.205,other,0.6042
747.52,747.865,0.345,silence,0.4943
747.94,748.285,0.345,other,0.616
748.34,748.505,0.165,other,0.4878
748.58,748.725,0.145,vocal,0.4405
748.78,748.845,0.065,vocal,0.7654
748.9,749.285,0.385,other,0.5184
749.34,749.84,0.5,other,0.6222
749.84,749.885,0.045,water,0.5146
749.94,750.125,0.185,silence,0.4232
750.18,750.345,0.165,other,0.4179
750.4,750.605,0.205,other,0.4396
750.66,750.685,0.025,water,0.842
750.74,750.925,0.185,silence,0.3416
750.98,751.145,0.165,other,0.39
751.2,751.225,0.025,water,0.5837
751.28,751.445,0.165,other,0.4827
751.5,751.505,0.005,click,0.8746
751.56,751.605,0.045,vocal,0.5203
751.66,751.665,0.005,click,0.8889
751.72,752.065,0.345,silence,0.5216
752.14,752.225,0.085,vocal,0.7085
752.28,752.485,0.205,other,0.4499
752.54,752.565,0.025,water,0.8492
752.815,752.825,0.01,water,0.4832
752.98,753.005,0.025,water,0.7215
753.235,753.24,0.005,click,0.8736
753.555,753.58,0.025,water,0.6347
753.995,754.105,0.11,vocal,0.4781
754.155,754.16,0.005,click,0.8677
754.255,754.26,0.005,click,0.8691
754.395,754.44,0.045,water,0.5935
754.675,754.68,0.005,click,0.8679
754.855,754.94,0.085,vocal,0.7966
755.075,755.575,0.5,silence,0.5928
755.575,755.745,0.17,vocal,0.4325
755.855,755.86,0.005,click,0.866
755.935,755.94,0.005,click,0.9329
756.015,756.06,0.045,water,0.6232
756.115,756.615,0.5,silence,0.7428
756.615,756.64,0.025,water,0.5611
756.715,756.84,0.125,vocal,0.4959
756.895,757.395,0.5,other,0.7081
757.395,757.66,0.265,silence,0.44
757.715,757.78,0.065,vocal,0.7997
757.835,757.84,0.005,click,0.8747
757.895,757.94,0.045,vocal,0.4314
757.995,758.06,0.065,vocal,0.7943
758.155,758.24,0.085,vocal,0.7866
758.315,758.44,0.125,other,0.5394
758.495,758.72,0.225,other,0.631
758.795,758.98,0.185,other,0.4528
759.035,759.04,0.005,click,0.8733
759.095,759.18,0.085,vocal,0.8202
759.295,759.52,0.225,other,0.4658
759.575,759.58,0.005,click,0.8885
759.635,759.66,0.025,water,0.6995
759.715,759.76,0.045,vocal,0.6363
759.83,759.84,0.01,water,0.4885
759.895,759.9,0.005,click,0.8498
760.055,760.06,0.005,click,0.9059
760.215,760.22,0.005,click,0.8723
760.43,760.435,0.005,click,0.8621
760.65,760.695,0.045,water,0.5839
760.765,760.77,0.005,click,0.7145
761.01,761.335,0.325,other,0.4831
761.39,761.395,0.005,click,0.8443
761.45,761.455,0.005,click,0.9038
761.51,761.855,0.345,silence,0.6294
761.91,761.955,0.045,vocal,0.4638
762.03,762.255,0.225,other,0.438
762.35,762.355,0.005,click,0.8667
762.45,762.95,0.5,silence,0.7928
762.95,763.45,0.5,silence,0.8014
763.45,763.575,0.125,vocal,0.4105
763.67,763.775,0.105,vocal,0.6558
763.83,764.075,0.245,silence,0.4444
764.13,764.235,0.105,vocal,0.5447
764.33,764.455,0.125,vocal,0.453
764.51,764.515,0.005,click,0.8778
764.57,764.675,0.105,vocal,0.6853
764.73,764.895,0.165,silence,0.4034
764.99,765.015,0.025,water,0.8295
765.09,765.115,0.025,water,0.61
766.105,766.11,0.005,click,0.8989
766.245,766.275,0.03,water,0.9103
766.385,766.39,0.005,click,0.8607
766.645,766.65,0.005,click,0.8599
766.705,766.77,0.065,vocal,0.7886
766.825,767.09,0.265,silence,0.4794
767.145,767.21,0.065,vocal,0.9226
767.285,767.55,0.265,silence,0.4633
767.645,767.75,0.105,vocal,0.5801
767.825,767.99,0.165,other,0.3741
768.045,768.09,0.045,vocal,0.5484
768.145,768.33,0.185,silence,0.4221
768.485,768.63,0.145,vocal,0.3916
768.685,769.07,0.385,silence,0.5355
769.165,769.19,0.025,water,0.6297
769.245,769.745,0.5,silence,0.6374
769.745,769.85,0.105,vocal,0.6171
769.905,770.11,0.205,other,0.654
770.165,770.21,0.045,water,0.5308
770.285,770.41,0.125,vocal,0.4125
770.465,770.47,0.005,click,0.8901
770.525,770.59,0.065,vocal,0.8815
770.645,770.65,0.005,click,0.8648
770.705,770.97,0.265,silence,0.5329
771.025,771.03,0.005,click,0.8354
771.145,771.19,0.045,water,0.4561
771.345,771.35,0.005,click,0.8908
771.405,771.41,0.005,click,0.8861
771.465,771.51,0.045,water,0.5095
771.96,772.01,0.05,water,0.5013
772.105,772.11,0.005,click,0.876
772.18,772.185,0.005,click,0.8398
772.3,772.385,0.085,vocal,0.8038
772.44,772.445,0.005,click,0.8818
772.56,772.625,0.065,vocal,0.5594
772.72,772.725,0.005,click,0.8988
772.78,772.785,0.005,click,0.9085
772.9,772.905,0.005,click,0.847
773.14,773.325,0.185,silence,0.3874
773.38,773.425,0.045,vocal,0.6074
773.48,773.525,0.045,water,0.4581
773.58,773.605,0.025,water,0.6041
773.66,774.16,0.5,silence,0.7255
774.16,774.66,0.5,other,0.5395
774.66,775.16,0.5,silence,0.5857
775.16,775.285,0.125,vocal,0.4686
775.36,775.685,0.325,silence,0.5455
775.76,775.865,0.105,vocal,0.5925
775.92,776.42,0.5,silence,0.7206
776.42,776.92,0.5,other,0.6288
776.92,776.965,0.045,vocal,0.5706
777.02,777.52,0.5,silence,0.6419
777.52,777.765,0.245,other,0.4971
777.82,778.125,0.305,silence,0.6421
778.18,778.265,0.085,vocal,0.6997
778.34,778.645,0.305,other,0.4856
778.725,778.73,0.005,click,0.732
778.8,778.805,0.005,click,0.8827
778.855,778.905,0.05,vocal,0.428
779.02,779.025,0.005,click,0.8839
779.08,779.085,0.005,click,0.8286
779.16,779.165,0.005,click,0.8964
779.28,779.285,0.005,click,0.9098
779.54,779.585,0.045,water,0.5218
779.635,779.64,0.005,click,0.8692
779.88,779.885,0.005,click,0.7865
780.12,780.125,0.005,click,0.6491
780.275,780.38,0.105,vocal,0.6115
780.435,780.44,0.005,click,0.8936
780.535,780.56,0.025,water,0.6629
780.635,780.64,0.005,click,0.8835
780.775,780.86,0.085,vocal,0.6887
781.035,781.1,0.065,vocal,0.6496
781.155,781.16,0.005,click,0.8875
781.455,781.46,0.005,click,0.8993
781.515,781.58,0.065,vocal,0.7643
781.635,781.64,0.005,click,0.8535
781.695,781.7,0.005,click,0.9012
781.755,781.86,0.105,vocal,0.7045
781.915,781.92,0.005,click,0.8967
781.995,782.08,0.085,vocal,0.6867
782.135,782.2,0.065,vocal,0.7085
782.335,782.34,0.005,click,0.9055
782.395,782.42,0.025,water,0.5367
782.475,782.48,0.005,click,0.8726
782.535,782.86,0.325,silence,0.552
782.915,783.415,0.5,silence,0.6807
783.415,783.64,0.225,other,0.699
783.695,783.78,0.085,vocal,0.6683
783.835,784.12,0.285,silence,0.6267
784.215,784.22,0.005,click,0.9014
784.275,784.36,0.085,vocal,0.8364
784.435,784.54,0.105,vocal,0.4832
784.595,784.72,0.125,other,0.5152
784.775,785.275,0.5,silence,0.5068
785.275,785.28,0.005,click,0.8966
785.395,785.56,0.165,other,0.598
785.615,785.64,0.025,water,0.6845
785.715,786.02,0.305,silence,0.623
786.095,786.1,0.005,click,0.886
786.155,786.16,0.005,click,0.8522
786.255,786.4,0.145,other,0.4464
786.495,786.52,0.025,water,0.7793
786.575,786.58,0.005,click,0.8711
786.635,786.64,0.005,click,0.8964
786.695,786.7,0.005,click,0.886
786.755,786.96,0.205,other,0.4564
787.015,787.16,0.145,vocal,0.376
787.255,787.26,0.005,click,0.8827
787.355,787.36,0.005,click,0.894
787.415,787.58,0.165,other,0.4201
787.635,787.8,0.165,other,0.44
787.855,788.24,0.385,other,0.6414
788.295,788.3,0.005,click,0.8779
788.375,788.42,0.045,water,0.5029
788.475,788.58,0.105,vocal,0.5812
788.675,788.68,0.005,click,0.9017
788.735,788.86,0.125,vocal,0.5172
788.955,789.14,0.185,silence,0.4384
789.215,789.38,0.165,vocal,0.3504
789.455,789.58,0.125,vocal,0.4369
789.635,789.68,0.045,vocal,0.6626
789.735,789.74,0.005,click,0.9093
789.795,789.88,0.085,vocal,0.7135
789.955,790.14,0.185,silence,0.387
790.235,790.36,0.125,other,0.5831
790.435,790.46,0.025,water,0.6751
790.535,790.58,0.045,vocal,0.4307
790.635,790.64,0.005,click,0.8889
790.695,790.74,0.045,water,0.4013
790.795,790.8,0.005,click,0.8869
790.875,790.9,0.025,water,0.7499
790.96,790.965,0.005,click,0.8389
791.035,791.06,0.025,water,0.6627
791.115,791.12,0.005,click,0.8688
791.175,791.18,0.005,click,0.871
791.275,791.28,0.005,click,0.9124
791.335,791.34,0.005,click,0.8815
791.395,791.4,0.005,click,0.8958
791.455,791.52,0.065,vocal,0.825
791.855,791.86,0.005,click,0.8911
791.975,791.98,0.005,click,0.8765
792.335,792.385,0.05,water,0.4861
792.535,792.54,0.005,click,0.9142
792.6,792.605,0.005,click,0.8828
793.08,793.085,0.005,click,0.8721
793.14,793.145,0.005,click,0.8567
793.38,793.385,0.005,click,0.9041
793.44,793.485,0.045,water,0.4753
793.58,793.585,0.005,click,0.8837
793.64,793.645,0.005,click,0.8758
793.78,793.845,0.065,vocal,0.6176
793.9,793.945,0.045,water,0.4823
794.08,794.305,0.225,other,0.6118
794.42,794.505,0.085,vocal,0.8441
794.56,794.625,0.065,vocal,0.7116
794.74,794.745,0.005,click,0.8923
794.9,794.945,0.045,vocal,0.4288
795.02,795.085,0.065,vocal,0.8824
795.14,795.565,0.425,silence,0.6287
795.62,795.925,0.305,silence,0.4892
796.02,796.52,0.5,silence,0.7554
796.52,796.825,0.305,other,0.5616
796.87,797.005,0.135,other,0.6867
797.06,797.56,0.5,silence,0.8565
797.56,797.665,0.105,vocal,0.4081
797.72,798.125,0.405,other,0.575
798.18,798.68,0.5,silence,0.627
798.68,799.18,0.5,other,0.7532
799.18,799.245,0.065,vocal,0.7344
799.3,799.465,0.165,other,0.3902
799.52,799.625,0.105,vocal,0.6896
799.68,799.685,0.005,click,0.8624
799.74,799.925,0.185,silence,0.5013
800.08,800.085,0.005,click,0.8999
800.18,800.205,0.025,water,0.6934
800.28,800.285,0.005,click,0.8587
800.36,800.785,0.425,other,0.4936
800.84,800.85,0.01,click,0.5839
800.92,801.045,0.125,other,0.4344
801.16,801.165,0.005,click,0.8802
801.4,801.445,0.045,water,0.4659
801.5,801.505,0.005,click,0.8406
801.58,801.625,0.045,water,0.5494
801.82,801.825,0.005,click,0.8912
801.92,801.925,0.005,click,0.8789
801.98,801.985,0.005,click,0.8782
802.06,802.065,0.005,click,0.8641
802.665,802.67,0.005,click,0.8989
802.925,802.95,0.025,water,0.7342
803.085,803.09,0.005,click,0.8495
803.145,803.17,0.025,water,0.8017
803.405,803.41,0.005,click,0.8471
803.545,803.55,0.005,click,0.8423
803.625,803.67,0.045,vocal,0.4742
803.745,803.83,0.085,vocal,0.6453
803.925,803.97,0.045,water,0.5115
804.025,804.05,0.025,water,0.7375
804.165,804.17,0.005,click,0.8172
804.305,804.35,0.045,water,0.6246
804.465,804.51,0.045,water,0.4918
804.565,804.61,0.045,vocal,0.44
804.665,804.69,0.025,water,0.6825
804.745,804.79,0.045,water,0.5348
804.845,805.345,0.5,silence,0.7896
805.345,805.35,0.005,click,0.8647
805.405,805.905,0.5,silence,0.7828
805.905,805.95,0.045,vocal,0.502
806.045,806.39,0.345,silence,0.6186
806.445,806.61,0.165,other,0.4066
806.685,806.81,0.125,other,0.4081
806.925,806.99,0.065,vocal,0.8551
807.045,807.09,0.045,water,0.5875
807.145,807.27,0.125,vocal,0.4163
807.325,807.33,0.005,click,0.8858
807.425,807.43,0.005,click,0.8957
807.505,807.51,0.005,click,0.8681
807.705,807.75,0.045,water,0.5759
807.805,807.91,0.105,vocal,0.5718
808.025,808.03,0.005,click,0.8985
808.205,808.21,0.005,click,0.8807
808.365,808.41,0.045,water,0.4918
808.465,808.53,0.065,vocal,0.7827
808.605,808.65,0.045,water,0.5613
808.745,808.75,0.005,click,0.8811
808.805,808.81,0.005,click,0.8908
808.925,809.19,0.265,silence,0.5104
809.245,809.35,0.105,vocal,0.5571
809.465,809.59,0.125,vocal,0.3985
809.645,809.75,0.105,vocal,0.6754
809.825,809.83,0.005,click,0.8992
809.905,809.91,0.005,click,0.9059
810.005,810.29,0.285,silence,0.483
810.345,810.41,0.065,other,0.7633
810.465,810.47,0.005,click,0.8742
810.525,810.53,0.005,click,0.8508
810.625,810.79,0.165,other,0.4288
810.845,810.91,0.065,vocal,0.7986
810.965,811.05,0.085,vocal,0.7471
811.165,811.17,0.005,click,0.8693
811.265,811.45,0.185,other,0.465
811.505,811.71,0.205,other,0.4608
811.765,811.83,0.065,vocal,0.7138
811.905,811.97,0.065,vocal,0.8253
812.065,812.11,0.045,vocal,0.461
812.165,812.21,0.045,vocal,0.6192
812.385,812.61,0.225,other,0.55
812.665,812.69,0.025,water,0.6871
812.765,812.77,0.005,click,0.8816
812.825,812.83,0.005,click,0.83
812.885,812.91,0.025,water,0.5482
812.965,812.97,0.005,click,0.8781
813.045,813.05,0.005,click,0.9165
813.105,813.15,0.045,water,0.4465
813.205,813.21,0.005,click,0.8691
813.265,813.27,0.005,click,0.8605
813.325,813.33,0.005,click,0.9018
813.385,813.43,0.045,water,0.6472
813.585,813.61,0.025,water,0.6825
813.685,813.81,0.125,vocal,0.4096
813.985,814.03,0.045,vocal,0.5004
814.085,814.21,0.125,other,0.3971
814.605,814.61,0.005,click,0.7764
814.985,814.99,0.005,click,0.8693
815.88,815.885,0.005,click,0.8407
815.96,815.965,0.005,click,0.8802
816.12,816.125,0.005,click,0.8862
816.26,816.265,0.005,click,0.892
816.38,816.445,0.065,vocal,0.739
816.52,816.545,0.025,water,0.782
816.6,816.605,0.005,click,0.899
816.66,816.725,0.065,vocal,0.823
816.8,816.865,0.065,vocal,0.7297
816.98,817.005,0.025,water,0.7093
817.16,817.185,0.025,water,0.6542
817.24,817.345,0.105,vocal,0.5589
817.44,817.445,0.005,click,0.9117
817.52,817.605,0.085,vocal,0.785
817.66,817.665,0.005,click,0.8807
817.72,817.745,0.025,vocal,0.4743
817.8,817.825,0.025,water,0.6291
817.9,818.005,0.105,vocal,0.6128
818.12,818.125,0.005,click,0.8846
818.2,818.205,0.005,click,0.8438
818.3,818.425,0.125,other,0.4458
818.48,818.485,0.005,click,0.878
818.54,818.545,0.005,click,0.8621
818.6,818.765,0.165,silence,0.3343
818.82,818.845,0.025,water,0.7218
818.92,819.025,0.105,vocal,0.6406
819.1,819.145,0.045,vocal,0.7386
819.2,819.265,0.065,vocal,0.8202
819.32,819.325,0.005,click,0.8888
819.42,819.585,0.165,other,0.511
819.64,819.645,0.005,click,0.9045
819.7,819.785,0.085,vocal,0.6256
819.86,819.865,0.005,click,0.8881
819.94,820.005,0.065,vocal,0.8656
820.08,820.185,0.105,vocal,0.6862
820.64,820.645,0.005,click,0.8529
821.135,821.18,0.045,vocal,0.7131
821.415,821.42,0.005,click,0.8686
821.715,821.72,0.005,click,0.8732
821.775,821.78,0.005,click,0.8766
821.915,822.02,0.105,vocal,0.721
822.075,822.36,0.285,other,0.4469
822.515,822.58,0.065,vocal,0.6678
822.635,822.64,0.005,click,0.8953
822.695,822.86,0.165,other,0.4401
822.915,822.92,0.005,click,0.8813
822.975,823.22,0.245,other,0.4346
823.295,823.36,0.065,vocal,0.895
823.415,823.46,0.045,water,0.4451
823.515,823.52,0.005,click,0.8962
823.575,823.58,0.005,click,0.8654
823.675,823.68,0.005,click,0.8565
824.015,824.02,0.005,click,0.9154
824.075,824.08,0.005,click,0.8989
824.175,824.26,0.085,vocal,0.7474
824.335,824.34,0.005,click,0.8952
824.415,824.42,0.005,click,0.8816
825.73,825.735,0.005,click,0.8884
825.81,825.835,0.025,water,0.8103
825.89,825.895,0.005,click,0.8877
825.99,826.015,0.025,water,0.6737
826.07,826.075,0.005,click,0.886
826.13,826.175,0.045,vocal,0.5362
826.23,826.315,0.085,vocal,0.5428
826.37,826.495,0.125,vocal,0.4944
826.55,826.555,0.005,click,0.845
826.61,826.675,0.065,vocal,0.7191
826.81,826.835,0.025,water,0.6725
826.93,827.135,0.205,other,0.5045
827.19,827.315,0.125,vocal,0.5954
827.37,827.375,0.005,click,0.8999
827.43,827.515,0.085,vocal,0.7454
827.57,827.615,0.045,water,0.5484
827.77,827.835,0.065,vocal,0.8771
827.99,828.035,0.045,water,0.4352
828.27,828.315,0.045,water,0.5277
828.55,828.555,0.005,click,0.8733
828.67,828.675,0.005,click,0.8587
828.79,828.795,0.005,click,0.8903
829.165,829.17,0.005,click,0.86
829.265,829.33,0.065,vocal,0.7354
829.485,829.49,0.005,click,0.8983
829.745,829.77,0.025,water,0.7552
829.925,829.93,0.005,click,0.8674
829.985,829.99,0.005,click,0.9056
830.045,830.09,0.045,water,0.6023
830.245,830.31,0.065,vocal,0.6639
830.365,830.37,0.005,click,0.896
830.465,830.47,0.005,click,0.9013
830.525,830.69,0.165,other,0.5249
830.745,830.75,0.005,click,0.8863
830.985,830.99,0.005,click,0.8952
831.085,831.13,0.045,water,0.511
831.185,831.19,0.005,click,0.8718
831.345,831.35,0.005,click,0.9348
831.405,831.43,0.025,water,0.6486
831.525,831.59,0.065,vocal,0.8347
831.645,831.73,0.085,vocal,0.5057
831.825,831.85,0.025,water,0.7253
831.965,831.97,0.005,click,0.9055
832.025,832.03,0.005,click,0.9051
832.085,832.13,0.045,water,0.5395
832.185,832.19,0.005,click,0.8771
832.245,832.27,0.025,vocal,0.4652
832.325,832.43,0.105,vocal,0.4234
832.485,832.49,0.005,click,0.8755
832.625,832.63,0.005,click,0.9064
832.69,832.75,0.06,other,0.3342
832.805,832.85,0.045,water,0.5779
832.985,832.99,0.005,click,0.8366
833.185,833.19,0.005,click,0.8759
833.285,833.29,0.005,click,0.891
833.505,833.51,0.005,click,0.8841
834.36,834.365,0.005,click,0.8732
834.9,834.905,0.005,click,0.8941
835.32,835.325,0.005,click,0.8681
835.5,835.525,0.025,water,0.6827
835.64,835.725,0.085,vocal,0.8304
835.82,835.825,0.005,click,0.8867
835.92,836.165,0.245,silence,0.5365
836.22,836.225,0.005,click,0.9134
836.28,836.285,0.005,click,0.8139
836.38,836.465,0.085,vocal,0.7904
836.6,836.625,0.025,water,0.8326
836.76,836.765,0.005,click,0.8958
836.82,836.825,0.005,click,0.8967
836.88,836.885,0.005,click,0.9033
837.0,837.105,0.105,vocal,0.6274
837.32,837.365,0.045,water,0.4901
837.56,837.565,0.005,click,0.8834
837.64,837.705,0.065,vocal,0.825
837.76,837.825,0.065,vocal,0.8169
837.9,837.925,0.025,water,0.7413
838.04,838.045,0.005,click,0.8729
838.14,838.285,0.145,other,0.4152
838.42,838.425,0.005,click,0.9208
838.6,838.605,0.005,click,0.8607
838.7,838.745,0.045,water,0.4563
838.8,838.805,0.005,click,0.9003
838.86,838.865,0.005,click,0.8964
838.92,838.925,0.005,click,0.8746
839.08,839.105,0.025,water,0.5998
839.18,839.185,0.005,click,0.8097
839.3,839.305,0.005,click,0.8865
839.48,839.525,0.045,water,0.6204
839.64,839.645,0.005,click,0.8831
840.14,840.145,0.005,click,0.8887
840.34,840.345,0.005,click,0.8914
841.595,841.605,0.01,click,0.6376
841.97,841.975,0.005,click,0.8526
842.995,843.0,0.005,click,0.8992
843.155,843.16,0.005,click,0.8686
843.255,843.26,0.005,click,0.8902
843.355,843.38,0.025,water,0.6198
843.535,843.54,0.005,click,0.8781
843.655,843.66,0.005,click,0.9101
844.095,844.1,0.005,click,0.9037
844.155,844.22,0.065,vocal,0.6804
844.315,844.32,0.005,click,0.9327
844.375,844.38,0.005,click,0.8934
844.435,844.44,0.005,click,0.8518
844.595,844.64,0.045,vocal,0.5191
844.695,844.7,0.005,click,0.8968
844.835,844.86,0.025,water,0.7692
844.975,844.98,0.005,click,0.8576
845.115,845.12,0.005,click,0.9249
845.195,845.26,0.065,vocal,0.8406
845.315,845.46,0.145,other,0.4012
845.595,845.64,0.045,vocal,0.4197
845.755,845.76,0.005,click,0.8773
845.875,845.96,0.085,vocal,0.6165
846.015,846.08,0.065,vocal,0.8707
846.135,846.14,0.005,click,0.8692
846.215,846.22,0.005,click,0.9218
846.295,846.36,0.065,vocal,0.8203
846.415,846.44,0.025,water,0.7075
846.575,846.62,0.045,water,0.4438
846.755,846.76,0.005,click,0.8266
847.015,847.02,0.005,click,0.8412
847.075,847.1,0.025,water,0.5353
847.255,847.3,0.045,vocal,0.4349
847.495,847.5,0.005,click,0.9197
847.915,847.96,0.045,vocal,0.5559
848.455,848.46,0.005,click,0.9155
848.515,848.52,0.005,click,0.9056
848.615,848.62,0.005,click,0.875
848.735,848.74,0.005,click,0.8614
848.795,848.8,0.005,click,0.8956
848.955,848.96,0.005,click,0.8566
849.195,849.2,0.005,click,0.8816
849.255,849.28,0.025,water,0.8587
849.435,849.44,0.005,click,0.8931
849.555,849.58,0.025,water,0.8068
849.675,849.68,0.005,click,0.913
849.775,849.78,0.005,click,0.8714
849.835,849.84,0.005,click,0.9211
850.095,850.1,0.005,click,0.8717
850.595,850.62,0.025,water,0.7031
850.78,850.785,0.005,click,0.7555
851.89,851.895,0.005,click,0.8818
851.95,851.955,0.005,click,0.8582
852.41,852.415,0.005,click,0.8346
853.09,853.095,0.005,click,0.9031
853.41,853.415,0.005,click,0.9052
853.61,853.615,0.005,click,0.9014
853.71,853.715,0.005,click,0.8893
853.83,853.975,0.145,other,0.7174
854.05,854.135,0.085,vocal,0.7177
854.25,854.255,0.005,click,0.8943
854.33,854.335,0.005,click,0.8838
854.39,854.395,0.005,click,0.9085
854.51,854.535,0.025,water,0.8162
854.61,854.635,0.025,water,0.7384
854.69,854.735,0.045,water,0.4156
854.87,854.975,0.105,vocal,0.6474
855.15,855.175,0.025,water,0.6508
855.33,855.375,0.045,water,0.4992
855.53,855.535,0.005,click,0.8896
855.59,855.595,0.005,click,0.9088
855.67,855.715,0.045,vocal,0.532
855.77,855.835,0.065,vocal,0.9309
855.93,855.935,0.005,click,0.8754
856.13,856.155,0.025,water,0.8514
856.21,856.275,0.065,vocal,0.4251
856.49,856.555,0.065,vocal,0.8111
856.67,856.675,0.005,click,0.897
856.75,856.795,0.045,vocal,0.4073
856.87,856.88,0.01,water,0.8579
856.93,856.995,0.065,vocal,0.8029
857.09,857.095,0.005,click,0.9117
857.19,857.195,0.005,click,0.8653
857.27,857.275,0.005,click,0.8867
857.49,857.495,0.005,click,0.8759
857.59,857.595,0.005,click,0.8496
857.65,857.775,0.125,other,0.3826
857.89,857.955,0.065,vocal,0.8061
858.03,858.035,0.005,click,0.8919
858.25,858.315,0.065,vocal,0.8423
858.67,858.675,0.005,click,0.8235
858.925,858.93,0.005,click,0.8765
859.525,859.53,0.005,click,0.8858
859.785,859.85,0.065,vocal,0.7694
860.085,860.21,0.125,vocal,0.3936
860.345,860.45,0.105,vocal,0.6654
860.525,860.69,0.165,other,0.428
860.805,860.81,0.005,click,0.8703
860.905,860.97,0.065,vocal,0.8447
861.045,861.05,0.005,click,0.8527
861.105,861.33,0.225,other,0.7093
861.405,861.41,0.005,click,0.894
861.685,861.71,0.025,water,0.7298
861.785,861.79,0.005,click,0.9018
861.905,861.91,0.005,click,0.8651
861.965,862.01,0.045,vocal,0.4915
862.225,862.23,0.005,click,0.8943
862.285,862.55,0.265,silence,0.4869
862.605,862.67,0.065,vocal,0.7994
862.725,862.95,0.225,silence,0.4119
863.105,863.11,0.005,click,0.8927
863.185,863.27,0.085,vocal,0.7025
863.325,863.43,0.105,vocal,0.4796
863.505,863.51,0.005,click,0.8859
863.605,863.61,0.005,click,0.8794
863.745,863.75,0.005,click,0.8351
864.005,864.01,0.005,click,0.9065
864.6,864.605,0.005,click,0.857
865.0,865.125,0.125,vocal,0.389
865.22,865.265,0.045,water,0.501
865.32,865.325,0.005,click,0.8887
865.38,865.605,0.225,other,0.5985
865.66,865.825,0.165,other,0.4699
865.88,865.985,0.105,vocal,0.4199
866.04,866.145,0.105,vocal,0.521
866.24,866.425,0.185,silence,0.5261
866.48,866.485,0.005,click,0.9059
866.54,866.645,0.105,vocal,0.5753
866.7,866.705,0.005,click,0.8502
866.76,866.765,0.005,click,0.8745
866.82,866.865,0.045,water,0.5476
866.92,866.945,0.025,water,0.7777
867.04,867.045,0.005,click,0.8696
867.1,867.185,0.085,vocal,0.6896
867.24,867.245,0.005,click,0.9049
867.36,867.545,0.185,other,0.6637
867.62,867.685,0.065,vocal,0.7383
867.8,867.805,0.005,click,0.9243
867.86,867.905,0.045,vocal,0.6044
867.98,868.025,0.045,vocal,0.7299
868.14,868.145,0.005,click,0.8926
868.24,868.305,0.065,vocal,0.905
868.42,868.425,0.005,click,0.8891
868.715,868.72,0.005,click,0.8358
868.775,868.78,0.005,click,0.9044
868.84,868.86,0.02,click,0.3613
868.915,868.94,0.025,water,0.6171
869.295,869.3,0.005,click,0.9041
869.415,869.42,0.005,click,0.8862
869.475,869.48,0.005,click,0.9025
869.575,869.6,0.025,water,0.6988
869.695,869.98,0.285,other,0.4947
870.035,870.08,0.045,vocal,0.6207
870.175,870.18,0.005,click,0.896
870.255,870.755,0.5,silence,0.7191
870.755,871.255,0.5,silence,0.8072
871.255,871.5,0.245,silence,0.6423
871.555,872.055,0.5,silence,0.6024
872.055,872.38,0.325,other,0.7761
872.435,872.86,0.425,silence,0.491
872.975,873.22,0.245,silence,0.4466
873.275,873.38,0.105,vocal,0.6057
873.435,873.44,0.005,click,0.8873
873.555,873.7,0.145,other,0.4859
873.875,873.88,0.005,click,0.8863
874.15,874.155,0.005,click,0.8975
874.57,874.595,0.025,water,0.6491
874.65,874.655,0.005,click,0.8931
874.81,874.815,0.005,click,0.8672
874.87,874.915,0.045,water,0.5098
874.97,874.975,0.005,click,0.9054
875.07,875.075,0.005,click,0.8817
875.15,875.195,0.045,vocal,0.6153
875.31,875.515,0.205,other,0.4623
875.57,876.07,0.5,silence,0.6525
876.07,876.515,0.445,silence,0.5635
876.57,877.07,0.5,silence,0.7082
877.07,877.195,0.125,other,0.4639
877.29,877.375,0.085,vocal,0.8252
877.43,877.675,0.245,silence,0.5178
877.73,877.735,0.005,click,0.883
877.79,877.795,0.005,click,0.8876
877.93,877.955,0.025,water,0.6586
878.01,878.51,0.5,silence,0.6598
878.51,878.515,0.005,click,0.8997
878.57,878.615,0.045,vocal,0.5988
878.67,878.955,0.285,silence,0.4688
879.01,879.015,0.005,click,0.9191
879.23,879.295,0.065,vocal,0.7437
879.39,879.395,0.005,click,0.8209
879.47,879.475,0.005,click,0.87
879.805,879.81,0.005,click,0.8929
880.39,880.395,0.005,click,0.8467
880.445,880.49,0.045,vocal,0.4359
880.545,880.65,0.105,vocal,0.7924
880.925,880.95,0.025,water,0.733
881.145,881.15,0.005,click,0.8525
881.205,881.21,0.005,click,0.8312
881.465,881.51,0.045,water,0.5156
881.585,881.71,0.125,vocal,0.5767
881.785,881.79,0.005,click,0.8345
881.865,881.87,0.005,click,0.8382
881.925,882.15,0.225,silence,0.4463
882.245,882.35,0.105,vocal,0.583
882.425,882.81,0.385,silence,0.5083
882.865,883.03,0.165,other,0.5639
883.085,883.15,0.065,vocal,0.9094
883.285,883.57,0.285,other,0.497
883.625,883.73,0.105,vocal,0.4133
883.805,883.93,0.125,vocal,0.5161
884.005,884.13,0.125,vocal,0.3976
884.345,884.35,0.005,click,0.8706
884.405,884.41,0.005,click,0.8704
884.465,884.63,0.165,silence,0.3751
884.685,884.69,0.005,click,0.8799
884.745,884.75,0.005,click,0.8782
884.805,884.89,0.085,vocal,0.7195
884.945,884.95,0.005,click,0.8867
885.005,885.25,0.245,silence,0.4964
885.505,885.51,0.005,click,0.8654
885.685,885.73,0.045,vocal,0.4839
885.785,885.87,0.085,vocal,0.7348
885.965,886.01,0.045,water,0.6676
886.145,886.17,0.025,water,0.7885
886.225,886.23,0.005,click,0.8173
886.385,886.47,0.085,vocal,0.5645
886.545,886.59,0.045,vocal,0.4443
886.845,886.85,0.005,click,0.9148
886.925,886.93,0.005,click,0.8043
887.045,887.05,0.005,click,0.8452
887.14,887.145,0.005,click,0.7999
887.545,887.55,0.005,click,0.8749
887.635,887.64,0.005,click,0.8489
888.04,888.045,0.005,click,0.8577
888.54,888.545,0.005,click,0.8937
888.82,888.825,0.005,click,0.9013
889.2,889.205,0.005,click,0.8881
889.425,889.43,0.005,click,0.7779
889.86,890.065,0.205,other,0.5832
890.14,890.145,0.005,click,0.8947
890.22,890.225,0.005,click,0.916
890.52,890.565,0.045,water,0.5523
890.72,890.745,0.025,water,0.5501
890.92,891.025,0.105,vocal,0.6057
891.08,891.085,0.005,click,0.9099
891.18,891.285,0.105,vocal,0.536
891.34,891.345,0.005,click,0.8937
891.4,891.465,0.065,vocal,0.745
891.56,891.565,0.005,click,0.9248
891.74,891.785,0.045,water,0.6149
891.84,891.845,0.005,click,0.9054
891.92,892.085,0.165,vocal,0.3831
892.18,892.345,0.165,silence,0.4087
892.48,892.485,0.005,click,0.9082
892.6,892.605,0.005,click,0.9053
892.86,892.905,0.045,vocal,0.4732
893.0,893.025,0.025,water,0.7722
893.16,893.325,0.165,silence,0.4247
893.38,893.385,0.005,click,0.8453
893.48,893.485,0.005,click,0.8791
893.56,893.565,0.005,click,0.889
893.62,893.645,0.025,water,0.727
893.7,893.705,0.005,click,0.7879
893.76,894.145,0.385,other,0.9584
894.38,894.425,0.045,vocal,0.789
894.58,894.585,0.005,click,0.929
894.76,894.805,0.045,vocal,0.5045
894.92,894.925,0.005,click,0.9012
895.02,895.025,0.005,click,0.8755
895.2,895.305,0.105,vocal,0.5542
895.44,895.525,0.085,vocal,0.8527
895.6,895.605,0.005,click,0.8714
895.72,895.745,0.025,water,0.7181
895.8,895.805,0.005,click,0.8955
895.88,895.945,0.065,vocal,0.7355
896.06,896.065,0.005,click,0.899
896.12,896.245,0.125,vocal,0.3919
896.3,896.465,0.165,other,0.4293
896.52,896.625,0.105,vocal,0.6411
896.72,896.725,0.005,click,0.8882
896.84,896.905,0.065,vocal,0.8347
897.0,897.005,0.005,click,0.8897
897.14,897.205,0.065,vocal,0.8618
897.26,897.345,0.085,vocal,0.8699
897.42,897.425,0.005,click,0.8871
897.5,897.625,0.125,vocal,0.3997
897.72,897.745,0.025,water,0.6827
897.8,897.805,0.005,click,0.8815
897.9,897.905,0.005,click,0.887
898.0,898.025,0.025,water,0.8248
898.1,898.145,0.045,vocal,0.4947
898.24,898.345,0.105,vocal,0.5665
898.44,898.525,0.085,vocal,0.7366
898.64,898.785,0.145,other,0.3955
898.84,898.845,0.005,click,0.8794
898.9,898.985,0.085,vocal,0.8224
899.06,899.105,0.045,water,0.4392
899.16,899.165,0.005,click,0.9069
899.28,899.285,0.005,click,0.8915
899.34,899.445,0.105,vocal,0.4765
899.54,899.545,0.005,click,0.9041
899.7,899.725,0.025,water,0.7086
899.8,899.885,0.085,vocal,0.6879
899.94,899.945,0.005,click,0.9008
900.0,900.045,0.045,water,0.4606
900.12,900.165,0.045,vocal,0.4983
900.22,900.325,0.105,vocal,0.6055
900.4,900.585,0.185,silence,0.4056
900.64,900.645,0.005,click,0.8829
900.7,900.825,0.125,other,0.5505
900.9,900.965,0.065,vocal,0.8219
901.02,901.245,0.225,other,0.4292
901.38,901.385,0.005,click,0.8633
901.44,901.485,0.045,vocal,0.5828
901.6,901.605,0.005,click,0.876
901.68,901.685,0.005,click,0.9139
901.74,901.745,0.005,click,0.9087
901.8,901.805,0.005,click,0.8808
901.92,901.925,0.005,click,0.8945
901.98,902.065,0.085,vocal,0.8254
902.12,902.145,0.025,water,0.8032
902.24,902.245,0.005,click,0.8911
902.36,902.365,0.005,click,0.883
902.42,902.465,0.045,vocal,0.6738
902.52,902.585,0.065,vocal,0.7702
902.72,902.745,0.025,water,0.7318
902.8,902.965,0.165,other,0.5404
903.18,903.245,0.065,vocal,0.5594
903.34,903.345,0.005,click,0.8822
903.4,903.465,0.065,other,0.8116
903.52,903.565,0.045,water,0.6265
903.62,903.745,0.125,other,0.6004
903.9,903.905,0.005,click,0.8611
903.96,903.965,0.005,click,0.8402
904.08,904.085,0.005,click,0.8784
904.2,904.205,0.005,click,0.8793
904.28,904.305,0.025,water,0.6643
904.4,904.445,0.045,water,0.6563
904.5,904.565,0.065,vocal,0.7261
904.64,904.725,0.085,vocal,0.7802
904.78,904.785,0.005,click,0.893
904.9,905.005,0.105,vocal,0.5648
905.06,905.205,0.145,other,0.7514
905.28,905.285,0.005,click,0.8787
905.34,905.345,0.005,click,0.8845
905.4,905.505,0.105,vocal,0.6633
905.62,905.625,0.005,click,0.8989
905.92,905.925,0.005,click,0.8567
906.0,906.025,0.025,water,0.7813
906.38,906.385,0.005,click,0.8637
906.48,906.485,0.005,click,0.8905
906.8,906.805,0.005,click,0.8729
907.1,907.105,0.005,click,0.8935
907.2,907.205,0.005,click,0.8945
907.28,907.285,0.005,click,0.9115
908.1,908.105,0.005,click,0.8653
908.295,908.3,0.005,click,0.8524
909.175,909.24,0.065,vocal,0.7784
909.395,909.42,0.025,water,0.5915
909.855,909.86,0.005,click,0.8859
910.455,910.46,0.005,click,0.8655
910.555,910.56,0.005,click,0.8687
910.895,910.9,0.005,click,0.8486
911.275,911.28,0.005,click,0.8825
911.395,911.44,0.045,water,0.5778
911.515,911.56,0.045,vocal,0.4088
911.715,911.72,0.005,click,0.8849
911.935,911.94,0.005,click,0.9052
912.035,912.08,0.045,water,0.5993
912.175,912.24,0.065,vocal,0.819
912.415,912.44,0.025,water,0.8415
912.495,912.5,0.005,click,0.8835
912.595,912.6,0.005,click,0.8659
912.655,912.66,0.005,click,0.8771
912.735,912.76,0.025,water,0.7898
913.115,913.12,0.005,click,0.8433
913.175,913.24,0.065,vocal,0.6743
913.415,913.42,0.005,click,0.884
913.595,913.6,0.005,click,0.9191
913.715,913.76,0.045,water,0.5168
913.875,913.9,0.025,water,0.7764
913.955,913.96,0.005,click,0.8915
914.035,914.08,0.045,water,0.4507
914.175,914.2,0.025,water,0.7269
914.315,914.32,0.005,click,0.8748
914.395,914.4,0.005,click,0.8849
914.495,914.52,0.025,water,0.8232
914.655,914.66,0.005,click,0.8572
914.935,914.94,0.005,click,0.8731
915.175,915.2,0.025,water,0.812
916.015,916.02,0.005,click,0.9218
916.135,916.14,0.005,click,0.8891
916.435,916.44,0.005,click,0.8853
916.84,916.845,0.005,click,0.9019
917.38,917.385,0.005,click,0.8714
917.46,917.465,0.005,click,0.8752
917.68,917.725,0.045,vocal,0.7672
917.98,918.005,0.025,water,0.6915
918.06,918.065,0.005,click,0.8762
918.14,918.165,0.025,water,0.658
918.34,918.345,0.005,click,0.9071
918.4,918.405,0.005,click,0.8825
918.48,918.665,0.185,silence,0.4015
918.88,918.945,0.065,vocal,0.6813
919.04,919.085,0.045,vocal,0.4666
919.2,919.205,0.005,click,0.8546
919.42,919.425,0.005,click,0.8719
919.62,919.645,0.025,water,0.807
919.7,919.785,0.085,vocal,0.7048
919.84,919.845,0.005,click,0.8876
919.9,919.905,0.005,click,0.8836
919.96,919.985,0.025,water,0.6422
920.04,920.165,0.125,vocal,0.5148
920.22,920.485,0.265,silence,0.4874
920.56,920.585,0.025,water,0.7554
920.68,920.685,0.005,click,0.8939
920.76,920.845,0.085,vocal,0.8698
920.9,921.145,0.245,silence,0.4677
921.2,921.325,0.125,other,0.4256
921.38,921.385,0.005,click,0.8727
921.44,921.505,0.065,vocal,0.9186
921.56,921.625,0.065,vocal,0.6972
921.7,921.725,0.025,water,0.6895
921.8,921.885,0.085,vocal,0.8182
921.94,922.105,0.165,other,0.5064
922.16,922.325,0.165,other,0.4041
922.38,922.385,0.005,click,0.9048
922.48,922.865,0.385,other,0.6448
922.98,923.025,0.045,vocal,0.4765
923.24,923.31,0.07,vocal,0.8948
923.38,923.39,0.01,click,0.7691
923.48,923.485,0.005,click,0.8689
923.64,923.645,0.005,click,0.8637
923.86,923.865,0.005,click,0.8837
923.96,923.965,0.005,click,0.8605
924.06,924.065,0.005,click,0.9226
924.365,924.37,0.005,click,0.8588
924.525,924.53,0.005,click,0.8599
924.665,924.85,0.185,vocal,0.4027
924.905,924.91,0.005,click,0.8585
924.965,925.075,0.11,other,0.5491
925.125,925.35,0.225,other,0.4477
925.405,925.47,0.065,vocal,0.8497
925.705,925.83,0.125,other,0.3775
925.945,925.95,0.005,click,0.8908
926.005,926.01,0.005,click,0.9235
926.285,926.41,0.125,other,0.6777
926.505,926.57,0.065,vocal,0.7712
926.685,926.73,0.045,vocal,0.4938
926.825,927.325,0.5,silence,0.7427
927.325,927.43,0.105,vocal,0.6378
927.485,927.61,0.125,vocal,0.537
927.765,927.81,0.045,vocal,0.505
927.865,927.91,0.045,water,0.4254
927.965,928.07,0.105,vocal,0.6028
928.185,928.19,0.005,click,0.8783
928.305,928.35,0.045,water,0.5803
928.405,928.41,0.005,click,0.8835
928.465,928.69,0.225,other,0.615
928.74,928.77,0.03,water,0.7688
928.885,928.89,0.005,click,0.8465
928.945,929.29,0.345,silence,0.4702
929.345,929.49,0.145,vocal,0.4959
929.565,929.57,0.005,click,0.8659
929.625,929.85,0.225,other,0.5111
929.945,930.01,0.065,vocal,0.8725
930.125,930.17,0.045,water,0.4981
930.225,930.29,0.065,vocal,0.8586
930.405,930.41,0.005,click,0.8917
930.505,930.51,0.005,click,0.9032
930.685,930.69,0.005,click,0.865
930.765,930.77,0.005,click,0.9016
930.825,930.99,0.165,silence,0.4126
931.045,931.05,0.005,click,0.8791
931.105,931.11,0.005,click,0.8969
931.205,931.21,0.005,click,0.8757
931.365,931.37,0.005,click,0.8928
931.465,931.49,0.025,water,0.775
931.645,931.65,0.005,click,0.8521
931.745,931.75,0.005,click,0.9153
931.865,931.87,0.005,click,0.876
931.965,932.01,0.045,water,0.5629
932.685,932.69,0.005,click,0.8826
933.13,933.135,0.005,click,0.8841
933.33,933.335,0.005,click,0.8398
933.39,933.395,0.005,click,0.8929
933.47,933.515,0.045,water,0.5362
933.75,933.755,0.005,click,0.8779
933.83,933.895,0.065,vocal,0.8308
933.95,934.075,0.125,other,0.4358
934.29,934.315,0.025,water,0.685
934.37,934.415,0.045,water,0.4324
934.49,934.495,0.005,click,0.8725
934.61,934.655,0.045,water,0.4636
934.725,934.755,0.03,click,0.3346
934.89,934.895,0.005,click,0.8415
934.95,934.995,0.045,vocal,0.6604
935.07,935.075,0.005,click,0.8922
935.17,935.175,0.005,click,0.8725
935.23,935.235,0.005,click,0.8113
935.29,935.415,0.125,other,0.4298
935.53,935.595,0.065,vocal,0.8407
935.65,935.775,0.125,vocal,0.5319
935.83,935.835,0.005,click,0.8535
935.89,936.055,0.165,other,0.3886
936.11,936.115,0.005,click,0.8182
936.17,936.175,0.005,click,0.9092
936.23,936.435,0.205,other,0.5351
936.49,936.855,0.365,other,0.5234
936.93,936.995,0.065,vocal,0.7616
937.05,937.235,0.185,other,0.449
937.31,937.355,0.045,water,0.4927
937.47,937.535,0.065,vocal,0.7608
937.59,937.595,0.005,click,0.9041
937.65,937.715,0.065,vocal,0.6419
937.77,938.035,0.265,silence,0.5944
938.09,938.195,0.105,vocal,0.5771
938.25,938.295,0.045,water,0.7184
938.37,938.375,0.005,click,0.8864
938.47,938.495,0.025,water,0.5664
938.55,938.625,0.075,vocal,0.891
938.75,938.755,0.005,click,0.9065
938.81,938.815,0.005,click,0.873
938.87,938.875,0.005,click,0.8866
938.93,939.095,0.165,other,0.4217
939.17,939.175,0.005,click,0.8951
939.27,939.395,0.125,vocal,0.6085
939.51,939.515,0.005,click,0.9086
939.67,940.075,0.405,other,0.5076
940.17,940.295,0.125,vocal,0.4408
940.35,940.355,0.005,click,0.8697
940.45,940.675,0.225,other,0.4555
940.73,940.895,0.165,silence,0.3839
940.95,941.295,0.345,silence,0.5003
941.37,941.375,0.005,click,0.8987
941.43,941.455,0.025,water,0.7864
941.55,941.675,0.125,other,0.5443
941.73,941.755,0.025,water,0.7641
941.85,941.895,0.045,vocal,0.4569
941.99,941.995,0.005,click,0.8791
942.07,942.135,0.065,vocal,0.76
942.19,942.215,0.025,water,0.7714
942.27,942.335,0.065,vocal,0.8918
942.43,942.655,0.225,other,0.4951
942.71,942.715,0.005,click,0.9225
942.77,942.795,0.025,water,0.7952
942.87,942.915,0.045,water,0.5357
942.97,943.055,0.085,vocal,0.8217
943.15,943.155,0.005,click,0.8962
943.21,943.295,0.085,vocal,0.7378
943.35,943.375,0.025,water,0.4656
943.43,943.495,0.065,vocal,0.8548
943.55,943.595,0.045,water,0.4738
943.77,943.815,0.045,water,0.537
943.87,943.875,0.005,click,0.8836
944.03,944.035,0.005,click,0.9
944.25,944.415,0.165,other,0.4571
944.49,944.595,0.105,vocal,0.502
944.75,944.815,0.065,vocal,0.9052
944.95,945.45,0.5,silence,0.6486
945.45,945.495,0.045,water,0.3968
945.59,945.615,0.025,water,0.8403
945.67,945.735,0.065,vocal,0.8595
945.79,945.795,0.005,click,0.8742
945.85,946.015,0.165,other,0.5583
946.09,946.215,0.125,other,0.5613
946.31,946.81,0.5,silence,0.6947
946.81,947.31,0.5,silence,0.6835
947.31,947.535,0.225,other,0.4853
947.59,947.895,0.305,other,0.5444
947.97,947.975,0.005,click,0.8466
948.05,948.075,0.025,water,0.7096
948.13,948.195,0.065,vocal,0.6838
948.27,948.535,0.265,other,0.4677
948.59,948.615,0.025,water,0.6901
948.71,948.755,0.045,vocal,0.4282
948.81,948.875,0.065,vocal,0.8435
948.95,948.975,0.025,water,0.7817
949.03,949.035,0.005,click,0.8745
949.11,949.415,0.305,other,0.8112
949.47,949.475,0.005,click,0.8938
949.53,949.915,0.385,other,0.5117
950.03,950.035,0.005,click,0.9193
950.15,950.195,0.045,water,0.5686
950.31,950.315,0.005,click,0.8853
950.37,950.375,0.005,click,0.8998
950.45,950.475,0.025,water,0.7304
950.55,950.555,0.005,click,0.8756
950.63,950.635,0.005,click,0.883
950.79,950.855,0.065,vocal,0.9
950.93,950.955,0.025,water,0.7115
951.13,951.135,0.005,click,0.8831
951.55,951.555,0.005,click,0.8673
951.67,951.675,0.005,click,0.901
952.33,952.335,0.005,click,0.8894
952.57,952.575,0.005,click,0.9173
952.79,952.795,0.005,click,0.8659
953.155,953.19,0.035,water,0.3556
953.675,953.695,0.02,water,0.6896
954.755,954.76,0.005,click,0.8703
954.915,955.0,0.085,vocal,0.7727
955.095,955.1,0.005,click,0.9106
955.595,955.64,0.045,vocal,0.4242
955.735,955.76,0.025,water,0.7356
955.955,956.0,0.045,vocal,0.5179
956.055,956.06,0.005,click,0.8634
956.14,956.145,0.005,click,0.8174
956.215,956.22,0.005,click,0.8991
956.275,956.28,0.005,click,0.8819
956.355,956.4,0.045,vocal,0.5273
956.455,956.46,0.005,click,0.8761
956.515,956.52,0.005,click,0.8808
956.595,956.6,0.005,click,0.8243
956.655,956.7,0.045,water,0.5611
956.855,956.86,0.005,click,0.8248
956.915,956.92,0.005,click,0.8696
957.015,957.08,0.065,vocal,0.6607
957.135,957.18,0.045,water,0.5142
957.255,957.34,0.085,vocal,0.7211
957.415,957.42,0.005,click,0.8435
957.475,957.52,0.045,water,0.5566
957.675,957.68,0.005,click,0.867
957.735,957.74,0.005,click,0.9282
957.815,957.9,0.085,vocal,0.7288
957.955,958.14,0.185,other,0.404
958.215,958.46,0.245,silence,0.4846
958.555,958.56,0.005,click,0.8613
958.675,958.68,0.005,click,0.8686
958.835,958.84,0.005,click,0.8749
958.895,958.94,0.045,water,0.4564
959.015,959.1,0.085,vocal,0.621
959.155,959.16,0.005,click,0.8776
959.215,959.3,0.085,vocal,0.7332
959.455,959.5,0.045,water,0.4812
959.555,959.56,0.005,click,0.8333
959.615,959.66,0.045,vocal,0.6145
959.715,959.72,0.005,click,0.9025
959.775,959.88,0.105,vocal,0.6467
959.935,960.04,0.105,vocal,0.6279
960.095,960.16,0.065,other,0.502
960.215,960.56,0.345,silence,0.4984
960.615,960.62,0.005,click,0.8886
960.715,960.72,0.005,click,0.9062
960.775,960.78,0.005,click,0.8862
960.875,960.92,0.045,water,0.6371
961.035,961.04,0.005,click,0.8829
961.095,961.1,0.005,click,0.8995
961.155,961.16,0.005,click,0.8651
961.255,961.3,0.045,water,0.6179
961.415,961.52,0.105,vocal,0.5544
961.595,961.62,0.025,water,0.8502
961.955,961.98,0.025,water,0.7619
962.095,962.2,0.105,vocal,0.4909
962.335,962.42,0.085,vocal,0.8011
962.515,962.52,0.005,click,0.8683
962.615,962.64,0.025,water,0.69
962.735,962.82,0.085,vocal,0.7513
962.875,962.88,0.005,click,0.842
962.955,962.96,0.005,click,0.8904
963.115,963.12,0.005,click,0.8832
963.175,963.18,0.005,click,0.9364
963.255,963.34,0.085,vocal,0.7212
963.415,963.46,0.045,water,0.4171
963.595,963.6,0.005,click,0.8728
963.675,963.68,0.005,click,0.8667
963.795,963.8,0.005,click,0.8541
963.955,963.96,0.005,click,0.8517
964.115,964.12,0.005,click,0.892
964.335,964.34,0.005,click,0.8626
964.535,964.54,0.005,click,0.9139
964.735,964.78,0.045,water,0.5072
964.875,964.88,0.005,click,0.8876
964.975,964.98,0.005,click,0.8585
965.055,965.16,0.105,vocal,0.4361
965.295,965.3,0.005,click,0.877
965.495,965.5,0.005,click,0.8997
965.875,965.88,0.005,click,0.8694
966.155,966.16,0.005,click,0.8685
966.255,966.26,0.005,click,0.7777
966.415,966.42,0.005,click,0.8857
966.575,966.68,0.105,vocal,0.5372
966.725,966.73,0.005,click,0.6681
966.915,966.94,0.025,water,0.7465
967.015,967.06,0.045,vocal,0.459
967.115,967.12,0.005,click,0.8336
967.235,967.24,0.005,click,0.8902
967.295,967.38,0.085,vocal,0.7846
967.695,967.7,0.005,click,0.8858
967.835,967.86,0.025,water,0.6884
968.235,968.24,0.005,click,0.8931
968.495,968.54,0.045,water,0.4883
968.775,968.78,0.005,click,0.9225
968.955,969.0,0.045,water,0.6332
969.075,969.08,0.005,click,0.8918
969.315,969.32,0.005,click,0.8795
969.595,969.62,0.025,water,0.7453
969.665,969.67,0.005,click,0.8325
969.835,969.84,0.005,click,0.8955
969.995,970.0,0.005,click,0.8557
970.055,970.08,0.025,water,0.7422
970.515,970.52,0.005,click,0.8461
971.095,971.135,0.04,water,0.523
971.595,971.6,0.005,click,0.8075
971.775,971.82,0.045,water,0.7027
971.975,971.98,0.005,click,0.8621
972.595,972.6,0.005,click,0.8652
973.135,973.14,0.005,click,0.9368
973.575,973.58,0.005,click,0.8991
973.675,973.68,0.005,click,0.8663
975.175,975.18,0.005,click,0.8309
975.97,976.02,0.05,vocal,0.4454
976.835,976.84,0.005,click,0.8712
977.195,977.22,0.025,water,0.7716
977.275,977.28,0.005,click,0.9089
977.575,977.58,0.005,click,0.8773
978.215,978.22,0.005,click,0.8096
978.275,978.32,0.045,water,0.4067
978.455,978.46,0.005,click,0.89
978.535,978.54,0.005,click,0.7418
978.715,978.72,0.005,click,0.894
978.775,978.78,0.005,click,0.8729
978.955,978.96,0.005,click,0.8862
979.135,979.2,0.065,vocal,0.7044
979.295,979.36,0.065,vocal,0.8103
979.635,979.64,0.005,click,0.8962
979.955,979.96,0.005,click,0.8336
980.055,980.06,0.005,click,0.8656
980.335,980.36,0.025,water,0.7887
980.515,980.56,0.045,water,0.4492
980.675,980.7,0.025,water,0.8006
981.595,981.7,0.105,vocal,0.4984
981.815,981.82,0.005,click,0.846
982.015,982.1,0.085,vocal,0.664
982.155,982.16,0.005,click,0.9131
982.535,982.6,0.065,vocal,0.6076
982.675,982.68,0.005,click,0.9063
982.815,982.88,0.065,vocal,0.8254
983.015,983.06,0.045,water,0.5357
983.115,983.12,0.005,click,0.8563
983.835,983.9,0.065,vocal,0.5186
984.415,984.48,0.065,vocal,0.7735
984.915,984.96,0.045,vocal,0.4422
985.315,985.32,0.005,click,0.8437
985.455,985.48,0.025,water,0.5504
985.595,985.6,0.005,click,0.901
985.695,985.78,0.085,vocal,0.6532
986.515,986.52,0.005,click,0.8751
987.095,987.14,0.045,vocal,0.6499
987.655,987.66,0.005,click,0.8397
987.795,987.8,0.005,click,0.8843
987.955,987.96,0.005,click,0.8753
988.535,988.54,0.005,click,0.9107
988.755,988.76,0.005,click,0.8752
988.955,988.96,0.005,click,0.8207
989.595,989.6,0.005,click,0.9089
989.915,989.92,0.005,click,0.8518
990.115,990.14,0.025,water,0.7511
990.335,990.34,0.005,click,0.8704
990.575,990.58,0.005,click,0.8964
991.095,991.1,0.005,click,0.8666
992.115,992.12,0.005,click,0.8639
992.875,992.88,0.005,click,0.9199
993.58,993.585,0.005,click,0.8808
993.82,993.825,0.005,click,0.8802
994.06,994.065,0.005,click,0.8742
994.5,994.505,0.005,click,0.8945
994.56,994.565,0.005,click,0.8587
994.74,994.745,0.005,click,0.8472
994.8,994.805,0.005,click,0.8732
995.52,995.525,0.005,click,0.9091
995.74,995.745,0.005,click,0.8582
995.98,995.985,0.005,click,0.8914
996.24,996.245,0.005,click,0.8741
996.34,996.345,0.005,click,0.8671
996.42,996.425,0.005,click,0.8956
996.5,996.505,0.005,click,0.8846
996.78,996.785,0.005,click,0.9092
996.9,996.905,0.005,click,0.8651
997.03,997.045,0.015,click,0.6296
997.44,997.445,0.005,click,0.9053
997.5,997.505,0.005,click,0.914
997.9,997.905,0.005,click,0.868
998.12,998.125,0.005,click,0.8873
998.3,998.365,0.065,vocal,0.8364
998.44,998.485,0.045,vocal,0.5702
998.54,998.545,0.005,click,0.8458
998.76,998.765,0.005,click,0.8785
998.82,998.825,0.005,click,0.8818
998.92,998.925,0.005,click,0.8984
999.14,999.145,0.005,click,0.8858
999.78,999.785,0.005,click,0.8802
999.9,999.905,0.005,click,0.8981
1000.06,1000.065,0.005,click,0.8631
1000.18,1000.185,0.005,click,0.866
1000.5,1000.535,0.035,click,0.541
1000.6,1000.605,0.005,click,0.8736
1000.66,1000.705,0.045,water,0.419
1000.78,1000.785,0.005,click,0.8531
1000.9,1000.905,0.005,click,0.8465
1001.0,1001.005,0.005,click,0.8792
1001.06,1001.065,0.005,click,0.8943
1001.12,1001.125,0.005,click,0.922
1001.28,1001.285,0.005,click,0.8975
1001.44,1001.445,0.005,click,0.8722
1001.84,1001.845,0.005,click,0.8626
1002.1,1002.105,0.005,click,0.8369
1002.16,1002.165,0.005,click,0.8518
1002.3,1002.305,0.005,click,0.8642
1002.38,1002.385,0.005,click,0.8699
1002.56,1002.565,0.005,click,0.843
1002.72,1002.725,0.005,click,0.9107
1003.12,1003.125,0.005,click,0.8903
1003.2,1003.245,0.045,water,0.6587
1003.44,1003.485,0.045,vocal,0.4574
1003.73,1003.735,0.005,click,0.8261
1003.9,1003.905,0.005,click,0.8768
1004.2,1004.205,0.005,click,0.9036
1004.26,1004.285,0.025,water,0.7365
1004.48,1004.525,0.045,vocal,0.659
1004.96,1004.965,0.005,click,0.8814
1005.02,1005.105,0.085,vocal,0.8215
1005.62,1005.625,0.005,click,0.9075
1005.82,1005.845,0.025,water,0.9157
1005.94,1005.945,0.005,click,0.9245
1006.56,1006.605,0.045,vocal,0.6257
1006.78,1006.785,0.005,click,0.8527
1006.94,1006.945,0.005,click,0.8942
1007.0,1007.045,0.045,water,0.7651
1007.14,1007.225,0.085,vocal,0.7469
1007.3,1007.365,0.065,vocal,0.8092
1007.48,1007.485,0.005,click,0.853
1007.74,1007.785,0.045,vocal,0.5468
1007.94,1007.945,0.005,click,0.8863
1008.06,1008.145,0.085,vocal,0.6842
1008.28,1008.285,0.005,click,0.8939
1008.38,1008.385,0.005,click,0.8581
1008.5,1008.545,0.045,water,0.5501
1008.86,1008.905,0.045,water,0.546
1009.04,1009.085,0.045,water,0.6635
1009.16,1009.165,0.005,click,0.8636
1009.26,1009.265,0.005,click,0.9176
1009.32,1009.325,0.005,click,0.8513
1009.5,1009.505,0.005,click,0.8506
1010.215,1010.22,0.005,click,0.8912
1011.775,1011.82,0.045,water,0.55
1011.975,1012.02,0.045,water,0.4681
1012.295,1012.34,0.045,water,0.4368
1012.555,1012.58,0.025,water,0.776
1012.635,1012.64,0.005,click,0.8958
1012.735,1012.74,0.005,click,0.8754
1013.075,1013.08,0.005,click,0.908
1013.155,1013.16,0.005,click,0.9003
1013.495,1013.5,0.005,click,0.8664
1013.755,1013.78,0.025,water,0.7838
1013.855,1013.98,0.125,vocal,0.3922
1014.075,1014.08,0.005,click,0.9206
1014.135,1014.14,0.005,click,0.8717
1014.295,1014.3,0.005,click,0.867
1014.355,1014.36,0.005,click,0.9127
1014.835,1014.86,0.025,water,0.7419
1014.975,1014.98,0.005,click,0.8521
1015.67,1015.68,0.01,click,0.6859
1015.95,1015.955,0.005,click,0.9047
1016.07,1016.075,0.005,click,0.875
1016.39,1016.395,0.005,click,0.8958
1016.55,1016.615,0.065,vocal,0.8748
1016.71,1016.735,0.025,water,0.8251
1016.81,1016.815,0.005,click,0.9028
1016.91,1016.915,0.005,click,0.8667
1017.31,1017.315,0.005,click,0.8499
1017.49,1017.495,0.005,click,0.8867
1017.89,1018.075,0.185,silence,0.365
1018.17,1018.175,0.005,click,0.8533
1018.25,1018.295,0.045,water,0.4577
1018.41,1018.535,0.125,other,0.3645
1018.63,1018.655,0.025,water,0.7879
1018.85,1018.855,0.005,click,0.9175
1019.03,1019.035,0.005,click,0.8912
1019.21,1019.215,0.005,click,0.8713
1020.325,1020.33,0.005,click,0.845
1020.585,1020.63,0.045,water,0.5885
1020.865,1020.97,0.105,vocal,0.5902
1021.025,1021.03,0.005,click,0.8829
1021.165,1021.17,0.005,click,0.8394
1021.245,1021.25,0.005,click,0.8932
1021.405,1021.41,0.005,click,0.8848
1021.785,1021.79,0.005,click,0.856
1022.005,1022.01,0.005,click,0.8308
1022.125,1022.13,0.005,click,0.8981
1022.185,1022.23,0.045,vocal,0.4994
1022.345,1022.41,0.065,vocal,0.523
1022.525,1022.61,0.085,vocal,0.6745
1022.665,1022.67,0.005,click,0.9065
1022.765,1022.83,0.065,vocal,0.7186
1022.885,1022.91,0.025,water,0.6688
1022.965,1022.99,0.025,water,0.7659
1023.085,1023.13,0.045,vocal,0.4315
1023.185,1023.23,0.045,water,0.5428
1023.285,1023.29,0.005,click,0.8815
1023.345,1023.39,0.045,vocal,0.4482
1023.605,1023.61,0.005,click,0.9238
1023.745,1023.75,0.005,click,0.8648
1024.88,1024.885,0.005,click,0.8607
1024.98,1024.985,0.005,click,0.8797
1025.1,1025.145,0.045,water,0.517
1025.38,1025.385,0.005,click,0.8802
1025.44,1025.485,0.045,water,0.5718
1025.6,1025.605,0.005,click,0.8692
1025.74,1025.765,0.025,water,0.7081
1025.82,1025.825,0.005,click,0.8941
1025.92,1025.925,0.005,click,0.9067
1025.98,1025.985,0.005,click,0.9051
1026.08,1026.105,0.025,water,0.5464
1026.2,1026.205,0.005,click,0.896
1026.28,1026.285,0.005,click,0.8698
1026.6,1026.605,0.005,click,0.9028
1026.8,1026.845,0.045,vocal,0.61
1026.98,1027.045,0.065,vocal,0.6447
1027.14,1027.145,0.005,click,0.8776
1027.2,1027.205,0.005,click,0.8839
1027.32,1027.365,0.045,water,0.4936
1027.42,1027.445,0.025,water,0.8274
1027.52,1027.585,0.065,vocal,0.5886
1027.64,1027.645,0.005,click,0.8968
1027.7,1027.765,0.065,vocal,0.6461
1027.88,1027.885,0.005,click,0.8978
1027.96,1027.965,0.005,click,0.9222
1028.02,1028.085,0.065,vocal,0.5668
1028.14,1028.145,0.005,click,0.8772
1028.38,1028.445,0.065,vocal,0.5319
1028.62,1028.645,0.025,water,0.6597
1028.8,1028.805,0.005,click,0.8401
1029.02,1029.025,0.005,click,0.8917
1029.08,1029.085,0.005,click,0.8633
1029.14,1029.305,0.165,other,0.3788
1029.42,1029.585,0.165,other,0.3943
1029.7,1029.705,0.005,click,0.8801
1029.84,1029.865,0.025,water,0.7557
1029.94,1029.945,0.005,click,0.8821
1030.36,1030.405,0.045,water,0.5669
1030.5,1030.505,0.005,click,0.8743
1030.58,1030.585,0.005,click,0.892
1031.63,1031.705,0.075,other,0.3439
1032.32,1032.325,0.005,click,0.8788
1032.5,1032.505,0.005,click,0.8518
1033.235,1033.265,0.03,water,0.7714
1034.21,1034.215,0.005,click,0.762
1034.315,1034.32,0.005,click,0.8615
1036.095,1036.1,0.005,click,0.914
1037.66,1037.665,0.005,click,0.887
1037.76,1037.765,0.005,click,0.8647
1038.26,1038.265,0.005,click,0.9266
1038.48,1038.485,0.005,click,0.8517
1038.7,1038.705,0.005,click,0.8633
1038.76,1038.765,0.005,click,0.8782
1038.86,1038.865,0.005,click,0.894
1038.92,1038.985,0.065,vocal,0.6064
1039.08,1039.145,0.065,vocal,0.8015
1039.2,1039.245,0.045,vocal,0.4818
1039.34,1039.345,0.005,click,0.895
1039.44,1039.445,0.005,click,0.8304
1039.68,1039.685,0.005,click,0.881
1039.96,1039.965,0.005,click,0.8787
1040.52,1040.525,0.005,click,0.8747
1040.78,1040.785,0.005,click,0.8925
1040.9,1040.905,0.005,click,0.8526
1041.16,1041.165,0.005,click,0.8766
1041.28,1041.285,0.005,click,0.8808
1041.36,1041.445,0.085,vocal,0.7334
1041.8,1041.865,0.065,vocal,0.7669
1041.94,1041.985,0.045,vocal,0.5289
1042.08,1042.085,0.005,click,0.9012
1042.2,1042.205,0.005,click,0.8625
1042.81,1042.815,0.005,click,0.7809
1043.02,1043.025,0.005,click,0.8639
1043.14,1043.145,0.005,click,0.8931
1043.2,1043.205,0.005,click,0.928
1043.28,1043.285,0.005,click,0.8717
1043.42,1043.445,0.025,water,0.847
1043.56,1043.565,0.005,click,0.8886
1043.62,1043.625,0.005,click,0.8904
1043.7,1043.705,0.005,click,0.8798
1043.76,1043.765,0.005,click,0.9024
1043.96,1044.025,0.065,vocal,0.7191
1044.14,1044.165,0.025,water,0.7042
1044.24,1044.265,0.025,water,0.5696
1044.32,1044.405,0.085,vocal,0.634
1044.46,1044.465,0.005,click,0.8724
1044.62,1044.625,0.005,click,0.8859
1044.68,1044.685,0.005,click,0.8782
1044.74,1044.805,0.065,vocal,0.7525
1044.9,1044.965,0.065,vocal,0.69
1045.04,1045.065,0.025,water,0.7502
1045.18,1045.205,0.025,water,0.7717
1045.36,1045.385,0.025,water,0.5652
1045.46,1045.465,0.005,click,0.8674
1045.56,1045.625,0.065,vocal,0.8228
1045.68,1045.685,0.005,click,0.8903
1045.76,1045.765,0.005,click,0.8391
1046.1,1046.165,0.065,vocal,0.8309
1046.405,1046.42,0.015,water,0.9778
1046.62,1046.625,0.005,click,0.8543
1046.84,1046.845,0.005,click,0.8876
1047.985,1048.15,0.165,other,0.5094
1048.225,1048.25,0.025,water,0.7187
1048.325,1048.35,0.025,water,0.7446
1048.425,1048.43,0.005,click,0.9033
1048.505,1048.57,0.065,vocal,0.6627
1048.645,1048.71,0.065,vocal,0.7061
1048.805,1048.89,0.085,vocal,0.6876
1049.045,1049.15,0.105,vocal,0.6237
1049.285,1049.37,0.085,vocal,0.7608
1049.445,1049.49,0.045,water,0.606
1049.565,1049.57,0.005,click,0.8966
1049.625,1049.77,0.145,other,0.6224
1049.825,1049.95,0.125,vocal,0.3996
1050.025,1050.15,0.125,vocal,0.4936
1050.265,1050.57,0.305,other,0.5908
1050.685,1050.73,0.045,water,0.484
1050.785,1050.79,0.005,click,0.8561
1050.845,1050.85,0.005,click,0.8959
1050.905,1050.99,0.085,vocal,0.8334
1051.185,1051.23,0.045,water,0.7275
1051.285,1051.51,0.225,other,0.5788
1051.565,1051.57,0.005,click,0.885
1051.665,1051.67,0.005,click,0.8617
1051.825,1052.11,0.285,other,0.4066
1052.205,1052.21,0.005,click,0.8667
1052.425,1052.43,0.005,click,0.8801
1052.705,1052.79,0.085,vocal,0.7977
1052.84,1052.845,0.005,click,0.7547
1052.905,1052.93,0.025,water,0.7392
1053.245,1053.31,0.065,vocal,0.6807
1053.685,1053.79,0.105,other,0.3487
1054.145,1054.15,0.005,click,0.8907
1054.225,1054.39,0.165,other,0.4722
1054.465,1054.47,0.005,click,0.9106
1055.425,1055.43,0.005,click,0.8732
1056.29,1056.295,0.005,click,0.915
1056.67,1056.675,0.005,click,0.8789
1056.83,1056.835,0.005,click,0.8954
1056.89,1056.895,0.005,click,0.9199
1057.21,1057.275,0.065,vocal,0.698
1057.39,1057.415,0.025,water,0.6426
1057.49,1057.495,0.005,click,0.8699
1057.55,1057.615,0.065,vocal,0.546
1057.69,1057.715,0.025,water,0.821
1057.77,1057.815,0.045,vocal,0.5643
1057.93,1058.055,0.125,vocal,0.452
1058.31,1058.415,0.105,vocal,0.3981
1058.47,1058.475,0.005,click,0.8581
1058.53,1058.715,0.185,other,0.3862
1058.77,1058.775,0.005,click,0.8847
1058.83,1058.835,0.005,click,0.9209
1058.89,1058.895,0.005,click,0.87
1058.97,1059.035,0.065,vocal,0.6792
1059.09,1059.135,0.045,water,0.5336
1059.23,1059.295,0.065,vocal,0.6773
1059.35,1059.415,0.065,vocal,0.8029
1059.49,1059.615,0.125,vocal,0.4089
1060.01,1060.035,0.025,water,0.6751
1060.09,1060.095,0.005,click,0.8807
1060.19,1060.195,0.005,click,0.9249
1060.29,1060.335,0.045,vocal,0.4516
1060.39,1060.395,0.005,click,0.8672
1060.45,1060.515,0.065,vocal,0.8589
1060.73,1060.735,0.005,click,0.8717
1060.79,1060.795,0.005,click,0.9125
1060.89,1060.895,0.005,click,0.8856
1060.95,1060.955,0.005,click,0.8906
1061.11,1061.195,0.085,vocal,0.7088
1061.29,1061.295,0.005,click,0.8688
1061.39,1061.675,0.285,silence,0.6296
1061.81,1061.935,0.125,other,0.4997
1062.01,1062.055,0.045,water,0.4649
1062.11,1062.115,0.005,click,0.8407
1062.21,1062.235,0.025,water,0.6326
1062.33,1062.375,0.045,vocal,0.5777
1062.43,1062.495,0.065,vocal,0.7975
1062.61,1062.675,0.065,vocal,0.722
1062.77,1062.835,0.065,vocal,0.723
1062.89,1062.895,0.005,click,0.8762
1062.95,1062.975,0.025,water,0.6915
1063.05,1063.095,0.045,water,0.5256
1063.17,1063.215,0.045,water,0.5295
1063.31,1063.435,0.125,other,0.5152
1063.49,1063.575,0.085,vocal,0.7488
1063.65,1063.655,0.005,click,0.8786
1063.75,1064.095,0.345,other,0.5351
1064.17,1064.175,0.005,click,0.8761
1064.25,1064.255,0.005,click,0.8549
1064.39,1064.395,0.005,click,0.8852
1064.53,1064.535,0.005,click,0.8853
1064.685,1064.695,0.01,click,0.7155
1064.85,1064.875,0.025,water,0.6404
1065.01,1065.055,0.045,water,0.4383
1065.17,1065.175,0.005,click,0.9027
1065.29,1065.375,0.085,vocal,0.8065
1065.47,1065.495,0.025,water,0.7682
1065.55,1065.635,0.085,vocal,0.6911
1065.71,1065.835,0.125,vocal,0.5092
1065.95,1065.955,0.005,click,0.8859
1066.03,1066.275,0.245,silence,0.4672
1066.39,1066.395,0.005,click,0.8846
1066.51,1066.515,0.005,click,0.8859
1066.57,1066.595,0.025,water,0.7093
1066.67,1066.675,0.005,click,0.9038
1066.77,1066.835,0.065,vocal,0.9268
1066.95,1066.975,0.025,water,0.7131
1067.09,1067.115,0.025,water,0.818
1067.17,1067.175,0.005,click,0.8983
1067.23,1067.255,0.025,water,0.6918
1067.39,1067.395,0.005,click,0.8637
1067.47,1067.595,0.125,other,0.4894
1067.81,1067.875,0.065,vocal,0.84
1067.99,1067.995,0.005,click,0.7848
1068.05,1068.055,0.005,click,0.8374
1068.11,1068.135,0.025,water,0.7863
1068.19,1068.215,0.025,water,0.6837
1068.27,1068.415,0.145,other,0.4971
1068.49,1068.495,0.005,click,0.8685
1068.57,1068.615,0.045,water,0.6479
1068.87,1068.895,0.025,water,0.7199
1069.25,1069.255,0.005,click,0.8102
1069.37,1069.375,0.005,click,0.8739
1069.67,1069.715,0.045,water,0.5625
1069.77,1069.835,0.065,vocal,0.5522
1069.89,1069.935,0.045,vocal,0.4229
1070.11,1070.115,0.005,click,0.87
1070.19,1070.195,0.005,click,0.8198
1070.29,1070.295,0.005,click,0.8739
1070.39,1070.395,0.005,click,0.813
1071.445,1071.45,0.005,click,0.8722
1071.63,1071.64,0.01,click,0.7225
1071.925,1071.93,0.005,click,0.9177
1072.025,1072.11,0.085,vocal,0.755
1072.205,1072.21,0.005,click,0.8853
1072.265,1072.27,0.005,click,0.8969
1072.665,1072.67,0.005,click,0.8437
1072.745,1072.75,0.005,click,0.9023
1072.865,1072.87,0.005,click,0.8951
1073.005,1073.01,0.005,click,0.9014
1073.105,1073.13,0.025,water,0.8144
1073.185,1073.21,0.025,water,0.8116
1073.265,1073.31,0.045,water,0.5125
1073.465,1073.49,0.025,water,0.6453
1073.605,1073.63,0.025,water,0.6716
1073.685,1073.69,0.005,click,0.849
1073.765,1073.77,0.005,click,0.7964
1073.825,1073.83,0.005,click,0.8818
1073.885,1073.89,0.005,click,0.8772
1074.045,1074.07,0.025,water,0.6473
1074.205,1074.27,0.065,vocal,0.8297
1074.325,1074.35,0.025,water,0.5582
1074.405,1074.43,0.025,water,0.8056
1074.525,1074.59,0.065,vocal,0.698
1074.685,1074.69,0.005,click,0.8682
1074.765,1074.91,0.145,other,0.489
1074.965,1075.01,0.045,water,0.554
1075.065,1075.09,0.025,water,0.7435
1075.145,1075.21,0.065,vocal,0.7338
1075.325,1075.33,0.005,click,0.8883
1075.405,1075.41,0.005,click,0.8585
1075.485,1075.55,0.065,vocal,0.7256
1075.605,1075.61,0.005,click,0.8856
1075.685,1075.69,0.005,click,0.8526
1075.745,1075.75,0.005,click,0.8469
1075.845,1075.85,0.005,click,0.8514
1075.945,1076.01,0.065,vocal,0.7482
1076.185,1076.23,0.045,water,0.4772
1076.285,1076.31,0.025,water,0.7159
1076.465,1076.51,0.045,water,0.7147
1076.645,1076.65,0.005,click,0.8752
1076.705,1076.73,0.025,water,0.7455
1076.785,1076.85,0.065,vocal,0.4996
1076.905,1076.91,0.005,click,0.9043
1076.965,1077.01,0.045,water,0.5061
1077.125,1077.21,0.085,vocal,0.8187
1077.345,1077.35,0.005,click,0.8718
1077.405,1077.51,0.105,vocal,0.5288
1077.565,1077.57,0.005,click,0.8471
1077.625,1077.65,0.025,water,0.7069
1077.725,1077.73,0.005,click,0.9116
1077.785,1077.79,0.005,click,0.892
1078.84,1078.845,0.005,click,0.9136
1079.28,1079.285,0.005,click,0.9205
1079.42,1079.425,0.005,click,0.8725
1079.62,1079.685,0.065,vocal,0.5813
1079.74,1079.765,0.025,water,0.7341
1079.84,1079.845,0.005,click,0.8803
1080.16,1080.165,0.005,click,0.8954
1080.42,1080.505,0.085,vocal,0.7163
1080.64,1080.645,0.005,click,0.9179
1080.74,1081.125,0.385,silence,0.4773
1081.18,1081.245,0.065,vocal,0.6021
1081.3,1081.305,0.005,click,0.9001
1081.38,1081.485,0.105,vocal,0.4905
1081.58,1081.605,0.025,water,0.7653
1081.72,1081.765,0.045,water,0.4837
1081.82,1081.885,0.065,vocal,0.7259
1081.94,1081.965,0.025,water,0.7675
1082.04,1082.145,0.105,vocal,0.5244
1082.2,1082.225,0.025,water,0.7452
1082.3,1082.385,0.085,vocal,0.8256
1082.44,1082.445,0.005,click,0.9049
1082.6,1082.605,0.005,click,0.8692
1082.66,1082.665,0.005,click,0.8943
1083.275,1083.28,0.005,click,0.8971
1083.875,1084.06,0.185,silence,0.4013
1084.135,1084.14,0.005,click,0.9165
1084.195,1084.3,0.105,vocal,0.495
1084.395,1084.5,0.105,vocal,0.4744
1084.555,1084.56,0.005,click,0.8795
1084.615,1084.7,0.085,vocal,0.6511
1084.775,1084.78,0.005,click,0.9177
1084.835,1084.84,0.005,click,0.8698
1084.895,1084.94,0.045,water,0.5773
1085.035,1085.08,0.045,vocal,0.5294
1085.195,1085.26,0.065,vocal,0.7166
1085.355,1085.4,0.045,water,0.5373
1085.555,1085.56,0.005,click,0.8784
1085.615,1085.78,0.165,other,0.3875
1085.835,1086.0,0.165,other,0.4989
1086.115,1086.38,0.265,silence,0.4855
1086.89,1086.895,0.005,click,0.8502
1087.15,1087.155,0.005,click,0.8436
1087.23,1087.235,0.005,click,0.8747
1087.37,1087.375,0.005,click,0.862
1087.47,1087.475,0.005,click,0.8921
1087.53,1087.535,0.005,click,0.8952
1087.59,1087.615,0.025,water,0.7993
1087.69,1088.135,0.445,other,0.6246
1088.19,1088.195,0.005,click,0.9003
1088.27,1088.455,0.185,other,0.3962
1088.71,1088.755,0.045,water,0.5985
1088.87,1088.895,0.025,water,0.7287
1089.05,1089.075,0.025,water,0.781
1089.27,1089.295,0.025,water,0.6795
1089.37,1089.375,0.005,click,0.8722
1089.43,1089.495,0.065,vocal,0.7094
1089.55,1089.555,0.005,click,0.9177
1089.63,1089.635,0.005,click,0.8519
1089.69,1089.695,0.005,click,0.8811
1090.325,1090.41,0.085,vocal,0.6321
1090.53,1090.56,0.03,click,0.5132
1090.705,1090.71,0.005,click,0.8895
1090.865,1090.87,0.005,click,0.914
1091.005,1091.01,0.005,click,0.8712
1091.065,1091.11,0.045,water,0.4487
1091.165,1091.27,0.105,vocal,0.6199
1091.365,1091.41,0.045,water,0.5873
1091.485,1091.49,0.005,click,0.9316
1091.565,1091.61,0.045,vocal,0.5714
1091.665,1091.71,0.045,water,0.4563
1091.765,1091.77,0.005,click,0.8509
1091.825,1091.85,0.025,water,0.4483
1091.925,1092.07,0.145,other,0.3973
1092.145,1092.19,0.045,vocal,0.4881
1092.245,1092.43,0.185,other,0.7363
1092.485,1092.49,0.005,click,0.9006
1092.565,1092.73,0.165,silence,0.4141
1093.005,1093.01,0.005,click,0.793
1093.64,1093.645,0.005,click,0.8475
1093.73,1093.735,0.005,click,0.8496
1093.82,1093.825,0.005,click,0.8867
1094.1,1094.105,0.005,click,0.8786
1094.16,1094.205,0.045,water,0.6557
1094.38,1094.425,0.045,water,0.5097
1094.5,1094.505,0.005,click,0.9066
1094.56,1094.705,0.145,other,0.5428
1094.84,1094.845,0.005,click,0.8708
1095.08,1095.145,0.065,vocal,0.528
1095.28,1095.305,0.025,water,0.8341
1095.36,1095.365,0.005,click,0.8775
1095.44,1095.445,0.005,click,0.8429
1095.5,1095.545,0.045,vocal,0.6515
1095.6,1095.605,0.005,click,0.8306
1095.68,1095.725,0.045,water,0.5752
1095.82,1095.865,0.045,vocal,0.5554
1096.06,1096.065,0.005,click,0.9004
1096.14,1096.145,0.005,click,0.8801
1096.24,1096.305,0.065,vocal,0.6312
1096.36,1096.365,0.005,click,0.8713
1096.46,1096.465,0.005,click,0.8866
1096.52,1096.525,0.005,click,0.9219
1096.86,1096.865,0.005,click,0.8633
1097.375,1097.38,0.005,click,0.7147
1097.775,1097.86,0.085,other,0.6667
1097.915,1097.96,0.045,water,0.661
1098.135,1098.14,0.005,click,0.8404
1098.215,1098.36,0.145,other,0.5016
1098.455,1098.48,0.025,water,0.7718
1098.535,1098.6,0.065,vocal,0.8387
1098.655,1098.66,0.005,click,0.8493
1098.715,1098.78,0.065,vocal,0.5981
1098.855,1099.08,0.225,other,0.5432
1099.135,1099.26,0.125,vocal,0.4021
1099.335,1099.4,0.065,vocal,0.9131
1099.455,1099.48,0.025,water,0.778
1099.595,1099.6,0.005,click,0.8695
1099.675,1099.76,0.085,vocal,0.6479
1099.875,1099.92,0.045,water,0.4285
1099.995,1100.0,0.005,click,0.8765
1100.135,1100.16,0.025,water,0.6906
1100.235,1100.735,0.5,silence,0.6065
1100.735,1100.94,0.205,other,0.6465
1101.015,1101.035,0.02,water,0.6417
1101.135,1101.14,0.005,click,0.8704
1101.37,1101.435,0.065,vocal,0.6453
1101.49,1101.495,0.005,click,0.875
1101.55,1101.555,0.005,click,0.857
1101.63,1101.635,0.005,click,0.8905
1101.69,1101.695,0.005,click,0.8597
1101.75,1101.835,0.085,vocal,0.7052
1101.93,1102.43,0.5,silence,0.7296
1102.43,1102.735,0.305,silence,0.5373
1102.81,1103.31,0.5,other,0.5763
1103.31,1103.81,0.5,other,0.4932
1103.81,1104.31,0.5,silence,0.5475
1104.31,1104.81,0.5,silence,0.7219
1104.81,1105.31,0.5,silence,0.6775
1105.31,1105.81,0.5,silence,0.695
1105.81,1106.235,0.425,other,0.7009
1106.31,1106.315,0.005,click,0.8438
1106.43,1106.495,0.065,vocal,0.6876
1106.55,1106.555,0.005,click,0.876
1106.685,1106.69,0.005,click,0.8209
1106.825,1106.83,0.005,click,0.8895
1107.045,1107.05,0.005,click,0.8872
1107.245,1107.25,0.005,click,0.8997
1107.37,1107.41,0.04,water,0.4322
1107.485,1107.49,0.005,click,0.9078
1107.545,1107.55,0.005,click,0.8755
1107.645,1107.67,0.025,water,0.7762
1107.765,1107.97,0.205,other,0.4609
1108.045,1108.19,0.145,vocal,0.3966
1108.245,1108.33,0.085,vocal,0.6602
1108.385,1108.43,0.045,vocal,0.4833
1108.505,1108.57,0.065,vocal,0.6476
1108.625,1108.79,0.165,other,0.5891
1108.845,1109.29,0.445,other,0.4852
1109.345,1109.845,0.5,other,0.6613
1109.845,1110.05,0.205,other,0.6947
1110.105,1110.605,0.5,silence,0.6778
1110.605,1110.95,0.345,other,0.4371
1111.005,1111.505,0.5,silence,0.8035
1111.505,1112.005,0.5,other,0.526
1112.005,1112.505,0.5,other,0.5115
1112.505,1113.005,0.5,silence,0.4881
1113.005,1113.505,0.5,other,0.7509
1113.505,1114.005,0.5,silence,0.5863
1114.005,1114.09,0.085,vocal,0.7672
1114.145,1114.15,0.005,click,0.9054
1114.205,1114.29,0.085,vocal,0.7895
1114.385,1114.57,0.185,other,0.4931
1114.685,1114.69,0.005,click,0.8652
1114.745,1114.75,0.005,click,0.8287
1114.805,1114.81,0.005,click,0.8902
1114.885,1114.95,0.065,vocal,0.5099
1115.12,1115.125,0.005,click,0.8925
1115.2,1115.205,0.005,click,0.875
1115.305,1115.31,0.005,click,0.8644
1115.525,1115.545,0.02,vocal,0.5179
1115.62,1115.625,0.005,click,0.8814
1115.68,1115.685,0.005,click,0.863
1115.745,1115.75,0.005,click,0.8988
1116.02,1116.07,0.05,vocal,0.6071
1116.16,1116.165,0.005,click,0.865
1116.28,1116.285,0.005,click,0.8958
1116.42,1116.465,0.045,water,0.5073
1116.52,1116.525,0.005,click,0.8985
1116.76,1116.785,0.025,water,0.7244
1116.84,1116.885,0.045,water,0.7372
1116.94,1116.945,0.005,click,0.9004
1117.0,1117.005,0.005,click,0.907
1117.06,1117.145,0.085,vocal,0.8418
1117.195,1117.345,0.15,other,0.8282
1117.4,1117.445,0.045,water,0.5233
1117.64,1117.645,0.005,click,0.8897
1117.74,1117.745,0.005,click,0.8847
1117.8,1117.925,0.125,other,0.4917
1118.0,1118.005,0.005,click,0.9029
1118.08,1118.165,0.085,vocal,0.6613
1118.28,1118.545,0.265,silence,0.5396
1118.66,1118.805,0.145,vocal,0.4318
1118.88,1119.025,0.145,other,0.5646
1119.08,1119.225,0.145,vocal,0.4155
1119.28,1119.345,0.065,water,0.5737
1119.42,1119.805,0.385,other,0.5519
1119.86,1119.865,0.005,click,0.8693
1119.92,1120.145,0.225,other,0.6702
1120.2,1120.285,0.085,vocal,0.7978
1120.34,1120.365,0.025,water,0.6915
1120.46,1120.505,0.045,water,0.5771
1120.56,1120.645,0.085,vocal,0.6873
1120.7,1120.985,0.285,silence,0.604
1121.04,1121.54,0.5,silence,0.8187
1121.54,1121.785,0.245,other,0.51
1121.84,1122.34,0.5,silence,0.7613
1122.34,1122.725,0.385,other,0.4773
1122.78,1122.785,0.005,click,0.8547
1122.88,1123.38,0.5,other,0.4153
1123.38,1123.88,0.5,silence,0.5575
1123.88,1124.38,0.5,silence,0.8338
1124.38,1124.765,0.385,other,0.5269
1124.82,1125.32,0.5,silence,0.7729
1125.32,1125.82,0.5,silence,0.7416
1125.82,1125.905,0.085,vocal,0.6246
1125.96,1126.205,0.245,other,0.5311
1126.28,1126.625,0.345,silence,0.5607
1126.68,1127.18,0.5,silence,0.7208
1127.18,1127.285,0.105,vocal,0.5676
1127.34,1127.84,0.5,silence,0.604
1127.84,1127.925,0.085,vocal,0.7606
1128.0,1128.285,0.285,silence,0.7252
1128.34,1128.525,0.185,other,0.7392
1128.58,1128.705,0.125,other,0.6953
1128.82,1128.825,0.005,click,0.9008
1128.9,1128.925,0.025,water,0.8655
1129.04,1129.045,0.005,click,0.9187
1129.14,1129.155,0.015,click,0.5132
1129.22,1129.325,0.105,vocal,0.5736
1129.58,1129.625,0.045,vocal,0.5791
1129.74,1129.79,0.05,water,0.6139
1129.86,1129.885,0.025,water,0.7577
1130.0,1130.065,0.065,vocal,0.6678
1130.18,1130.185,0.005,click,0.8854
1130.325,1130.37,0.045,water,0.4328
1130.425,1130.43,0.005,click,0.8251
1130.565,1130.57,0.005,click,0.9194
1130.705,1130.71,0.005,click,0.8541
1130.76,1130.99,0.23,other,0.7447
1131.045,1131.19,0.145,other,0.7713
1131.305,1131.41,0.105,other,0.4225
1131.485,1131.69,0.205,other,0.5923
1131.785,1132.285,0.5,silence,0.5054
1132.285,1132.29,0.005,click,0.8837
1132.345,1132.845,0.5,silence,0.6785
1132.845,1133.345,0.5,silence,0.6734
1133.345,1133.45,0.105,vocal,0.474
1133.505,1134.005,0.5,silence,0.6325
1134.005,1134.505,0.5,silence,0.6369
1134.505,1135.005,0.5,silence,0.818
1135.005,1135.505,0.5,silence,0.7126
1135.505,1135.67,0.165,other,0.4433
1135.725,1136.225,0.5,silence,0.6278
1136.225,1136.725,0.5,silence,0.8117
1136.725,1137.225,0.5,other,0.5752
1137.225,1137.725,0.5,silence,0.6092
1137.725,1138.05,0.325,silence,0.6056
1138.125,1138.625,0.5,silence,0.8356
1138.625,1139.125,0.5,other,0.5954
1139.125,1139.31,0.185,silence,0.4226
1139.385,1139.885,0.5,silence,0.8491
1139.885,1139.99,0.105,vocal,0.6558
1140.045,1140.545,0.5,silence,0.5822
1140.545,1141.045,0.5,silence,0.7924
1141.045,1141.545,0.5,other,0.5937
1141.545,1142.045,0.5,silence,0.5022
1142.045,1142.545,0.5,other,0.5136
1142.545,1143.045,0.5,silence,0.7979
1143.045,1143.545,0.5,other,0.5451
1143.545,1144.045,0.5,silence,0.7667
1144.045,1144.545,0.5,silence,0.585
1144.545,1145.045,0.5,silence,0.6353
1145.045,1145.545,0.5,silence,0.6683
1145.545,1146.045,0.5,silence,0.6888
1146.045,1146.545,0.5,silence,0.7613
1146.545,1147.045,0.5,silence,0.4869
1147.045,1147.37,0.325,silence,0.4663
1147.425,1147.925,0.5,silence,0.7971
1147.925,1148.21,0.285,other,0.5567
1148.285,1148.45,0.165,other,0.4193
1148.525,1148.61,0.085,vocal,0.7449
1148.685,1148.79,0.105,vocal,0.8013
1148.845,1148.85,0.005,click,0.8517
1148.925,1149.07,0.145,other,0.4255
1149.165,1149.17,0.005,click,0.9181
1149.265,1149.31,0.045,water,0.6217
1149.405,1149.43,0.025,water,0.6904
1149.485,1149.49,0.005,click,0.8999
1149.56,1149.65,0.09,vocal,0.8203
1149.74,1149.745,0.005,click,0.884
1149.8,1149.805,0.005,click,0.8495
1149.92,1149.925,0.005,click,0.8707
1149.985,1149.99,0.005,click,0.8614
1150.04,1150.15,0.11,vocal,0.5503
1150.2,1150.205,0.005,click,0.85
1150.56,1150.565,0.005,click,0.8856
1150.685,1150.69,0.005,click,0.8404
1150.785,1150.805,0.02,water,0.7538
1150.94,1150.965,0.025,water,0.7551
1151.02,1151.285,0.265,other,0.4885
1151.4,1151.405,0.005,click,0.8655
1151.46,1151.505,0.045,water,0.6139
1151.58,1151.585,0.005,click,0.875
1151.66,1151.665,0.005,click,0.8425
1151.72,1151.805,0.085,vocal,0.7784
1151.86,1152.36,0.5,silence,0.5206
1152.36,1152.525,0.165,other,0.4421
1152.6,1152.605,0.005,click,0.8693
1152.66,1153.16,0.5,other,0.6317
1153.16,1153.66,0.5,silence,0.7784
1153.66,1154.16,0.5,silence,0.6182
1154.16,1154.66,0.5,silence,0.7051
1154.66,1155.16,0.5,silence,0.691
1155.16,1155.66,0.5,silence,0.8057
1155.66,1155.665,0.005,click,0.8402
1155.72,1156.22,0.5,silence,0.6479
1156.22,1156.72,0.5,silence,0.8381
1156.72,1157.22,0.5,silence,0.5121
1157.22,1157.305,0.085,vocal,0.7692
1157.36,1157.745,0.385,other,0.6543
1157.8,1157.865,0.065,vocal,0.7141
1157.94,1157.985,0.045,water,0.6781
1158.04,1158.265,0.225,other,0.6251
1158.34,1158.585,0.245,silence,0.4963
1158.66,1158.925,0.265,other,0.5779
1158.98,1158.985,0.005,click,0.9008
1159.06,1159.085,0.025,vocal,0.3153
1159.16,1159.165,0.005,click,0.8669
1159.48,1159.485,0.005,click,0.8774
1159.76,1159.805,0.045,water,0.52
1159.92,1159.94,0.02,vocal,0.4806
1160.395,1160.4,0.005,click,0.9013
1160.475,1160.52,0.045,vocal,0.4488
1160.615,1160.66,0.045,vocal,0.5531
1160.755,1160.84,0.085,vocal,0.6759
1160.955,1160.96,0.005,click,0.8918
1161.015,1161.08,0.065,vocal,0.7704
1161.195,1161.26,0.065,vocal,0.8546
1161.315,1161.38,0.065,vocal,0.786
1161.435,1161.5,0.065,vocal,0.6028
1161.555,1161.72,0.165,other,0.3801
1161.835,1162.02,0.185,other,0.7241
1162.075,1162.575,0.5,silence,0.7578
1162.575,1163.075,0.5,other,0.6283
1163.075,1163.575,0.5,silence,0.5022
1163.575,1164.075,0.5,other,0.4882
1164.075,1164.26,0.185,silence,0.4877
1164.315,1164.815,0.5,silence,0.5923
1164.815,1165.315,0.5,silence,0.7004
1165.315,1165.815,0.5,other,0.4162
1165.815,1165.9,0.085,other,0.3729
1165.955,1166.455,0.5,silence,0.6731
1166.455,1166.955,0.5,other,0.4914
1166.955,1167.455,0.5,silence,0.4837
1167.455,1167.48,0.025,water,0.7505
1167.535,1167.64,0.105,vocal,0.6152
1167.695,1167.72,0.025,water,0.7839
1167.795,1167.86,0.065,vocal,0.573
1167.915,1168.08,0.165,other,0.4925
1168.175,1168.56,0.385,silence,0.5264
1168.695,1168.76,0.065,vocal,0.8672
1168.835,1168.84,0.005,click,0.9126
1168.915,1168.92,0.005,click,0.8708
1168.995,1169.02,0.025,water,0.7116
1169.195,1169.22,0.025,water,0.7737
1169.55,1169.555,0.005,click,0.8815
1169.67,1169.675,0.005,click,0.8986
1170.03,1170.115,0.085,vocal,0.6368
1170.21,1170.215,0.005,click,0.8766
1170.53,1170.535,0.005,click,0.8907
1170.61,1170.615,0.005,click,0.8883
1170.87,1170.875,0.005,click,0.885
1170.97,1170.975,0.005,click,0.8414
1171.07,1171.215,0.145,other,0.439
1171.29,1171.355,0.065,vocal,0.7469
1171.41,1171.415,0.005,click,0.8265
1171.53,1171.575,0.045,water,0.4379
1171.69,1171.715,0.025,water,0.7611
1171.77,1172.215,0.445,silence,0.5628
1172.27,1172.655,0.385,other,0.4807
1172.73,1172.755,0.025,water,0.8466
1172.85,1173.035,0.185,other,0.4162
1173.09,1173.375,0.285,other,0.5535
1173.43,1173.735,0.305,other,0.5478
1173.83,1174.33,0.5,silence,0.6054
1174.33,1174.395,0.065,vocal,0.702
1174.47,1174.97,0.5,silence,0.5222
1174.97,1175.47,0.5,silence,0.5566
1175.47,1175.895,0.425,other,0.6028
1175.97,1176.47,0.5,silence,0.7513
1176.47,1176.97,0.5,silence,0.4907
1176.97,1177.235,0.265,silence,0.4405
1177.29,1177.79,0.5,silence,0.6244
1177.79,1178.29,0.5,water,0.6842
1178.29,1178.79,0.5,silence,0.7023
1178.79,1178.935,0.145,other,0.4814
1178.99,1179.415,0.425,silence,0.6061
1179.47,1179.815,0.345,silence,0.6152
1179.89,1180.035,0.145,other,0.4105
1180.19,1180.195,0.005,click,0.8592
1180.27,1180.275,0.005,click,0.8742
1180.37,1180.415,0.045,vocal,0.4681
1180.51,1180.515,0.005,click,0.8926
1180.645,1180.65,0.005,click,0.8778
1180.725,1180.73,0.005,click,0.8495
1180.785,1180.93,0.145,other,0.5807
1181.105,1181.23,0.125,other,0.4651
1181.305,1181.31,0.005,click,0.8792
1181.385,1181.41,0.025,water,0.8343
1181.465,1181.49,0.025,water,0.7559
1181.585,1181.59,0.005,click,0.9241
1181.645,1181.87,0.225,other,0.627
1181.925,1181.93,0.005,click,0.8905
1182.005,1182.01,0.005,click,0.8855
1182.065,1182.07,0.005,click,0.9028
1182.13,1182.135,0.005,click,0.7397
1182.205,1182.33,0.125,other,0.4178
1182.385,1182.57,0.185,silence,0.3924
1182.625,1183.125,0.5,silence,0.7946
1183.125,1183.625,0.5,silence,0.5139
1183.625,1184.125,0.5,other,0.4492
1184.125,1184.625,0.5,silence,0.5282
1184.625,1185.125,0.5,silence,0.7389
1185.125,1185.625,0.5,silence,0.561
1185.625,1186.09,0.465,other,0.8668
1186.145,1186.645,0.5,silence,0.7501
1186.645,1187.145,0.5,other,0.6078
1187.145,1187.645,0.5,silence,0.6686
1187.645,1188.145,0.5,silence,0.5851
1188.145,1188.645,0.5,other,0.681
1188.645,1189.145,0.5,silence,0.6266
1189.145,1189.645,0.5,silence,0.6702
1189.645,1189.73,0.085,vocal,0.7144
1189.785,1190.285,0.5,silence,0.6895
1190.285,1190.35,0.065,vocal,0.7446
1190.405,1190.69,0.285,silence,0.5932
1190.745,1190.79,0.045,water,0.3341
1190.845,1190.87,0.025,water,0.6695
1190.985,1191.03,0.045,water,0.411
1191.245,1191.25,0.005,click,0.8748
1191.545,1191.585,0.04,water,0.5839
1191.68,1191.765,0.085,vocal,0.6767
1191.86,1191.945,0.085,vocal,0.782
1192.0,1192.125,0.125,other,0.5321
1192.18,1192.305,0.125,vocal,0.4645
1192.36,1192.39,0.03,water,0.8337
1192.44,1192.665,0.225,other,0.6081
1192.72,1192.725,0.005,click,0.8886
1192.78,1192.825,0.045,water,0.6742
1192.88,1193.38,0.5,silence,0.6705
1193.38,1193.88,0.5,silence,0.5027
1193.88,1194.38,0.5,silence,0.5888
1194.38,1194.745,0.365,other,0.6892
1194.8,1195.025,0.225,other,0.8067
1195.08,1195.445,0.365,other,0.5966
1195.5,1195.845,0.345,other,0.5905
1195.9,1196.4,0.5,silence,0.5238
1196.4,1196.785,0.385,other,0.6504
1196.84,1196.845,0.005,click,0.8977
1196.9,1197.005,0.105,vocal,0.5676
1197.06,1197.065,0.005,click,0.8441
1197.16,1197.225,0.065,vocal,0.8178
1197.3,1197.325,0.025,vocal,0.4969
1197.44,1197.445,0.005,click,0.8542
1198.255,1198.26,0.005,click,0.8879
1198.315,1198.32,0.005,click,0.8863
1198.375,1198.38,0.005,click,0.8896
1198.435,1198.52,0.085,vocal,0.5128
1198.595,1198.64,0.045,vocal,0.4796
1198.695,1198.7,0.005,click,0.8892
1198.755,1199.04,0.285,silence,0.5378
1199.135,1199.635,0.5,silence,0.6991
1199.635,1199.88,0.245,other,0.504
1199.93,1200.43,0.5,other,0.575
1200.43,1200.44,0.01,click,0.6603
1200.495,1200.995,0.5,silence,0.8306
1200.995,1201.495,0.5,other,0.5716
1201.495,1201.74,0.245,other,0.5872
1201.855,1201.86,0.005,click,0.8671
1202.075,1202.08,0.005,click,0.9139
1202.395,1202.4,0.005,click,0.8405
1202.555,1202.595,0.04,vocal,0.466
1202.87,1202.875,0.005,click,0.8627
1202.93,1203.175,0.245,other,0.4846
1203.23,1203.235,0.005,click,0.9124
1203.33,1203.335,0.005,click,0.897
1203.39,1203.89,0.5,silence,0.5763
1203.89,1204.215,0.325,other,0.6964
1204.29,1204.435,0.145,vocal,0.4661
1204.53,1204.575,0.045,water,0.6162
1204.63,1204.72,0.09,vocal,0.6609
1204.79,1205.29,0.5,silence,0.6164
1205.29,1205.595,0.305,other,0.5474
1205.65,1205.795,0.145,other,0.5119
1205.85,1206.015,0.165,other,0.4526
1206.11,1206.155,0.045,water,0.5298
1206.21,1206.215,0.005,click,0.8717
1206.405,1206.41,0.005,click,0.9009
1206.55,1206.555,0.005,click,0.913
1206.925,1206.93,0.005,click,0.8713
1207.045,1207.05,0.005,click,0.8061
1207.105,1207.11,0.005,click,0.8777
1207.205,1207.31,0.105,vocal,0.5707
1207.365,1207.865,0.5,other,0.6642
1207.865,1207.89,0.025,water,0.7292
1207.945,1208.33,0.385,silence,0.5085
1208.385,1208.45,0.065,vocal,0.8147
1208.545,1208.55,0.005,click,0.8704
1208.825,1208.83,0.005,click,0.9
1208.905,1208.91,0.005,click,0.8973
1208.985,1209.01,0.025,water,0.6432
1209.125,1209.15,0.025,water,0.755
1209.265,1209.27,0.005,click,0.8888
1209.325,1209.33,0.005,click,0.91
1209.385,1209.59,0.205,other,0.6746
1209.665,1209.67,0.005,click,0.88
1209.745,1209.75,0.005,click,0.8865
1209.805,1209.83,0.025,water,0.4812
1209.985,1209.99,0.005,click,0.8796
1210.065,1210.09,0.025,water,0.7129
1210.465,1210.47,0.005,click,0.8468
1210.74,1210.745,0.005,click,0.8789
1211.405,1211.41,0.005,click,0.8057
1211.6,1211.645,0.045,water,0.5422
1211.72,1211.865,0.145,other,0.4137
1211.92,1211.925,0.005,click,0.9303
1212.0,1212.025,0.025,water,0.6588
1212.1,1212.225,0.125,other,0.4702
1212.32,1212.325,0.005,click,0.8832
1212.42,1212.445,0.025,water,0.6968
1212.56,1212.565,0.005,click,0.9134
1212.66,1212.665,0.005,click,0.8955
1212.76,1212.825,0.065,vocal,0.7142
1212.92,1212.965,0.045,water,0.7466
1213.14,1213.185,0.045,water,0.753
1213.24,1213.265,0.025,water,0.7499
1213.34,1213.425,0.085,vocal,0.6598
1213.54,1213.725,0.185,other,0.4695
1213.8,1213.845,0.045,water,0.4851
1213.92,1214.205,0.285,other,0.5858
1214.26,1214.325,0.065,vocal,0.6985
1214.48,1214.485,0.005,click,0.8845
1214.54,1214.545,0.005,click,0.905
1214.6,1214.605,0.005,click,0.8897
1214.66,1214.785,0.125,vocal,0.3826
1215.655,1215.66,0.005,click,0.9078
1215.975,1216.04,0.065,vocal,0.8935
1216.095,1216.1,0.005,click,0.8905
1216.195,1216.26,0.065,vocal,0.5854
1216.375,1216.5,0.125,vocal,0.5121
1216.655,1216.86,0.205,other,0.7088
1216.955,1217.16,0.205,silence,0.4006
1217.235,1217.28,0.045,water,0.4925
1217.335,1217.34,0.005,click,0.894
1217.455,1217.5,0.045,water,0.558
1217.635,1217.76,0.125,vocal,0.3887
1217.835,1218.02,0.185,other,0.4103
1218.115,1218.12,0.005,click,0.9081
1218.175,1218.28,0.105,vocal,0.6046
1218.335,1218.44,0.105,vocal,0.6126
1218.555,1218.74,0.185,other,0.3843
1218.795,1218.88,0.085,vocal,0.6878
1218.935,1218.96,0.025,water,0.6996
1219.015,1219.32,0.305,other,0.6449
1219.535,1219.54,0.005,click,0.8444
1219.695,1219.7,0.005,click,0.846
1219.855,1219.9,0.045,water,0.5233
1219.955,1219.96,0.005,click,0.9089
1220.075,1220.16,0.085,vocal,0.6464
1220.275,1220.34,0.065,vocal,0.7021
1220.435,1220.44,0.005,click,0.8678
1220.605,1220.72,0.115,vocal,0.3833
1220.875,1220.94,0.065,vocal,0.6674
1221.135,1221.18,0.045,water,0.6453
1221.295,1221.3,0.005,click,0.7838
1221.655,1221.66,0.005,click,0.8678
1221.79,1221.795,0.005,click,0.8889
1222.17,1222.175,0.005,click,0.907
1222.41,1222.415,0.005,click,0.8781
1222.53,1222.535,0.005,click,0.8827
1222.75,1222.755,0.005,click,0.912
1223.15,1223.155,0.005,click,0.9239
1223.25,1223.255,0.005,click,0.8567
1223.39,1223.395,0.005,click,0.8981
1223.455,1223.465,0.01,water,0.764
1223.53,1223.575,0.045,water,0.4544
1223.77,1223.775,0.005,click,0.8818
1223.875,1223.885,0.01,click,0.6073
1223.93,1223.955,0.025,water,0.6945
1224.03,1224.035,0.005,click,0.8795
1224.23,1224.235,0.005,click,0.9108
1224.35,1224.395,0.045,water,0.6653
1224.79,1224.795,0.005,click,0.8597
1224.87,1224.875,0.005,click,0.887
1225.21,1225.255,0.045,water,0.4579
1225.33,1225.355,0.025,water,0.5915
1225.51,1225.515,0.005,click,0.8936
1226.35,1226.355,0.005,click,0.9035
1226.675,1226.68,0.005,click,0.8941
1227.175,1227.26,0.085,vocal,0.6833
1227.475,1227.48,0.005,click,0.8977
1227.575,1227.58,0.005,click,0.8963
1227.655,1227.66,0.005,click,0.91
1227.715,1227.76,0.045,water,0.3897
1227.915,1227.92,0.005,click,0.8949
1227.975,1228.0,0.025,water,0.7124
1228.155,1228.16,0.005,click,0.8934
1228.335,1228.34,0.005,click,0.8795
1228.41,1228.415,0.005,click,0.7943
1228.515,1228.52,0.005,click,0.9056
1228.575,1228.58,0.005,click,0.8722
1228.675,1228.68,0.005,click,0.8973
1228.775,1228.82,0.045,water,0.5835
1228.955,1228.96,0.005,click,0.9002
1229.035,1229.04,0.005,click,0.9346
1229.155,1229.28,0.125,other,0.5683
1229.335,1229.52,0.185,other,0.5506
1229.575,1229.58,0.005,click,0.8769
1229.635,1229.88,0.245,other,0.6515
1229.935,1230.02,0.085,vocal,0.7002
1230.075,1230.08,0.005,click,0.926
1230.215,1230.6,0.385,silence,0.6186
1230.655,1230.76,0.105,vocal,0.5648
1230.815,1230.84,0.025,water,0.6017
1230.915,1230.92,0.005,click,0.912
1231.015,1231.12,0.105,vocal,0.447
1231.215,1231.24,0.025,water,0.8103
1231.295,1231.3,0.005,click,0.8888
1231.415,1231.46,0.045,water,0.5472
1231.595,1231.6,0.005,click,0.8845
1231.715,1231.76,0.045,water,0.555
1231.84,1231.845,0.005,click,0.8661
1232.04,1232.045,0.005,click,0.9289
1232.18,1232.185,0.005,click,0.9065
1232.28,1232.285,0.005,click,0.8744
1232.36,1232.385,0.025,water,0.7292
1232.44,1232.445,0.005,click,0.8907
1232.52,1232.525,0.005,click,0.8726
1232.66,1233.045,0.385,silence,0.5194
1233.1,1233.145,0.045,water,0.4076
1233.28,1233.285,0.005,click,0.9049
1233.36,1233.425,0.065,vocal,0.5422
1233.48,1233.565,0.085,vocal,0.7744
1233.68,1233.785,0.105,vocal,0.6346
1233.86,1234.245,0.385,silence,0.4935
1234.32,1234.345,0.025,water,0.8608
1234.46,1234.725,0.265,silence,0.5208
1234.78,1234.845,0.065,vocal,0.7208
1234.9,1234.905,0.005,click,0.8208
1234.96,1234.965,0.005,click,0.9017
1235.09,1235.095,0.005,click,0.7603
1235.22,1235.225,0.005,click,0.8082
1235.52,1235.525,0.005,click,0.8488
1235.925,1235.93,0.005,click,0.8885
1236.125,1236.13,0.005,click,0.889
1236.225,1236.37,0.145,other,0.3787
1236.445,1236.45,0.005,click,0.8823
1236.505,1236.53,0.025,water,0.7263
1236.605,1236.73,0.125,vocal,0.5556
1236.785,1236.83,0.045,water,0.5718
1236.885,1236.97,0.085,vocal,0.7009
1237.045,1237.21,0.165,other,0.5058
1237.325,1237.33,0.005,click,0.8541
1237.425,1237.49,0.065,vocal,0.7725
1237.565,1237.63,0.065,vocal,0.7237
1237.725,1237.73,0.005,click,0.9023
1237.825,1237.95,0.125,other,0.482
1238.005,1238.11,0.105,vocal,0.5848
1238.165,1238.17,0.005,click,0.8723
1238.245,1238.25,0.005,click,0.9208
1238.345,1238.41,0.065,vocal,0.5569
1238.525,1238.53,0.005,click,0.9042
1238.585,1238.63,0.045,vocal,0.4617
1238.705,1238.71,0.005,click,0.886
1238.765,1238.83,0.065,vocal,0.738
1238.985,1238.99,0.005,click,0.8735
1239.345,1239.39,0.045,water,0.3741
1240.03,1240.035,0.005,click,0.8724
1240.11,1240.175,0.065,vocal,0.491
1240.23,1240.315,0.085,vocal,0.7552
1240.47,1240.495,0.025,water,0.8143
1240.55,1240.575,0.025,water,0.7079
1240.63,1240.655,0.025,water,0.5811
1240.73,1240.735,0.005,click,0.8749
1240.79,1240.795,0.005,click,0.87
1240.85,1241.195,0.345,silence,0.4524
1241.33,1241.495,0.165,silence,0.3659
1241.61,1241.655,0.045,water,0.5096
1241.73,1241.735,0.005,click,0.873
1241.87,1241.975,0.105,vocal,0.5125
1242.05,1242.055,0.005,click,0.9052
1242.15,1242.155,0.005,click,0.8629
1242.23,1242.295,0.065,vocal,0.636
1242.35,1242.395,0.045,water,0.4523
1242.47,1242.535,0.065,vocal,0.7599
1242.59,1242.715,0.125,other,0.414
1242.77,1242.775,0.005,click,0.8941
1242.93,1243.035,0.105,other,0.4862
1243.09,1243.115,0.025,water,0.6961
1243.23,1243.315,0.085,vocal,0.7114
1243.39,1243.535,0.145,other,0.4557
1243.61,1243.795,0.185,other,0.4949
1243.85,1243.855,0.005,click,0.8737
1243.95,1244.035,0.085,vocal,0.7542
1244.09,1244.095,0.005,click,0.8838
1244.17,1244.195,0.025,water,0.691
1244.25,1244.255,0.005,click,0.8345
1244.45,1244.455,0.005,click,0.8716
1244.59,1244.595,0.005,click,0.8906
1244.65,1244.655,0.005,click,0.8439
1244.77,1244.775,0.005,click,0.9083
1245.09,1245.095,0.005,click,0.8837
1246.755,1246.76,0.005,click,0.8804
1246.975,1246.98,0.005,click,0.8915
1247.275,1247.28,0.005,click,0.9068
1247.335,1247.36,0.025,water,0.7193
1247.455,1247.54,0.085,vocal,0.6798
1247.615,1247.68,0.065,vocal,0.4734
1247.735,1247.78,0.045,water,0.5509
1247.895,1247.9,0.005,click,0.8903
1247.975,1247.98,0.005,click,0.8836
1248.115,1248.12,0.005,click,0.8287
1248.195,1248.2,0.005,click,0.8834
1248.275,1248.34,0.065,vocal,0.7127
1248.415,1248.46,0.045,water,0.6196
1248.535,1248.6,0.065,vocal,0.6397
1248.835,1248.84,0.005,click,0.8961
1248.915,1248.92,0.005,click,0.8437
1248.975,1248.98,0.005,click,0.8462
1249.055,1249.32,0.265,other,0.6583
1249.375,1249.42,0.045,vocal,0.4615
1249.515,1249.52,0.005,click,0.898
1249.615,1249.62,0.005,click,0.9017
1249.735,1249.8,0.065,vocal,0.6577
1249.855,1249.88,0.025,water,0.6525
1249.975,1250.08,0.105,vocal,0.562
1250.175,1250.24,0.065,vocal,0.7384
1250.395,1250.48,0.085,vocal,0.6818
1250.535,1250.54,0.005,click,0.8903
1250.655,1250.66,0.005,click,0.8937
1250.775,1250.8,0.025,water,0.7363
1250.915,1250.94,0.025,water,0.7438
1251.055,1251.12,0.065,vocal,0.6709
1251.175,1251.28,0.105,vocal,0.4474
1251.375,1251.38,0.005,click,0.811
1251.455,1251.52,0.065,vocal,0.561
1251.595,1251.6,0.005,click,0.8603
1251.675,1251.7,0.025,water,0.8429
1251.775,1251.8,0.025,water,0.6028
1251.935,1251.94,0.005,click,0.8734
1252.035,1252.1,0.065,vocal,0.8581
1252.155,1252.18,0.025,water,0.6727
1252.235,1252.24,0.005,click,0.884
1252.375,1252.44,0.065,vocal,0.734
1252.575,1252.62,0.045,vocal,0.4887
1252.775,1252.84,0.065,vocal,0.7064
1253.155,1253.24,0.085,vocal,0.6601
1253.355,1253.4,0.045,water,0.6226
1253.475,1253.48,0.005,click,0.8976
1253.755,1253.76,0.005,click,0.9052
1253.815,1253.82,0.005,click,0.8984
1253.955,1253.96,0.005,click,0.8644
1254.055,1254.06,0.005,click,0.915
1254.175,1254.22,0.045,water,0.6416
1254.275,1254.32,0.045,water,0.5517
1254.495,1254.52,0.025,water,0.7683
1254.635,1254.68,0.045,water,0.5606
1254.755,1254.76,0.005,click,0.8562
1254.895,1254.9,0.005,click,0.8909
1254.995,1255.0,0.005,click,0.8711
1255.135,1255.14,0.005,click,0.8751
1255.33,1255.335,0.005,click,0.8885
1255.51,1255.515,0.005,click,0.9174
1255.91,1255.955,0.045,vocal,0.576
1256.07,1256.075,0.005,click,0.8887
1256.35,1256.395,0.045,water,0.397
1256.53,1256.535,0.005,click,0.8647
1256.69,1256.735,0.045,water,0.6889
1256.85,1256.855,0.005,click,0.8752
1256.91,1257.41,0.5,silence,0.4922
1257.41,1257.675,0.265,other,0.5543
1257.79,1257.855,0.065,vocal,0.5328
1257.95,1258.115,0.165,other,0.5506
1258.17,1258.375,0.205,other,0.7689
1258.43,1258.93,0.5,other,0.6515
1258.93,1259.115,0.185,other,0.4511
1259.17,1259.67,0.5,silence,0.4993
1259.67,1259.995,0.325,other,0.5416
1260.05,1260.235,0.185,silence,0.3899
1260.29,1260.355,0.065,vocal,0.6099
1260.41,1260.91,0.5,silence,0.617
1260.91,1260.935,0.025,water,0.5452
1260.99,1261.455,0.465,other,0.5015
1261.57,1261.575,0.005,click,0.8841
1261.83,1261.835,0.005,click,0.8156
1262.145,1262.255,0.11,vocal,0.5399
1262.31,1262.315,0.005,click,0.7776
1262.365,1262.39,0.025,water,0.8442
1262.485,1262.49,0.005,click,0.8898
1262.625,1262.63,0.005,click,0.8849
1262.685,1262.89,0.205,other,0.5016
1262.945,1263.445,0.5,silence,0.6907
1263.445,1263.945,0.5,silence,0.6214
1263.945,1264.09,0.145,other,0.5461
1264.145,1264.15,0.005,click,0.9029
1264.205,1264.29,0.085,vocal,0.7119
1264.345,1264.49,0.145,vocal,0.4106
1264.545,1264.55,0.005,click,0.8517
1264.645,1264.65,0.005,click,0.8754
1264.825,1264.85,0.025,water,0.7642
1264.905,1264.93,0.025,water,0.8513
1265.065,1265.07,0.005,click,0.8744
1265.165,1265.17,0.005,click,0.8664
1265.225,1265.43,0.205,other,0.5982
1265.485,1265.51,0.025,water,0.7049
1265.625,1265.65,0.025,water,0.5825
1265.705,1265.71,0.005,click,0.8247
1266.48,1266.485,0.005,click,0.886
1266.72,1266.725,0.005,click,0.8675
1266.92,1266.945,0.025,water,0.8335
1267.02,1267.085,0.065,vocal,0.7515
1267.14,1267.185,0.045,water,0.432
1267.26,1267.265,0.005,click,0.8925
1267.38,1267.725,0.345,other,0.5409
1267.8,1267.825,0.025,water,0.6903
1267.9,1267.905,0.005,click,0.8884
1267.96,1267.965,0.005,click,0.8491
1268.12,1268.145,0.025,water,0.6852
1268.22,1268.305,0.085,vocal,0.6233
1268.4,1268.405,0.005,click,0.8747
1268.48,1268.485,0.005,click,0.8833
1268.62,1268.685,0.065,vocal,0.7793
1268.76,1268.765,0.005,click,0.8924
1268.88,1268.885,0.005,click,0.8925
1268.94,1268.945,0.005,click,0.8988
1269.04,1269.065,0.025,water,0.654
1269.12,1269.165,0.045,vocal,0.5254
1269.28,1269.285,0.005,click,0.8732
1269.46,1269.465,0.005,click,0.9324
1269.63,1269.635,0.005,click,0.7563
1269.875,1269.88,0.005,click,0.8825
1270.275,1270.32,0.045,water,0.5505
1270.475,1270.48,0.005,click,0.8863
1270.675,1270.68,0.005,click,0.8713
1270.755,1270.76,0.005,click,0.8663
1270.895,1270.92,0.025,water,0.6383
1270.975,1270.98,0.005,click,0.8504
1271.075,1271.12,0.045,water,0.5647
1271.235,1271.32,0.085,vocal,0.6774
1271.395,1271.4,0.005,click,0.8818
1271.575,1271.82,0.245,other,0.5271
1271.875,1271.88,0.005,click,0.8567
1272.035,1272.08,0.045,water,0.5228
1272.175,1272.32,0.145,other,0.4373
1272.375,1272.4,0.025,water,0.8482
1272.555,1272.56,0.005,click,0.9282
1272.755,1272.76,0.005,click,0.8738
1272.935,1272.96,0.025,water,0.6853
1274.43,1274.435,0.005,click,0.9074
1274.57,1274.575,0.005,click,0.9218
1274.63,1274.635,0.005,click,0.8721
1274.69,1274.735,0.045,vocal,0.4791
1274.79,1274.795,0.005,click,0.8894
1274.85,1274.855,0.005,click,0.7922
1274.99,1275.015,0.025,water,0.6062
1275.31,1275.315,0.005,click,0.8676
1275.43,1275.435,0.005,click,0.8861
1275.49,1275.495,0.005,click,0.8723
1275.59,1275.595,0.005,click,0.9048
1275.71,1275.735,0.025,water,0.8594
1275.83,1275.835,0.005,click,0.9046
1275.91,1275.955,0.045,water,0.5699
1276.11,1276.175,0.065,vocal,0.6706
1276.25,1276.255,0.005,click,0.884
1276.37,1276.375,0.005,click,0.9067
1276.49,1276.515,0.025,water,0.7576
1276.61,1276.615,0.005,click,0.8443
1276.69,1276.695,0.005,click,0.8948
1276.77,1276.775,0.005,click,0.8689
1276.89,1276.895,0.005,click,0.8894
1277.825,1277.83,0.005,click,0.9143
1277.905,1277.91,0.005,click,0.883
1277.985,1277.99,0.005,click,0.8793
1278.085,1278.09,0.005,click,0.9003
1278.165,1278.17,0.005,click,0.9115
1278.225,1278.23,0.005,click,0.9102
1278.385,1278.39,0.005,click,0.9033
1278.445,1278.49,0.045,water,0.5759
1278.545,1278.77,0.225,other,0.6716
1278.905,1278.97,0.065,vocal,0.7088
1279.085,1279.09,0.005,click,0.8911
1279.165,1279.21,0.045,water,0.4871
1279.345,1279.35,0.005,click,0.8878
1279.465,1279.47,0.005,click,0.8899
1279.585,1279.67,0.085,vocal,0.757
1279.725,1279.77,0.045,water,0.6226
1280.145,1280.15,0.005,click,0.874
1280.305,1280.31,0.005,click,0.9047
1280.405,1280.41,0.005,click,0.8854
1280.545,1280.55,0.005,click,0.8893
1281.5,1281.535,0.035,water,0.3265
1281.74,1281.745,0.005,click,0.878
1282.2,1282.205,0.005,click,0.861
1282.26,1282.265,0.005,click,0.8368
1282.38,1282.385,0.005,click,0.8712
1282.54,1282.545,0.005,click,0.8653
1282.6,1282.685,0.085,vocal,0.6573
1283.08,1283.085,0.005,click,0.8928
1283.16,1283.205,0.045,water,0.5885
1283.26,1283.265,0.005,click,0.8334
1283.34,1283.445,0.105,vocal,0.5139
1283.54,1283.565,0.025,water,0.7796
1283.7,1283.745,0.045,water,0.5299
1283.9,1283.905,0.005,click,0.8654
1284.12,1284.125,0.005,click,0.9065
1284.3,1284.305,0.005,click,0.9178
1284.54,1284.545,0.005,click,0.8792
1284.96,1284.965,0.005,click,0.8779
1285.02,1285.025,0.005,click,0.8156
1285.08,1285.145,0.065,vocal,0.7924
1285.46,1285.465,0.005,click,0.8793
1285.68,1285.685,0.005,click,0.8771
1286.055,1286.1,0.045,water,0.5677
1286.235,1286.24,0.005,click,0.8936
1286.995,1287.0,0.005,click,0.8715
1287.215,1287.24,0.025,water,0.7147
1287.375,1287.38,0.005,click,0.9258
1287.455,1287.5,0.045,water,0.7615
1287.615,1287.62,0.005,click,0.8965
1287.735,1287.76,0.025,water,0.7203
1287.835,1287.88,0.045,water,0.5232
1287.935,1287.94,0.005,click,0.8877
1287.995,1288.0,0.005,click,0.8764
1288.055,1288.12,0.065,vocal,0.65
1288.275,1288.28,0.005,click,0.9115
1288.435,1288.44,0.005,click,0.8278
1288.495,1288.5,0.005,click,0.8925
1288.935,1288.96,0.025,water,0.7217
1289.055,1289.06,0.005,click,0.9032
1289.175,1289.18,0.005,click,0.8959
1289.375,1289.38,0.005,click,0.9076
1289.635,1289.64,0.005,click,0.8527
1289.895,1289.9,0.005,click,0.9018
1289.975,1289.98,0.005,click,0.896
1290.035,1290.04,0.005,click,0.8711
1290.175,1290.18,0.005,click,0.9043
1290.235,1290.26,0.025,water,0.9193
1290.495,1290.5,0.005,click,0.8561
1290.595,1290.6,0.005,click,0.8821
1290.775,1290.78,0.005,click,0.8911
1290.875,1290.9,0.025,water,0.7826
1291.035,1291.04,0.005,click,0.8904
1291.115,1291.12,0.005,click,0.9083
1291.195,1291.2,0.005,click,0.8667
1291.255,1291.26,0.005,click,0.9217
1291.435,1291.46,0.025,water,0.8566
1291.515,1291.52,0.005,click,0.8753
1291.695,1291.7,0.005,click,0.88
1292.075,1292.08,0.005,click,0.8505
1292.295,1292.3,0.005,click,0.8729
1292.715,1292.72,0.005,click,0.9441
1292.895,1292.9,0.005,click,0.8394
1293.075,1293.08,0.005,click,0.9059
1293.215,1293.22,0.005,click,0.8987
1293.275,1293.28,0.005,click,0.897
1293.355,1293.42,0.065,vocal,0.765
1293.535,1293.6,0.065,vocal,0.6739
1293.835,1293.84,0.005,click,0.8705
1294.155,1294.16,0.005,click,0.8459
1294.275,1294.28,0.005,click,0.8683
1294.375,1294.38,0.005,click,0.8705
1294.515,1294.54,0.025,water,0.7181
1295.095,1295.1,0.005,click,0.861
1295.235,1295.24,0.005,click,0.8865
1295.375,1295.4,0.025,water,0.7612
1295.475,1295.48,0.005,click,0.9125
1295.555,1295.56,0.005,click,0.8689
1295.695,1295.74,0.045,water,0.6714
1296.655,1296.66,0.005,click,0.8623
1296.79,1296.795,0.005,click,0.9136
1296.955,1296.96,0.005,click,0.8829
1297.155,1297.16,0.005,click,0.898
1297.295,1297.3,0.005,click,0.8703
1298.615,1298.62,0.005,click,0.9176
1298.85,1298.855,0.005,click,0.8348
1299.29,1299.295,0.005,click,0.9343
1299.75,1299.755,0.005,click,0.8486
1299.83,1299.835,0.005,click,0.8894
1300.13,1300.135,0.005,click,0.8631
1300.43,1300.475,0.045,water,0.5465
1300.59,1300.595,0.005,click,0.9098
1300.77,1300.775,0.005,click,0.9178
1300.93,1300.935,0.005,click,0.8978
1301.06,1301.065,0.005,click,0.7161
1301.13,1301.135,0.005,click,0.9028
1301.23,1301.235,0.005,click,0.8945
1301.37,1301.475,0.105,vocal,0.6226
1301.73,1301.775,0.045,water,0.576
1301.83,1301.835,0.005,click,0.9066
1301.97,1302.015,0.045,water,0.7876
1302.19,1302.195,0.005,click,0.8596
1302.27,1302.275,0.005,click,0.8743
1302.57,1302.575,0.005,click,0.8853
1302.67,1302.675,0.005,click,0.8686
1302.75,1302.755,0.005,click,0.898
1302.83,1302.895,0.065,vocal,0.5841
1303.16,1303.175,0.015,water,0.9508
1303.25,1303.255,0.005,click,0.865
1303.37,1303.415,0.045,water,0.4867
1303.53,1303.535,0.005,click,0.8165
1303.65,1303.675,0.025,water,0.7766
1303.91,1303.915,0.005,click,0.8856
1304.09,1304.095,0.005,click,0.8886
1304.31,1304.315,0.005,click,0.9264
1304.41,1304.415,0.005,click,0.8788
1304.735,1304.74,0.005,click,0.7679
1304.89,1304.935,0.045,water,0.5669
1305.05,1305.075,0.025,water,0.7114
1305.25,1305.295,0.045,water,0.6689
1305.37,1305.375,0.005,click,0.9049
1305.43,1305.435,0.005,click,0.8814
1305.55,1305.555,0.005,click,0.9022
1305.65,1305.655,0.005,click,0.9335
1305.75,1305.755,0.005,click,0.8874
1305.91,1305.915,0.005,click,0.8648
1305.97,1305.975,0.005,click,0.8871
1306.19,1306.195,0.005,click,0.8947
1306.25,1306.255,0.005,click,0.9134
1306.31,1306.315,0.005,click,0.8754
1306.37,1306.375,0.005,click,0.8394
1306.67,1306.675,0.005,click,0.8709
1307.845,1307.85,0.005,click,0.8555
1308.045,1308.05,0.005,click,0.8798
1308.265,1308.33,0.065,water,0.5313
1308.385,1308.39,0.005,click,0.8762
1308.565,1308.59,0.025,water,0.7126
1308.885,1308.89,0.005,click,0.885
1308.945,1308.95,0.005,click,0.8929
1309.005,1309.01,0.005,click,0.8653
1309.145,1309.19,0.045,vocal,0.6092
1309.645,1309.65,0.005,click,0.8477
1309.845,1309.87,0.025,water,0.7984
1310.125,1310.13,0.005,click,0.8551
1310.245,1310.25,0.005,click,0.8621
1310.355,1310.36,0.005,click,0.7765
1310.505,1310.51,0.005,click,0.8732
1310.565,1310.57,0.005,click,0.9356
1311.9,1311.905,0.005,click,0.8814
1312.04,1312.045,0.005,click,0.8781
1312.12,1312.125,0.005,click,0.9158
1312.34,1312.365,0.025,water,0.5415
1312.42,1312.425,0.005,click,0.8841
1312.48,1312.485,0.005,click,0.8619
1312.58,1312.625,0.045,water,0.5131
1312.68,1312.705,0.025,water,0.7123
1312.84,1312.905,0.065,vocal,0.7514
1313.04,1313.045,0.005,click,0.8285
1313.32,1313.345,0.025,water,0.7459
1313.44,1313.445,0.005,click,0.8212
1313.52,1313.525,0.005,click,0.9159
1313.9,1313.945,0.045,water,0.7411
1314.14,1314.145,0.005,click,0.8898
1314.2,1314.205,0.005,click,0.8473
1314.86,1314.965,0.105,vocal,0.5843
1315.12,1315.125,0.005,click,0.8339
1315.32,1315.36,0.04,water,0.4851
1316.175,1316.18,0.005,click,0.8753
1316.335,1316.38,0.045,vocal,0.4399
1316.575,1316.58,0.005,click,0.9022
1316.695,1316.84,0.145,other,0.6105
1316.935,1317.04,0.105,vocal,0.5414
1317.235,1317.24,0.005,click,0.8848
1317.315,1317.34,0.025,water,0.4206
1317.755,1317.76,0.005,click,0.881
1318.235,1318.28,0.045,water,0.5434
1318.455,1318.5,0.045,water,0.6114
1318.555,1318.62,0.065,vocal,0.7904
1319.015,1319.02,0.005,click,0.8815
1319.135,1319.14,0.005,click,0.8672
1319.69,1319.695,0.005,click,0.853
1320.25,1320.255,0.005,click,0.8672
1320.31,1320.315,0.005,click,0.8762
1320.465,1320.47,0.005,click,0.7538
1320.59,1320.595,0.005,click,0.8708
1320.67,1320.715,0.045,vocal,0.4411
1320.79,1320.835,0.045,water,0.4236
1321.09,1321.095,0.005,click,0.8316
1321.25,1321.275,0.025,water,0.6391
1321.34,1321.435,0.095,vocal,0.4075
1321.51,1321.515,0.005,click,0.8782
1321.57,1321.575,0.005,click,0.8546
1321.69,1321.695,0.005,click,0.8823
1321.89,1321.895,0.005,click,0.8491
1322.11,1322.155,0.045,water,0.559
1322.33,1322.335,0.005,click,0.8776
1322.41,1322.415,0.005,click,0.8812
1322.49,1322.495,0.005,click,0.8431
1322.89,1322.895,0.005,click,0.8822
1323.01,1323.015,0.005,click,0.854
1323.11,1323.135,0.025,water,0.8099
1323.21,1323.235,0.025,water,0.6991
1323.31,1323.315,0.005,click,0.8277
1323.39,1323.395,0.005,click,0.8604
1323.59,1323.595,0.005,click,0.8389
1325.105,1325.11,0.005,click,0.892
1325.245,1325.25,0.005,click,0.8765
1325.385,1325.43,0.045,water,0.3618
1325.485,1325.49,0.005,click,0.8896
1325.665,1325.67,0.005,click,0.888
1325.805,1325.81,0.005,click,0.8798
1325.985,1325.99,0.005,click,0.893
1326.045,1326.13,0.085,vocal,0.6977
1326.185,1326.19,0.005,click,0.8392
1326.245,1326.25,0.005,click,0.8775
1326.305,1326.31,0.005,click,0.8858
1326.505,1326.59,0.085,vocal,0.7214
1326.645,1326.65,0.005,click,0.8872
1326.725,1326.73,0.005,click,0.8923
1326.785,1326.83,0.045,vocal,0.5164
1326.885,1326.93,0.045,water,0.561
1327.045,1327.05,0.005,click,0.9072
1327.205,1327.29,0.085,vocal,0.8165
1327.425,1327.43,0.005,click,0.8846
1327.565,1327.61,0.045,vocal,0.5164
1327.705,1327.71,0.005,click,0.904
1327.905,1327.91,0.005,click,0.8555
1328.065,1328.07,0.005,click,0.8296
1328.125,1328.13,0.005,click,0.8764
1328.265,1328.27,0.005,click,0.8835
1328.425,1328.43,0.005,click,0.9226
1328.625,1328.63,0.005,click,0.8062
1328.705,1328.71,0.005,click,0.87
1328.765,1328.77,0.005,click,0.8637
1328.885,1328.89,0.005,click,0.9316
1329.105,1329.11,0.005,click,0.8907
1329.265,1329.27,0.005,click,0.8747
1329.685,1329.69,0.005,click,0.8621
1329.745,1329.75,0.005,click,0.8945
1329.825,1329.83,0.005,click,0.8879
1330.025,1330.03,0.005,click,0.896
1330.165,1330.17,0.005,click,0.8692
1330.325,1330.33,0.005,click,0.8773
1330.425,1330.45,0.025,water,0.6979
1330.565,1330.59,0.025,water,0.5991
1330.86,1330.865,0.005,click,0.8821
1331.045,1331.05,0.005,click,0.8778
1331.145,1331.15,0.005,click,0.8423
1331.245,1331.25,0.005,click,0.9068
1331.305,1331.31,0.005,click,0.9132
1332.94,1332.945,0.005,click,0.9242
1334.4,1334.405,0.005,click,0.8925
1334.64,1334.645,0.005,click,0.8834
1334.76,1334.825,0.065,vocal,0.8413
1334.96,1334.965,0.005,click,0.8662
1335.04,1335.045,0.005,click,0.887
1335.2,1335.205,0.005,click,0.8873
1335.32,1335.325,0.005,click,0.9171
1335.44,1335.445,0.005,click,0.8757
1335.54,1335.545,0.005,click,0.9094
1335.62,1335.625,0.005,click,0.868
1335.68,1335.705,0.025,water,0.7302
1335.92,1335.945,0.025,water,0.7473
1336.04,1336.045,0.005,click,0.8824
1336.12,1336.285,0.165,other,0.4353
1336.38,1336.385,0.005,click,0.8727
1336.48,1336.525,0.045,vocal,0.4627
1336.66,1336.685,0.025,water,0.6404
1336.74,1336.745,0.005,click,0.9069
1336.84,1336.845,0.005,click,0.8815
1336.9,1336.905,0.005,click,0.8538
1336.98,1337.025,0.045,vocal,0.445
1337.12,1337.425,0.305,other,0.5412
1337.72,1337.745,0.025,water,0.7931
1337.86,1337.865,0.005,click,0.8756
1337.92,1337.925,0.005,click,0.8904
1338.0,1338.005,0.005,click,0.8847
1338.2,1338.325,0.125,other,0.4309
1338.38,1338.445,0.065,vocal,0.8243
1338.5,1338.565,0.065,vocal,0.479
1338.74,1338.805,0.065,vocal,0.7332
1338.86,1338.925,0.065,vocal,0.7135
1339.04,1339.185,0.145,other,0.3789
1339.26,1339.365,0.105,vocal,0.5327
1339.48,1339.525,0.045,vocal,0.484
1339.6,1339.705,0.105,vocal,0.5955
1339.8,1339.925,0.125,other,0.8027
1339.98,1339.985,0.005,click,0.9097
1340.04,1340.105,0.065,vocal,0.7678
1340.18,1340.245,0.065,vocal,0.7411
1340.34,1340.465,0.125,other,0.4697
1340.56,1340.585,0.025,water,0.6848
1340.66,1340.745,0.085,vocal,0.7833
1340.8,1340.945,0.145,other,0.613
1341.02,1341.025,0.005,click,0.9003
1341.08,1341.085,0.005,click,0.8458
1341.16,1341.165,0.005,click,0.9077
1341.38,1341.425,0.045,water,0.4994
1341.48,1341.565,0.085,vocal,0.649
1341.86,1341.865,0.005,click,0.8476
1341.94,1341.945,0.005,click,0.9018
1342.12,1342.145,0.025,water,0.6126
1342.28,1342.445,0.165,other,0.4366
1342.52,1342.625,0.105,vocal,0.6747
1342.74,1342.745,0.005,click,0.8787
1342.82,1342.825,0.005,click,0.876
1342.94,1342.945,0.005,click,0.8952
1343.06,1343.085,0.025,water,0.6258
1343.26,1343.265,0.005,click,0.895
1343.34,1343.345,0.005,click,0.8897
1343.4,1343.405,0.005,click,0.8635
1343.48,1343.485,0.005,click,0.8527
1343.94,1343.945,0.005,click,0.8882
1344.34,1344.345,0.005,click,0.902
1344.44,1344.445,0.005,click,0.9224
1344.5,1344.505,0.005,click,0.9203
1344.765,1344.77,0.005,click,0.7702
1345.54,1345.605,0.065,vocal,0.5477
1345.94,1345.945,0.005,click,0.8812
1346.225,1346.23,0.005,click,0.8669
1346.805,1346.81,0.005,click,0.8846
1347.425,1347.45,0.025,water,0.8236
1347.745,1347.79,0.045,water,0.5931
1347.945,1347.95,0.005,click,0.869
1348.085,1348.09,0.005,click,0.884
1348.205,1348.21,0.005,click,0.857
1348.265,1348.33,0.065,vocal,0.8668
1348.425,1348.45,0.025,water,0.6877
1348.605,1348.65,0.045,water,0.4525
1348.725,1348.73,0.005,click,0.8864
1348.865,1348.87,0.005,click,0.9052
1348.925,1348.95,0.025,water,0.8146
1349.025,1349.03,0.005,click,0.9073
1349.205,1349.23,0.025,water,0.6724
1349.285,1349.29,0.005,click,0.9077
1349.425,1349.43,0.005,click,0.881
1349.605,1349.61,0.005,click,0.8765
1349.665,1349.67,0.005,click,0.8633
1349.825,1349.87,0.045,water,0.4637
1350.025,1350.07,0.045,water,0.59
1350.185,1350.27,0.085,vocal,0.7257
1350.385,1350.43,0.045,water,0.4353
1350.485,1350.49,0.005,click,0.8764
1350.625,1350.65,0.025,water,0.8163
1350.785,1350.79,0.005,click,0.8488
1350.905,1350.91,0.005,click,0.8275
1351.485,1351.49,0.005,click,0.9029
1351.685,1351.69,0.005,click,0.8798
1351.825,1351.83,0.005,click,0.8767
1352.025,1352.05,0.025,water,0.8092
1352.145,1352.15,0.005,click,0.9159
1352.425,1352.43,0.005,click,0.8862
1352.625,1352.63,0.005,click,0.8552
1353.045,1353.05,0.005,click,0.8853
1353.125,1353.13,0.005,click,0.8877
1353.205,1353.21,0.005,click,0.8472
1353.345,1353.35,0.005,click,0.8596
1353.985,1353.99,0.005,click,0.8769
1354.205,1354.21,0.005,click,0.898
1354.265,1354.27,0.005,click,0.9
1354.985,1355.03,0.045,water,0.603
1355.245,1355.27,0.025,water,0.68
1355.425,1355.43,0.005,click,0.87
1355.545,1355.55,0.005,click,0.8478
1355.62,1355.67,0.05,water,0.6206
1355.765,1355.79,0.025,water,0.7575
1355.985,1356.05,0.065,vocal,0.9023
1356.105,1356.11,0.005,click,0.9327
1356.165,1356.17,0.005,click,0.8997
1356.265,1356.29,0.025,water,0.7704
1356.405,1356.45,0.045,vocal,0.5238
1356.545,1356.61,0.065,vocal,0.7299
1356.725,1356.77,0.045,water,0.4643
1356.965,1356.97,0.005,click,0.8338
1357.025,1357.03,0.005,click,0.8514
1357.145,1357.21,0.065,vocal,0.6025
1357.425,1357.49,0.065,vocal,0.698
1357.565,1357.59,0.025,water,0.8305
1357.665,1357.67,0.005,click,0.8902
1357.925,1357.93,0.005,click,0.891
1358.625,1358.63,0.005,click,0.9046
1358.725,1358.73,0.005,click,0.8657
1358.825,1358.87,0.045,water,0.434
1358.925,1358.93,0.005,click,0.8588
1359.31,1359.315,0.005,click,0.7586
1359.505,1359.51,0.005,click,0.919
1359.605,1359.67,0.065,vocal,0.6799
1360.085,1360.09,0.005,click,0.8947
1360.345,1360.35,0.005,click,0.8882
1360.585,1360.59,0.005,click,0.9009
1360.645,1360.65,0.005,click,0.8659
1360.725,1360.77,0.045,vocal,0.6205
1360.925,1360.93,0.005,click,0.8752
1361.025,1361.03,0.005,click,0.8977
1361.125,1361.13,0.005,click,0.9007
1361.225,1361.23,0.005,click,0.873
1361.285,1361.29,0.005,click,0.8534
1361.505,1361.51,0.005,click,0.8723
1361.685,1361.69,0.005,click,0.8524
1361.825,1361.83,0.005,click,0.87
1362.525,1362.53,0.005,click,0.8939
1362.865,1362.87,0.005,click,0.8854
1363.505,1363.51,0.005,click,0.9041
1364.965,1364.97,0.005,click,0.9026
1365.465,1365.47,0.005,click,0.8707
1365.745,1365.75,0.005,click,0.8548
1365.825,1365.83,0.005,click,0.9083
1365.985,1365.99,0.005,click,0.8875
1366.045,1366.05,0.005,click,0.8929
1366.745,1366.75,0.005,click,0.9208
1367.565,1367.57,0.005,click,0.9081
1367.865,1367.87,0.005,click,0.8644
1368.125,1368.13,0.005,click,0.9045
1368.205,1368.22,0.015,click,0.5356
1368.285,1368.29,0.005,click,0.8819
1368.785,1368.79,0.005,click,0.8987
1369.445,1369.45,0.005,click,0.8684
1369.585,1369.59,0.005,click,0.8594
1369.825,1369.83,0.005,click,0.8629
1370.045,1370.05,0.005,click,0.8811
1370.125,1370.13,0.005,click,0.8818
1370.425,1370.43,0.005,click,0.8897
1370.585,1370.59,0.005,click,0.8772
1370.805,1370.81,0.005,click,0.8898
1370.865,1370.87,0.005,click,0.8733
1371.125,1371.15,0.025,water,0.6006
1371.405,1371.45,0.045,water,0.5248
1371.885,1371.89,0.005,click,0.9156
1372.065,1372.13,0.065,vocal,0.6188
1372.205,1372.21,0.005,click,0.8959
1372.365,1372.37,0.005,click,0.8757
1372.805,1372.85,0.045,water,0.4639
1372.945,1372.95,0.005,click,0.9187
1373.045,1373.09,0.045,water,0.614
1373.445,1373.45,0.005,click,0.8705
1373.565,1373.63,0.065,vocal,0.5676
1373.785,1373.79,0.005,click,0.9155
1373.845,1373.85,0.005,click,0.9297
1373.925,1373.95,0.025,water,0.5889
1374.145,1374.15,0.005,click,0.8934
1374.245,1374.25,0.005,click,0.8725
1374.405,1374.45,0.045,water,0.4987
1374.565,1374.63,0.065,vocal,0.724
1374.725,1374.73,0.005,click,0.8745
1375.005,1375.03,0.025,water,0.8409
1375.265,1375.27,0.005,click,0.8784
1375.545,1375.55,0.005,click,0.8743
1375.685,1375.69,0.005,click,0.8288
1375.745,1375.79,0.045,vocal,0.6144
1375.945,1375.97,0.025,water,0.7277
1376.145,1376.15,0.005,click,0.8346
1376.245,1376.25,0.005,click,0.8774
1376.365,1376.37,0.005,click,0.9168
1376.465,1376.47,0.005,click,0.8672
1376.565,1376.57,0.005,click,0.881
1376.645,1376.67,0.025,water,0.735
1376.945,1376.99,0.045,water,0.4382
1377.055,1377.11,0.055,other,0.2824
1377.245,1377.27,0.025,water,0.8014
1377.465,1377.49,0.025,water,0.7386
1377.685,1377.77,0.085,vocal,0.7151
1377.945,1377.95,0.005,click,0.883
1378.07,1378.11,0.04,vocal,0.3648
1378.385,1378.43,0.045,water,0.686
1378.525,1378.53,0.005,click,0.8775
1378.605,1378.61,0.005,click,0.8927
1379.005,1379.03,0.025,water,0.4012
1379.085,1379.09,0.005,click,0.8468
1379.225,1379.23,0.005,click,0.891
1379.325,1379.33,0.005,click,0.8697
1379.425,1379.45,0.025,water,0.7697
1379.585,1379.59,0.005,click,0.8861
1379.725,1379.75,0.025,water,0.7144
1379.825,1379.83,0.005,click,0.8897
1379.965,1379.97,0.005,click,0.8668
1380.045,1380.07,0.025,water,0.5404
1380.465,1380.55,0.085,vocal,0.5729
1380.605,1380.61,0.005,click,0.8754
1380.665,1380.67,0.005,click,0.8397
1380.805,1380.85,0.045,water,0.538
1380.945,1381.03,0.085,vocal,0.7194
1381.145,1381.15,0.005,click,0.857
1381.285,1381.39,0.105,vocal,0.6065
1381.445,1381.45,0.005,click,0.8571
1381.525,1381.53,0.005,click,0.8492
1381.665,1381.69,0.025,water,0.7915
1381.785,1381.85,0.065,vocal,0.7604
1381.905,1381.91,0.005,click,0.9132
1381.985,1382.01,0.025,water,0.7723
1382.105,1382.11,0.005,click,0.8832
1382.205,1382.21,0.005,click,0.8857
1382.345,1382.35,0.005,click,0.8903
1382.545,1382.59,0.045,vocal,0.4005
1382.925,1383.01,0.085,vocal,0.7216
1383.085,1383.15,0.065,vocal,0.7441
1383.505,1383.51,0.005,click,0.9103
1383.625,1383.65,0.025,water,0.8474
1383.705,1383.71,0.005,click,0.9
1383.765,1383.77,0.005,click,0.8481
1383.825,1383.87,0.045,water,0.4187
1383.925,1383.97,0.045,vocal,0.4467
1384.085,1384.09,0.005,click,0.8885
1384.225,1384.35,0.125,vocal,0.502
1384.465,1384.47,0.005,click,0.8516
1384.685,1384.69,0.005,click,0.8626
1384.825,1384.83,0.005,click,0.8456
1384.945,1384.97,0.025,water,0.6315
1385.085,1385.09,0.005,click,0.8768
1385.225,1385.27,0.045,water,0.3863
1385.345,1385.35,0.005,click,0.8972
1385.405,1385.49,0.085,vocal,0.7458
1385.585,1385.63,0.045,vocal,0.4233
1385.745,1385.75,0.005,click,0.8264
1385.825,1385.83,0.005,click,0.8934
1385.925,1385.93,0.005,click,0.8988
1386.025,1386.03,0.005,click,0.8815
1386.125,1386.17,0.045,water,0.6163
1386.225,1386.23,0.005,click,0.8322
1386.325,1386.33,0.005,click,0.8764
1386.385,1386.43,0.045,vocal,0.4541
1386.685,1386.75,0.065,vocal,0.7451
1387.225,1387.35,0.125,vocal,0.5047
1387.505,1387.51,0.005,click,0.8747
1387.565,1387.57,0.005,click,0.8823
1387.705,1387.73,0.025,water,0.6869
1387.785,1387.91,0.125,other,0.4986
1387.985,1388.07,0.085,vocal,0.7274
1388.125,1388.13,0.005,click,0.8984
1388.185,1388.21,0.025,water,0.68
1388.265,1388.29,0.025,water,0.8123
1388.365,1388.43,0.065,vocal,0.794
1388.485,1388.49,0.005,click,0.8783
1388.705,1388.71,0.005,click,0.9056
1388.765,1388.83,0.065,vocal,0.8118
1389.285,1389.29,0.005,click,0.8731
1389.405,1389.41,0.005,click,0.8809
1389.545,1389.55,0.005,click,0.8746
1390.005,1390.01,0.005,click,0.9041
1390.185,1390.19,0.005,click,0.8667
1390.245,1390.25,0.005,click,0.9205
1390.465,1390.47,0.005,click,0.8896
1390.705,1390.75,0.045,vocal,0.4572
1390.885,1390.91,0.025,water,0.6332
1391.065,1391.11,0.045,vocal,0.4769
1391.285,1391.31,0.025,water,0.7096
1391.485,1391.49,0.005,click,0.8918
1391.545,1391.55,0.005,click,0.8957
1391.625,1391.63,0.005,click,0.8245
1391.705,1391.71,0.005,click,0.78
1391.765,1391.79,0.025,water,0.7201
1392.125,1392.15,0.025,water,0.7925
1392.245,1392.25,0.005,click,0.9083
1392.365,1392.37,0.005,click,0.8749
1392.745,1392.75,0.005,click,0.8979
1393.29,1393.295,0.005,click,0.8123
1393.505,1393.51,0.005,click,0.8967
1394.87,1394.875,0.005,click,0.8693
1394.97,1394.975,0.005,click,0.8723
1395.05,1395.055,0.005,click,0.8997
1395.13,1395.155,0.025,water,0.8431
1395.33,1395.335,0.005,click,0.8897
1395.47,1395.555,0.085,vocal,0.7371
1395.69,1395.715,0.025,water,0.7271
1396.67,1396.755,0.085,vocal,0.6187
1396.93,1396.935,0.005,click,0.8795
1397.01,1397.075,0.065,vocal,0.8073
1397.33,1397.335,0.005,click,0.7905
1397.43,1397.435,0.005,click,0.8902
1397.49,1397.495,0.005,click,0.9192
1397.61,1397.615,0.005,click,0.8429
1397.71,1397.715,0.005,click,0.8709
1397.83,1397.835,0.005,click,0.8743
1398.11,1398.115,0.005,click,0.8872
1398.27,1398.275,0.005,click,0.852
1398.49,1398.495,0.005,click,0.754
1398.71,1398.715,0.005,click,0.9231
1398.91,1398.915,0.005,click,0.8652
1399.09,1399.135,0.045,water,0.5058
1399.33,1399.455,0.125,other,0.5621
1399.75,1399.755,0.005,click,0.8896
1399.85,1399.855,0.005,click,0.8952
1400.49,1400.535,0.045,vocal,0.5255
1400.99,1400.995,0.005,click,0.8826
1401.87,1401.875,0.005,click,0.8729
1402.815,1402.82,0.005,click,0.8681
1403.315,1403.32,0.005,click,0.87
1403.395,1403.4,0.005,click,0.8916
1403.455,1403.52,0.065,vocal,0.5209
1403.575,1403.58,0.005,click,0.9012
1403.995,1404.0,0.005,click,0.8829
1404.275,1404.32,0.045,water,0.6484
1404.395,1404.54,0.145,vocal,0.3678
1404.595,1404.6,0.005,click,0.8509
1404.695,1404.7,0.005,click,0.819
1404.835,1404.845,0.01,water,0.5683
1404.915,1404.94,0.025,water,0.6755
1405.255,1405.32,0.065,vocal,0.792
1405.435,1405.44,0.005,click,0.862
1405.615,1405.62,0.005,click,0.8705
1405.735,1405.74,0.005,click,0.9024
1405.855,1405.92,0.065,vocal,0.4832
1406.035,1406.04,0.005,click,0.7963
1406.215,1406.22,0.005,click,0.8927
1406.455,1406.5,0.045,vocal,0.4337
1406.555,1406.58,0.025,water,0.6226
1406.815,1406.82,0.005,click,0.8606
1406.995,1407.0,0.005,click,0.8708
1407.095,1407.1,0.005,click,0.8916
1407.275,1407.32,0.045,water,0.5883
1407.475,1407.48,0.005,click,0.8876
1407.615,1407.64,0.025,water,0.702
1407.715,1407.72,0.005,click,0.8993
1407.875,1407.88,0.005,click,0.8653
1408.315,1408.32,0.005,click,0.8474
1408.475,1408.48,0.005,click,0.8512
1408.555,1408.6,0.045,vocal,0.3952
1408.655,1408.68,0.025,water,0.657
1408.735,1408.74,0.005,click,0.8839
1408.855,1408.86,0.005,click,0.8697
1408.955,1408.96,0.005,click,0.8806
1409.095,1409.1,0.005,click,0.8752
1409.235,1409.28,0.045,water,0.5562
1409.375,1409.42,0.045,vocal,0.5
1409.515,1409.6,0.085,vocal,0.6277
1409.995,1410.0,0.005,click,0.8738
1410.135,1410.14,0.005,click,0.8993
1410.335,1410.36,0.025,water,0.7411
1410.435,1410.44,0.005,click,0.8946
1410.535,1410.62,0.085,vocal,0.585
1410.815,1410.86,0.045,water,0.4299
1410.935,1410.94,0.005,click,0.8851
1411.135,1411.16,0.025,water,0.6482
1411.335,1411.34,0.005,click,0.8796
1411.455,1411.46,0.005,click,0.8551
1411.635,1411.64,0.005,click,0.8956
1411.855,1411.86,0.005,click,0.8866
1411.995,1412.0,0.005,click,0.7974
1412.095,1412.1,0.005,click,0.8709
1412.175,1412.32,0.145,other,0.4731
1412.435,1412.62,0.185,silence,0.4203
1412.675,1412.76,0.085,vocal,0.7804
1412.815,1412.82,0.005,click,0.8652
1412.875,1413.06,0.185,other,0.5793
1413.135,1413.14,0.005,click,0.9061
1413.295,1413.48,0.185,silence,0.476
1413.535,1413.58,0.045,water,0.395
1413.695,1413.96,0.265,silence,0.5582
1414.015,1414.26,0.245,silence,0.5461
1414.315,1414.42,0.105,vocal,0.6069
1414.475,1414.68,0.205,other,0.5104
1414.755,1414.82,0.065,vocal,0.6642
1414.935,1415.08,0.145,vocal,0.4476
1415.175,1415.22,0.045,other,0.2789
1415.27,1415.28,0.01,click,0.6891
1415.615,1415.62,0.005,click,0.8974
1415.695,1415.7,0.005,click,0.8959
1415.755,1415.84,0.085,vocal,0.6805
1415.895,1415.9,0.005,click,0.9022
1415.995,1416.0,0.005,click,0.8922
1416.075,1416.1,0.025,water,0.77
1416.155,1416.16,0.005,click,0.9011
1416.235,1416.32,0.085,vocal,0.7826
1416.375,1416.44,0.065,vocal,0.8778
1416.495,1416.56,0.065,vocal,0.8557
1416.615,1416.66,0.045,water,0.5228
1416.735,1416.74,0.005,click,0.8405
1416.815,1417.12,0.305,silence,0.4604
1417.215,1417.22,0.005,click,0.8832
1417.335,1417.46,0.125,vocal,0.5689
1417.515,1417.54,0.025,water,0.6465
1417.595,1417.6,0.005,click,0.8976
1417.83,1417.88,0.05,water,0.7793
1417.935,1418.02,0.085,vocal,0.6365
1418.075,1418.08,0.005,click,0.8184
1418.235,1418.3,0.065,other,0.3921
1418.355,1418.4,0.045,water,0.396
1418.475,1418.54,0.065,vocal,0.7482
1418.595,1418.62,0.025,water,0.7545
1418.675,1418.9,0.225,other,0.5284
1418.955,1419.36,0.405,other,0.6361
1419.555,1419.56,0.005,click,0.7994
1419.675,1419.68,0.005,click,0.8816
1419.755,1419.84,0.085,vocal,0.7011
1419.955,1419.96,0.005,click,0.8787
1420.91,1420.915,0.005,click,0.9203
1421.77,1421.775,0.005,click,0.8661
1422.13,1422.135,0.005,click,0.8616
1422.41,1422.415,0.005,click,0.8774
1422.63,1422.675,0.045,vocal,0.4731
1423.11,1423.115,0.005,click,0.8703
1423.23,1423.235,0.005,click,0.9057
1423.29,1423.295,0.005,click,0.8694
1423.35,1423.415,0.065,vocal,0.7108
1423.57,1423.695,0.125,other,0.5516
1423.75,1424.055,0.305,silence,0.4698
1424.17,1424.195,0.025,water,0.7187
1424.25,1424.335,0.085,vocal,0.7162
1424.41,1424.615,0.205,silence,0.4442
1424.87,1424.895,0.025,water,0.6823
1425.33,1425.395,0.065,vocal,0.746
1425.51,1425.635,0.125,vocal,0.3881
1425.69,1425.735,0.045,water,0.5602
1425.79,1425.895,0.105,vocal,0.7084
1425.99,1425.995,0.005,click,0.8779
1426.05,1426.055,0.005,click,0.8738
1426.17,1426.235,0.065,vocal,0.8101
1426.37,1426.395,0.025,water,0.8118
1426.59,1426.595,0.005,click,0.9013
1426.67,1426.695,0.025,water,0.7054
1426.75,1426.755,0.005,click,0.8594
1427.27,1427.275,0.005,click,0.8701
1427.41,1427.435,0.025,water,0.6866
1427.59,1427.595,0.005,click,0.8835
1427.73,1427.735,0.005,click,0.8938
1427.87,1427.995,0.125,other,0.4658
1428.19,1428.215,0.025,water,0.6106
1429.25,1429.275,0.025,water,0.8278
1429.63,1429.635,0.005,click,0.8671
1429.75,1429.795,0.045,water,0.4422
1429.97,1429.975,0.005,click,0.9023
1430.05,1430.055,0.005,click,0.891
1430.11,1430.115,0.005,click,0.9
1430.27,1430.335,0.065,vocal,0.8618
1430.57,1430.595,0.025,water,0.561
1430.65,1430.675,0.025,water,0.7735
1430.87,1430.875,0.005,click,0.9432
1430.95,1430.96,0.01,water,0.478
1431.11,1431.135,0.025,water,0.5457
1431.19,1431.195,0.005,click,0.9014
1431.29,1431.315,0.025,water,0.6484
1431.43,1431.435,0.005,click,0.8538
1431.49,1431.495,0.005,click,0.8916
1431.67,1431.675,0.005,click,0.9153
1432.11,1432.115,0.005,click,0.8258
1432.35,1432.355,0.005,click,0.877
1432.41,1432.415,0.005,click,0.8915
1432.69,1432.695,0.005,click,0.8518
1432.75,1432.755,0.005,click,0.8657
1432.87,1432.875,0.005,click,0.9109
1432.99,1433.035,0.045,water,0.463
1434.39,1434.395,0.005,click,0.905
1434.59,1434.595,0.005,click,0.853
1434.73,1434.775,0.045,vocal,0.4595
1434.85,1434.855,0.005,click,0.8554
1434.97,1434.975,0.005,click,0.863
1435.05,1435.055,0.005,click,0.8869
1435.15,1435.155,0.005,click,0.887
1435.21,1435.215,0.005,click,0.8283
1435.47,1435.495,0.025,water,0.6537
1435.61,1435.635,0.025,water,0.7251
1435.77,1435.775,0.005,click,0.8867
1435.87,1435.875,0.005,click,0.7926
1435.97,1435.975,0.005,click,0.8767
1436.29,1436.295,0.005,click,0.8976
1436.37,1436.375,0.005,click,0.8788
1436.43,1436.435,0.005,click,0.8655
1436.95,1436.975,0.025,water,0.6602
1437.03,1437.075,0.045,vocal,0.4124
1437.19,1437.195,0.005,click,0.8564
1437.27,1437.335,0.065,vocal,0.8428
1437.39,1437.395,0.005,click,0.8638
1437.55,1437.675,0.125,other,0.4671
1437.73,1437.735,0.005,click,0.8847
1437.87,1437.875,0.005,click,0.8425
1438.04,1438.045,0.005,click,0.7753
1438.17,1438.215,0.045,water,0.5328
1438.39,1438.435,0.045,water,0.6742
1438.65,1438.655,0.005,click,0.864
1438.71,1438.715,0.005,click,0.8622
1438.91,1438.955,0.045,vocal,0.658
1439.115,1439.12,0.005,click,0.777
1439.55,1439.555,0.005,click,0.8754
1439.75,1439.795,0.045,water,0.5773
1439.85,1439.855,0.005,click,0.9287
1439.91,1439.975,0.065,vocal,0.8129
1440.35,1440.355,0.005,click,0.8878
1440.49,1440.495,0.005,click,0.8673
1440.61,1440.655,0.045,water,0.4412
1440.91,1440.915,0.005,click,0.8668
1440.99,1440.995,0.005,click,0.9145
1441.29,1441.295,0.005,click,0.8554
1441.45,1441.455,0.005,click,0.8881
1441.67,1441.675,0.005,click,0.8347
1441.75,1441.755,0.005,click,0.8804
1441.83,1441.875,0.045,water,0.5507
1441.93,1441.975,0.045,water,0.4613
1442.05,1442.055,0.005,click,0.8447
1442.19,1442.235,0.045,water,0.5499
1442.31,1442.335,0.025,water,0.7617
1442.55,1442.555,0.005,click,0.8238
1442.67,1442.715,0.045,water,0.6762
1442.77,1442.775,0.005,click,0.9078
1442.99,1443.015,0.025,water,0.7807
1443.41,1443.415,0.005,click,0.873
1443.49,1443.495,0.005,click,0.8379
1443.75,1443.755,0.005,click,0.8549
1443.93,1443.935,0.005,click,0.8901
1444.13,1444.135,0.005,click,0.887
1444.25,1444.255,0.005,click,0.855
1444.41,1444.415,0.005,click,0.9035
1444.69,1444.695,0.005,click,0.878
1444.85,1444.855,0.005,click,0.8747
1444.91,1445.015,0.105,vocal,0.5079
1445.07,1445.075,0.005,click,0.8753
1445.15,1445.155,0.005,click,0.9132
1445.23,1445.275,0.045,vocal,0.4414
1445.59,1445.635,0.045,vocal,0.4133
1445.69,1445.775,0.085,vocal,0.8153
1445.89,1445.935,0.045,vocal,0.633
1446.07,1446.195,0.125,vocal,0.393
1446.27,1446.275,0.005,click,0.906
1446.35,1446.355,0.005,click,0.8164
1446.47,1446.495,0.025,water,0.7564
1446.77,1446.775,0.005,click,0.8995
1446.83,1446.835,0.005,click,0.8886
1447.03,1447.055,0.025,water,0.6505
1447.27,1447.295,0.025,water,0.5408
1447.39,1447.395,0.005,click,0.909
1447.61,1447.615,0.005,click,0.8784
1447.89,1447.895,0.005,click,0.8486
1448.07,1448.075,0.005,click,0.8961
1448.25,1448.255,0.005,click,0.8313
1448.39,1448.435,0.045,water,0.5485
1448.49,1448.555,0.065,vocal,0.7504
1448.87,1448.935,0.065,vocal,0.8065
1449.05,1449.055,0.005,click,0.8809
1449.29,1449.335,0.045,water,0.507
1449.67,1449.675,0.005,click,0.9034
1449.77,1449.775,0.005,click,0.8607
1450.01,1450.015,0.005,click,0.843
1450.205,1450.21,0.005,click,0.7679
1450.27,1450.315,0.045,vocal,0.5593
1450.55,1450.595,0.045,water,0.4552
1450.71,1450.715,0.005,click,0.9086
1450.79,1450.795,0.005,click,0.8723
1450.91,1450.915,0.005,click,0.8782
1451.25,1451.315,0.065,vocal,0.7878
1451.43,1451.435,0.005,click,0.8335
1451.51,1451.515,0.005,click,0.8491
1451.57,1451.575,0.005,click,0.8418
1451.63,1451.635,0.005,click,0.8473
1452.27,1452.335,0.065,vocal,0.8449
1452.39,1452.395,0.005,click,0.8514
1452.47,1452.495,0.025,water,0.7317
1452.69,1452.695,0.005,click,0.839
1452.77,1452.795,0.025,water,0.5509
1452.93,1452.935,0.005,click,0.8703
1452.99,1452.995,0.005,click,0.9104
1453.09,1453.095,0.005,click,0.8998
1453.31,1453.375,0.065,vocal,0.7397
1453.67,1453.675,0.005,click,0.9025
1453.83,1453.835,0.005,click,0.8736
1453.95,1453.955,0.005,click,0.8671
1454.01,1454.055,0.045,vocal,0.4825
1454.13,1454.175,0.045,water,0.5938
1454.37,1454.415,0.045,water,0.4243
1454.55,1454.555,0.005,click,0.8891
1454.71,1454.815,0.105,vocal,0.5395
1454.93,1454.935,0.005,click,0.9291
1455.01,1455.055,0.045,water,0.5229
1455.43,1455.435,0.005,click,0.853
1455.725,1455.73,0.005,click,0.8716
1456.485,1456.49,0.005,click,0.8979
1457.445,1457.45,0.005,click,0.8993
1457.685,1457.79,0.105,other,0.6329
1457.945,1458.03,0.085,vocal,0.7832
1458.325,1458.33,0.005,click,0.9091
1458.425,1458.43,0.005,click,0.9064
1458.585,1458.61,0.025,water,0.7784
1458.705,1458.75,0.045,vocal,0.4657
1458.925,1458.93,0.005,click,0.9126
1459.045,1459.13,0.085,vocal,0.7236
1459.305,1459.31,0.005,click,0.8971
1459.445,1459.45,0.005,click,0.8881
1459.525,1459.57,0.045,vocal,0.4477
1459.665,1459.77,0.105,vocal,0.5811
1459.885,1459.93,0.045,water,0.3911
1460.165,1460.17,0.005,click,0.9057
1460.445,1460.45,0.005,click,0.8428
1460.825,1460.83,0.005,click,0.9113
1462.42,1462.425,0.005,click,0.9082
1462.56,1462.565,0.005,click,0.911
1462.64,1462.665,0.025,water,0.7324
1462.82,1462.825,0.005,click,0.9079
1462.885,1462.89,0.005,click,0.7767
1463.12,1463.125,0.005,click,0.8878
1463.3,1463.305,0.005,click,0.8296
1463.44,1463.445,0.005,click,0.8743
1463.58,1463.625,0.045,water,0.4723
1463.78,1463.785,0.005,click,0.8748
1463.98,1463.985,0.005,click,0.8798
1464.04,1464.045,0.005,click,0.8342
1464.3,1464.305,0.005,click,0.8682
1464.98,1464.985,0.005,click,0.8581
1465.22,1465.225,0.005,click,0.8497
1465.44,1465.445,0.005,click,0.887
1465.52,1465.525,0.005,click,0.8989
1465.94,1465.945,0.005,click,0.8479
1466.035,1466.04,0.005,click,0.8703
1466.84,1466.845,0.005,click,0.8066
1468.095,1468.1,0.005,click,0.8731
1468.555,1468.56,0.005,click,0.8789
1469.075,1469.08,0.005,click,0.8652
1469.235,1469.24,0.005,click,0.88
1469.475,1469.5,0.025,water,0.7143
1470.035,1470.04,0.005,click,0.9204
1470.095,1470.14,0.045,water,0.4576
1470.275,1470.3,0.025,water,0.7144
1470.535,1470.54,0.005,click,0.8758
1470.595,1470.6,0.005,click,0.8712
1470.675,1470.68,0.005,click,0.8649
1470.735,1470.88,0.145,vocal,0.3904
1471.035,1471.04,0.005,click,0.8932
1471.235,1471.24,0.005,click,0.8373
1472.495,1472.5,0.005,click,0.9011
1472.815,1472.82,0.005,click,0.8782
1472.955,1472.98,0.025,water,0.5843
1473.695,1473.72,0.025,water,0.7368
1473.975,1473.98,0.005,click,0.869
1474.415,1474.42,0.005,click,0.8147
1474.875,1474.88,0.005,click,0.8648
1475.055,1475.06,0.005,click,0.9179
1475.575,1475.58,0.005,click,0.8887
1476.395,1476.4,0.005,click,0.9054
1476.475,1476.48,0.005,click,0.8828
1476.615,1476.62,0.005,click,0.8875
1476.955,1477.0,0.045,vocal,0.4949
1477.155,1477.16,0.005,click,0.8771
1477.295,1477.3,0.005,click,0.88
1477.455,1477.46,0.005,click,0.8185
1477.675,1477.68,0.005,click,0.88
1477.82,1477.825,0.005,click,0.7755
1478.175,1478.18,0.005,click,0.8844
1478.355,1478.36,0.005,click,0.9042
1479.035,1479.04,0.005,click,0.9032
1479.61,1479.615,0.005,click,0.8664
1479.895,1479.92,0.025,water,0.7849
1480.175,1480.2,0.025,water,0.7882
1480.455,1480.46,0.005,click,0.8527
1480.715,1480.72,0.005,click,0.8312
1481.055,1481.06,0.005,click,0.8573
1481.835,1481.84,0.005,click,0.9141
1481.995,1482.0,0.005,click,0.8598
1482.455,1482.46,0.005,click,0.8608
1482.535,1482.54,0.005,click,0.8789
1483.535,1483.54,0.005,click,0.8574
1484.055,1484.06,0.005,click,0.8431
1484.35,1484.435,0.085,vocal,0.8213
1484.81,1484.815,0.005,click,0.8044
1485.33,1485.335,0.005,click,0.7717
1486.79,1486.795,0.005,click,0.8811
1487.04,1487.045,0.005,click,0.7909
1487.53,1487.535,0.005,click,0.7729
1487.69,1487.695,0.005,click,0.8988
1488.19,1488.195,0.005,click,0.9076
1488.63,1488.655,0.025,water,0.7038
1488.79,1488.875,0.085,vocal,0.6175
1488.93,1488.975,0.045,water,0.6181
1489.57,1489.575,0.005,click,0.8724
1489.63,1489.675,0.045,vocal,0.5642
1489.75,1489.755,0.005,click,0.8999
1489.81,1489.815,0.005,click,0.9158
1489.87,1489.875,0.005,click,0.8882
1489.97,1489.975,0.005,click,0.8721
1490.03,1490.095,0.065,vocal,0.8605
1490.15,1490.155,0.005,click,0.8876
1490.29,1490.415,0.125,vocal,0.4219
1490.51,1490.715,0.205,other,0.6332
1490.83,1490.855,0.025,water,0.5521
1490.99,1491.015,0.025,water,0.5888
1491.07,1491.135,0.065,vocal,0.7017
1491.39,1491.415,0.025,water,0.6742
1491.55,1491.595,0.045,vocal,0.5114
1491.73,1491.735,0.005,click,0.8273
1491.79,1491.795,0.005,click,0.881
1491.89,1491.935,0.045,vocal,0.5137
1492.19,1492.195,0.005,click,0.883
1492.39,1492.415,0.025,water,0.6859
1492.63,1492.655,0.025,water,0.7707
1492.75,1492.755,0.005,click,0.8833
1492.83,1492.975,0.145,vocal,0.3939
1493.05,1493.055,0.005,click,0.8842
1493.21,1493.275,0.065,vocal,0.85
1493.53,1493.555,0.025,water,0.6631
1493.61,1493.615,0.005,click,0.8156
1493.67,1493.755,0.085,vocal,0.492
1493.95,1493.955,0.005,click,0.873
1494.07,1494.075,0.005,click,0.8879
1494.13,1494.155,0.025,water,0.8227
1494.29,1494.335,0.045,vocal,0.6106
1494.69,1494.695,0.005,click,0.8527
1494.87,1494.875,0.005,click,0.9219
1494.99,1495.015,0.025,water,0.7347
1495.09,1495.095,0.005,click,0.8677
1495.33,1495.335,0.005,click,0.9014
1495.415,1495.42,0.005,click,0.8453
1495.645,1495.65,0.005,click,0.8835
1495.99,1495.995,0.005,click,0.8382
1496.225,1496.23,0.005,click,0.8989
1497.225,1497.23,0.005,click,0.7695
1497.525,1497.53,0.005,click,0.8809
1497.725,1497.73,0.005,click,0.9054
1497.805,1497.81,0.005,click,0.9124
1497.945,1497.95,0.005,click,0.8793
1498.005,1498.03,0.025,water,0.7296
1498.465,1498.47,0.005,click,0.8389
1498.525,1498.53,0.005,click,0.8958
1498.605,1498.65,0.045,vocal,0.4387
1498.905,1498.91,0.005,click,0.8956
1499.125,1499.13,0.005,click,0.8403
1499.185,1499.19,0.005,click,0.8339
1499.425,1499.49,0.065,vocal,0.8639
1499.565,1499.57,0.005,click,0.8613
1499.685,1499.69,0.005,click,0.8872
1499.865,1499.87,0.005,click,0.8825
1499.925,1499.93,0.005,click,0.869
1499.985,1500.01,0.025,water,0.743
1500.125,1500.13,0.005,click,0.871
1500.285,1500.29,0.005,click,0.8719
1500.585,1500.59,0.005,click,0.8987
1500.645,1500.65,0.005,click,0.8984
1501.065,1501.07,0.005,click,0.8622
1501.285,1501.29,0.005,click,0.8684
1501.345,1501.37,0.025,water,0.6755
1501.445,1501.47,0.025,water,0.7954
1501.545,1501.65,0.105,vocal,0.5247
1501.725,1501.73,0.005,click,0.8916
1501.805,1501.81,0.005,click,0.8937
1501.885,1501.89,0.005,click,0.9102
1502.025,1502.03,0.005,click,0.8641
1502.085,1502.11,0.025,water,0.5165
1502.185,1502.45,0.265,silence,0.45
1502.545,1502.63,0.085,vocal,0.7324
1502.705,1502.77,0.065,vocal,0.8128
1502.865,1502.87,0.005,click,0.9087
1502.925,1502.93,0.005,click,0.8802
1503.005,1503.01,0.005,click,0.8536
1503.085,1503.11,0.025,water,0.8044
1503.205,1503.47,0.265,silence,0.602
1503.585,1503.59,0.005,click,0.9021
1503.645,1503.69,0.045,water,0.7016
1503.745,1503.79,0.045,water,0.4432
1503.845,1503.89,0.045,water,0.703
1503.945,1504.05,0.105,vocal,0.687
1504.165,1504.31,0.145,other,0.3878
1504.465,1504.47,0.005,click,0.8964
1504.575,1504.67,0.095,other,0.5127
1504.765,1504.93,0.165,other,0.4575
1504.985,1505.07,0.085,vocal,0.7076
1505.125,1505.15,0.025,water,0.696
1505.265,1505.27,0.005,click,0.8793
1505.365,1505.39,0.025,water,0.6071
1505.565,1505.57,0.005,click,0.9142
1505.625,1505.63,0.005,click,0.8757
1505.685,1505.73,0.045,water,0.4678
1505.805,1505.81,0.005,click,0.8191
1505.885,1505.89,0.005,click,0.8998
1506.025,1506.03,0.005,click,0.8488
1506.105,1506.15,0.045,water,0.5093
1506.405,1506.43,0.025,water,0.6566
1506.485,1506.65,0.165,other,0.4718
1506.725,1506.83,0.105,vocal,0.4748
1506.925,1506.93,0.005,click,0.8679
1507.045,1507.07,0.025,water,0.7511
1507.125,1507.13,0.005,click,0.9147
1507.345,1507.39,0.045,vocal,0.513
1507.445,1507.45,0.005,click,0.8437
1507.665,1507.67,0.005,click,0.8491
1507.785,1507.79,0.005,click,0.8908
1507.905,1507.91,0.005,click,0.884
1508.065,1508.07,0.005,click,0.8894
1508.125,1508.13,0.005,click,0.8825
1508.185,1508.23,0.045,vocal,0.5208
1508.425,1508.43,0.005,click,0.9277
1508.545,1508.55,0.005,click,0.9196
1508.605,1508.61,0.005,click,0.9071
1508.685,1508.71,0.025,water,0.8013
1508.865,1509.01,0.145,other,0.4067
1509.225,1509.23,0.005,click,0.8804
1509.325,1509.33,0.005,click,0.9032
1509.385,1509.45,0.065,vocal,0.7358
1509.865,1509.93,0.065,vocal,0.8115
1510.425,1510.45,0.025,vocal,0.5229
1510.585,1510.59,0.005,click,0.8834
1510.855,1510.86,0.005,click,0.7798
1510.985,1510.99,0.005,click,0.8864
1511.185,1511.25,0.065,vocal,0.825
1511.325,1511.33,0.005,click,0.8377
1511.385,1511.39,0.005,click,0.8753
1511.505,1511.51,0.005,click,0.892
1511.565,1511.57,0.005,click,0.8939
1511.705,1511.71,0.005,click,0.9032
1512.025,1512.09,0.065,vocal,0.905
1512.205,1512.25,0.045,vocal,0.5533
1512.345,1512.39,0.045,vocal,0.5599
1512.585,1512.63,0.045,water,0.5084
1512.725,1512.75,0.025,water,0.5322
1512.885,1512.91,0.025,water,0.577
1513.065,1513.07,0.005,click,0.8556
1513.185,1513.19,0.005,click,0.8925
1513.345,1513.41,0.065,vocal,0.6403
1513.505,1513.51,0.005,click,0.8791
1513.565,1513.57,0.005,click,0.8379
1513.845,1513.89,0.045,water,0.6135
1514.025,1514.03,0.005,click,0.8546
1514.105,1514.13,0.025,water,0.6812
1514.185,1514.21,0.025,water,0.6814
1514.365,1514.37,0.005,click,0.8815
1514.445,1514.45,0.005,click,0.934
1514.525,1514.53,0.005,click,0.917
1514.605,1514.63,0.025,water,0.709
1514.845,1514.85,0.005,click,0.9037
1514.985,1514.99,0.005,click,0.8689
1515.085,1515.21,0.125,vocal,0.4247
1515.265,1515.29,0.025,water,0.7176
1515.425,1515.45,0.025,water,0.7971
1515.525,1515.55,0.025,vocal,0.5058
1515.605,1515.61,0.005,click,0.9075
1515.705,1515.75,0.045,vocal,0.5729
1515.825,1515.87,0.045,water,0.4392
1516.005,1516.01,0.005,click,0.8461
1516.325,1516.33,0.005,click,0.8983
1516.385,1516.39,0.005,click,0.8929
1516.445,1516.45,0.005,click,0.861
1516.525,1516.53,0.005,click,0.8821
1516.605,1516.65,0.045,water,0.4939
1517.445,1517.45,0.005,click,0.8481
1517.55,1517.555,0.005,click,0.7686
1517.645,1517.65,0.005,click,0.866
1517.705,1517.71,0.005,click,0.8906
1518.145,1518.15,0.005,click,0.8577
1518.225,1518.23,0.005,click,0.8914
1518.72,1518.725,0.005,click,0.9106
1519.18,1519.185,0.005,click,0.8887
1520.96,1520.965,0.005,click,0.8276
1523.14,1523.145,0.005,click,0.8739
1524.135,1524.14,0.005,click,0.7992
1524.28,1524.285,0.005,click,0.886
1524.52,1524.525,0.005,click,0.8542
1525.2,1525.205,0.005,click,0.8356
1525.9,1525.925,0.025,water,0.7756
1526.14,1526.145,0.005,click,0.906
1526.22,1526.225,0.005,click,0.8489
1526.36,1526.365,0.005,click,0.8702
1526.58,1526.585,0.005,click,0.8933
1526.82,1526.825,0.005,click,0.8716
1527.1,1527.105,0.005,click,0.9261
1528.04,1528.045,0.005,click,0.8924
1528.46,1528.465,0.005,click,0.837
1529.22,1529.225,0.005,click,0.8127
1529.32,1529.325,0.005,click,0.8901
1530.18,1530.185,0.005,click,0.873
1530.98,1530.985,0.005,click,0.8559
1534.815,1534.82,0.005,click,0.9063
1534.885,1534.89,0.005,click,0.8116
1537.505,1537.51,0.005,click,0.7182
1539.095,1539.1,0.005,click,0.8512
1539.615,1539.62,0.005,click,0.8721
1541.74,1541.785,0.045,vocal,0.587
1541.84,1541.845,0.005,click,0.8728
1541.9,1541.905,0.005,click,0.8242
1542.78,1542.785,0.005,click,0.8965
1543.48,1543.525,0.045,water,0.6207
1543.58,1543.585,0.005,click,0.8519
1544.025,1544.03,0.005,click,0.8516
1546.1,1546.105,0.005,click,0.9068
1546.34,1546.345,0.005,click,0.8527
1546.64,1546.665,0.025,water,0.7023
1547.48,1547.485,0.005,click,0.8746
1547.96,1548.005,0.045,vocal,0.4229
1548.64,1548.645,0.005,click,0.8127
1550.85,1550.86,0.01,water,0.9526
1552.445,1552.45,0.005,click,0.8592
1553.985,1553.99,0.005,click,0.8824
1554.405,1554.43,0.025,water,0.8675
1555.885,1555.89,0.005,click,0.8641
1556.265,1556.27,0.005,click,0.8448
1556.645,1556.65,0.005,click,0.8687
1556.945,1556.95,0.005,click,0.8775
1557.285,1557.29,0.005,click,0.9046
1557.445,1557.45,0.005,click,0.7462
1557.585,1557.59,0.005,click,0.8989
1557.685,1557.69,0.005,click,0.8732
1558.165,1558.17,0.005,click,0.8422
1558.345,1558.35,0.005,click,0.8278
1558.915,1558.92,0.005,click,0.8135
1559.285,1559.29,0.005,click,0.8832
1560.905,1560.91,0.005,click,0.7935
1562.145,1562.19,0.045,vocal,0.5559
1564.085,1564.09,0.005,click,0.8623
1566.745,1566.77,0.025,water,0.7092
1567.425,1567.45,0.025,water,0.7189
1567.705,1567.71,0.005,click,0.8169
1568.045,1568.05,0.005,click,0.855
1568.105,1568.15,0.045,water,0.6371
1568.425,1568.47,0.045,water,0.6477
1568.645,1568.65,0.005,click,0.8988
1568.705,1568.85,0.145,vocal,0.3727
1568.925,1568.93,0.005,click,0.8548
1568.985,1569.07,0.085,vocal,0.7099
1569.185,1569.19,0.005,click,0.8757
1569.265,1569.31,0.045,water,0.5306
1569.405,1569.49,0.085,vocal,0.6909
1569.545,1569.59,0.045,vocal,0.4115
1569.645,1569.73,0.085,vocal,0.7328
1569.805,1569.81,0.005,click,0.8751
1569.885,1569.89,0.005,click,0.8803
1569.965,1569.99,0.025,water,0.6126
1570.045,1570.11,0.065,vocal,0.8954
1570.165,1570.29,0.125,other,0.458
1570.345,1570.37,0.025,water,0.781
1570.725,1570.73,0.005,click,0.8892
1570.905,1570.91,0.005,click,0.8809
1570.985,1570.99,0.005,click,0.8595
1571.225,1571.23,0.005,click,0.8916
1571.325,1571.33,0.005,click,0.9026
1571.445,1571.49,0.045,water,0.546
1571.545,1571.55,0.005,click,0.8568
1571.685,1571.69,0.005,click,0.8912
1571.825,1571.83,0.005,click,0.904
1571.925,1571.97,0.045,vocal,0.4769
1572.045,1572.05,0.005,click,0.8995
1572.245,1572.25,0.005,click,0.8647
1572.405,1572.41,0.005,click,0.9005
1572.785,1572.79,0.005,click,0.8432
1572.905,1572.91,0.005,click,0.8552
1573.125,1573.15,0.025,water,0.6856
1573.265,1573.27,0.005,click,0.9009
1573.345,1573.35,0.005,click,0.9261
1573.445,1573.45,0.005,click,0.8749
1573.505,1573.51,0.005,click,0.7846
1573.565,1573.57,0.005,click,0.8893
1573.645,1573.65,0.005,click,0.906
1573.705,1573.71,0.005,click,0.8828
1573.805,1573.81,0.005,click,0.9026
1573.865,1573.87,0.005,click,0.8864
1573.945,1573.95,0.005,click,0.8948
1574.025,1574.03,0.005,click,0.8295
1574.125,1574.13,0.005,click,0.904
1574.305,1574.33,0.025,water,0.8513
1574.425,1574.43,0.005,click,0.8891
1574.485,1574.51,0.025,water,0.6131
1574.605,1574.61,0.005,click,0.8372
1574.685,1574.69,0.005,click,0.9144
1574.845,1574.85,0.005,click,0.8879
1575.005,1575.01,0.005,click,0.8923
1575.085,1575.11,0.025,water,0.6567
1575.265,1575.27,0.005,click,0.8857
1575.405,1575.41,0.005,click,0.895
1575.525,1575.57,0.045,vocal,0.578
1576.085,1576.09,0.005,click,0.8855
1576.285,1576.29,0.005,click,0.9022
1576.445,1576.45,0.005,click,0.8331
1576.525,1576.53,0.005,click,0.8743
1576.645,1576.69,0.045,water,0.4727
1577.265,1577.27,0.005,click,0.8653
1577.555,1577.56,0.005,click,0.7527
1578.04,1578.045,0.005,click,0.8443
1579.68,1579.685,0.005,click,0.8666
1580.16,1580.185,0.025,water,0.7757
1580.38,1580.405,0.025,water,0.6634
1580.54,1580.545,0.005,click,0.8985
1580.6,1580.645,0.045,water,0.4945
1581.52,1581.525,0.005,click,0.8696
1581.62,1581.625,0.005,click,0.8932
1582.58,1582.585,0.005,click,0.8845
1582.96,1582.965,0.005,click,0.8251
1583.04,1583.045,0.005,click,0.8594
1585.98,1585.985,0.005,click,0.9102
1586.56,1586.565,0.005,click,0.9039
1590.02,1590.025,0.005,click,0.8447
1590.22,1590.225,0.005,click,0.8778
1597.445,1597.45,0.005,click,0.8795
1598.38,1598.385,0.005,click,0.7658
1598.515,1598.52,0.005,click,0.804
1602.87,1602.875,0.005,click,0.8786
1604.995,1605.0,0.005,click,0.8789
1606.675,1606.68,0.005,click,0.8999
1607.375,1607.38,0.005,click,0.8065
1607.775,1607.78,0.005,click,0.8927
1608.94,1608.945,0.005,click,0.8191
1611.98,1611.985,0.005,click,0.9138
1612.08,1612.085,0.005,click,0.8947
1613.82,1613.825,0.005,click,0.8847
1613.88,1613.885,0.005,click,0.8809
1614.58,1614.585,0.005,click,0.8554
1615.16,1615.165,0.005,click,0.9057
1618.86,1618.865,0.005,click,0.7705
1619.445,1619.45,0.005,click,0.8784
1622.145,1622.15,0.005,click,0.858
1623.185,1623.19,0.005,click,0.8548
1623.625,1623.63,0.005,click,0.8904
1623.825,1623.83,0.005,click,0.871
1625.825,1625.83,0.005,click,0.8947
1626.085,1626.09,0.005,click,0.8881
1626.225,1626.23,0.005,click,0.8968
1626.305,1626.31,0.005,click,0.8098
1627.065,1627.07,0.005,click,0.9104
1628.305,1628.31,0.005,click,0.826
1629.305,1629.31,0.005,click,0.8803
1632.145,1632.15,0.005,click,0.8707
1632.685,1632.69,0.005,click,0.8795
1633.125,1633.13,0.005,click,0.9043
1635.925,1635.93,0.005,click,0.8607
1636.065,1636.07,0.005,click,0.8777
1636.52,1636.53,0.01,click,0.779
1637.025,1637.03,0.005,click,0.7219
1639.53,1639.535,0.005,click,0.7477
1639.785,1639.79,0.005,click,0.8574
1640.445,1640.45,0.005,click,0.8675
1640.845,1640.85,0.005,click,0.9016
1641.405,1641.41,0.005,click,0.897
1641.705,1641.71,0.005,click,0.897
1641.845,1641.85,0.005,click,0.8923
1642.505,1642.51,0.005,click,0.8731
1642.565,1642.57,0.005,click,0.8818
1642.785,1642.83,0.045,vocal,0.632
1642.905,1642.91,0.005,click,0.8889
1642.965,1642.97,0.005,click,0.875
1643.085,1643.13,0.045,vocal,0.3925
1643.265,1643.27,0.005,click,0.8912
1643.605,1643.61,0.005,click,0.8562
1643.805,1643.85,0.045,vocal,0.5129
1644.145,1644.15,0.005,click,0.8784
1644.205,1644.23,0.025,water,0.5699
1644.405,1644.41,0.005,click,0.8678
1644.645,1644.67,0.025,water,0.7546
1644.745,1644.75,0.005,click,0.8983
1645.145,1645.15,0.005,click,0.8512
1645.265,1645.29,0.025,water,0.8059
1645.505,1645.53,0.025,water,0.7301
1645.705,1645.73,0.025,water,0.7461
1645.905,1645.93,0.025,water,0.8593
1646.105,1646.13,0.025,water,0.7716
1646.225,1646.23,0.005,click,0.8947
1647.205,1647.23,0.025,water,0.8443
1647.285,1647.33,0.045,water,0.5906
1647.585,1647.59,0.005,click,0.8615
1647.645,1647.65,0.005,click,0.8718
1647.745,1647.79,0.045,water,0.4441
1647.925,1647.95,0.025,water,0.7086
1648.305,1648.31,0.005,click,0.8557
1648.445,1648.45,0.005,click,0.8535
1648.705,1648.73,0.025,water,0.7302
1649.025,1649.03,0.005,click,0.9076
1649.105,1649.11,0.005,click,0.8634
1649.165,1649.17,0.005,click,0.8825
1649.225,1649.23,0.005,click,0.9127
1649.305,1649.31,0.005,click,0.9018
1649.445,1649.45,0.005,click,0.8375
1649.665,1649.73,0.065,vocal,0.7873
1649.785,1649.87,0.085,vocal,0.8007
1649.925,1649.95,0.025,water,0.5424
1650.005,1650.03,0.025,water,0.6171
1650.105,1650.23,0.125,other,0.3944
1650.305,1650.33,0.025,water,0.751
1650.385,1650.51,0.125,other,0.4127
1650.665,1650.67,0.005,click,0.8637
1650.765,1650.77,0.005,click,0.8991
1651.065,1651.07,0.005,click,0.8811
1651.125,1651.13,0.005,click,0.9079
1651.245,1651.25,0.005,click,0.8997
1651.305,1651.35,0.045,vocal,0.4565
1651.405,1651.41,0.005,click,0.8925
1651.485,1651.65,0.165,silence,0.3918
1651.705,1651.75,0.045,vocal,0.6106
1651.985,1651.99,0.005,click,0.863
1652.185,1652.27,0.085,vocal,0.8319
1652.345,1652.35,0.005,click,0.8981
1652.445,1652.45,0.005,click,0.8944
1652.625,1652.67,0.045,vocal,0.4813
1652.805,1652.81,0.005,click,0.917
1652.965,1652.97,0.005,click,0.9201
1653.285,1653.29,0.005,click,0.8919
1653.365,1653.37,0.005,click,0.8551
1653.685,1653.69,0.005,click,0.8622
1653.745,1653.75,0.005,click,0.874
1653.825,1653.83,0.005,click,0.8875
1654.105,1654.17,0.065,vocal,0.8452
1654.365,1654.37,0.005,click,0.8818
1654.505,1654.51,0.005,click,0.8767
1655.545,1655.55,0.005,click,0.8734
1655.645,1655.65,0.005,click,0.8365
1655.705,1655.71,0.005,click,0.9192
1656.425,1656.43,0.005,click,0.8003
1656.825,1656.83,0.005,click,0.859
1658.13,1658.17,0.04,water,0.4044
1658.27,1658.355,0.085,vocal,0.6658
1658.47,1658.495,0.025,water,0.663
1658.57,1658.575,0.005,click,0.9165
1658.85,1658.855,0.005,click,0.899
1659.05,1659.055,0.005,click,0.8818
1659.31,1659.315,0.005,click,0.8668
1659.37,1659.375,0.005,click,0.9016
1659.63,1659.635,0.005,click,0.8488
1659.73,1659.735,0.005,click,0.9077
1660.03,1660.035,0.005,click,0.8757
1660.435,1660.44,0.005,click,0.7552
1661.01,1661.015,0.005,click,0.903
1661.91,1661.915,0.005,click,0.8518
1662.11,1662.115,0.005,click,0.8974
1662.63,1662.635,0.005,click,0.8952
1662.85,1662.855,0.005,click,0.8793
1662.95,1662.955,0.005,click,0.9062
1663.27,1663.275,0.005,click,0.8671
1663.35,1663.395,0.045,vocal,0.5514
1663.47,1663.475,0.005,click,0.9147
1664.61,1664.615,0.005,click,0.9112
1664.955,1664.96,0.005,click,0.8087
1665.155,1665.16,0.005,click,0.8772
1665.275,1665.28,0.005,click,0.9153
1665.655,1665.66,0.005,click,0.8715
1666.355,1666.36,0.005,click,0.9185
1666.535,1666.54,0.005,click,0.8075
1666.615,1666.62,0.005,click,0.8798
1667.095,1667.1,0.005,click,0.8799
1667.315,1667.32,0.005,click,0.8868
1667.475,1667.5,0.025,water,0.6699
1668.075,1668.18,0.105,vocal,0.6137
1668.235,1668.24,0.005,click,0.9264
1668.355,1668.44,0.085,vocal,0.7938
1668.575,1668.58,0.005,click,0.8464
1668.635,1668.64,0.005,click,0.8857
1668.715,1668.72,0.005,click,0.8957
1668.835,1668.84,0.005,click,0.8996
1668.895,1668.9,0.005,click,0.8821
1669.215,1669.22,0.005,click,0.9188
1669.355,1669.38,0.025,water,0.7074
1669.475,1669.48,0.005,click,0.8752
1669.755,1669.8,0.045,vocal,0.5209
1670.915,1670.92,0.005,click,0.9083
1671.075,1671.08,0.005,click,0.9054
1671.58,1671.585,0.005,click,0.8865
1672.68,1672.725,0.045,water,0.6113
1673.02,1673.025,0.005,click,0.9258
1673.42,1673.465,0.045,vocal,0.5335
1673.86,1673.865,0.005,click,0.8634
1674.14,1674.145,0.005,click,0.8287
1674.36,1674.365,0.005,click,0.851
1674.82,1674.825,0.005,click,0.7154
1675.08,1675.085,0.005,click,0.8658
1675.16,1675.165,0.005,click,0.8866
1675.32,1675.325,0.005,click,0.8782
1675.78,1675.785,0.005,click,0.8951
1675.92,1675.925,0.005,click,0.8857
1676.14,1676.145,0.005,click,0.8762
1676.24,1676.245,0.005,click,0.8772
1676.46,1676.465,0.005,click,0.8611
1677.16,1677.165,0.005,click,0.8433
1677.36,1677.365,0.005,click,0.8859
1677.96,1677.965,0.005,click,0.9082
1678.06,1678.065,0.005,click,0.8964
1678.54,1678.545,0.005,click,0.8699
1678.66,1678.705,0.045,vocal,0.4889
1678.84,1678.845,0.005,click,0.8971
1679.02,1679.045,0.025,water,0.8286
1679.16,1679.165,0.005,click,0.8868
1679.36,1679.365,0.005,click,0.86
1679.96,1679.965,0.005,click,0.8854
1680.16,1680.165,0.005,click,0.8394
1680.52,1680.525,0.005,click,0.8937
1680.58,1680.585,0.005,click,0.9169
1680.7,1680.705,0.005,click,0.8938
1681.14,1681.145,0.005,click,0.8195
1681.34,1681.345,0.005,click,0.8727
1681.505,1681.51,0.005,click,0.777
1681.72,1681.725,0.005,click,0.851
1682.36,1682.365,0.005,click,0.8852
1682.66,1682.705,0.045,water,0.4725
1683.04,1683.045,0.005,click,0.8779
1683.2,1683.205,0.005,click,0.8854
1683.4,1683.405,0.005,click,0.8281
1683.5,1683.505,0.005,click,0.9082
1684.04,1684.045,0.005,click,0.8235
1684.28,1684.285,0.005,click,0.8925
1684.62,1684.625,0.005,click,0.8859
1684.68,1684.685,0.005,click,0.8358
1685.42,1685.425,0.005,click,0.8855
1685.9,1685.905,0.005,click,0.8225
1686.24,1686.285,0.045,water,0.6
1687.26,1687.265,0.005,click,0.8571
1687.54,1687.545,0.005,click,0.8989
1687.78,1687.785,0.005,click,0.8946
1688.06,1688.065,0.005,click,0.845
1688.12,1688.125,0.005,click,0.8825
1688.2,1688.245,0.045,water,0.3972
1688.38,1688.385,0.005,click,0.8347
1688.6,1688.605,0.005,click,0.8774
1688.8,1688.805,0.005,click,0.9174
1688.88,1688.885,0.005,click,0.8823
1688.96,1689.005,0.045,vocal,0.4696
1689.36,1689.365,0.005,click,0.876
1689.52,1689.545,0.025,water,0.7461
1689.875,1689.88,0.005,click,0.8637
1691.04,1691.045,0.005,click,0.8483
1692.095,1692.1,0.005,click,0.849
1692.295,1692.3,0.005,click,0.8865
1692.56,1692.565,0.005,click,0.8664
1692.775,1692.82,0.045,vocal,0.4943
1692.975,1692.98,0.005,click,0.9007
1693.135,1693.14,0.005,click,0.8878
1693.255,1693.26,0.005,click,0.8706
1693.415,1693.42,0.005,click,0.9043
1693.675,1693.7,0.025,water,0.6574
1693.755,1693.78,0.025,water,0.7538
1693.875,1693.92,0.045,water,0.6148
1694.135,1694.2,0.065,vocal,0.7347
1694.255,1694.26,0.005,click,0.9253
1694.335,1694.34,0.005,click,0.8842
1694.555,1694.56,0.005,click,0.8658
1694.975,1694.98,0.005,click,0.9152
1695.275,1695.28,0.005,click,0.914
1695.775,1695.78,0.005,click,0.9293
1695.915,1695.92,0.005,click,0.9043
1696.315,1696.32,0.005,click,0.8685
1696.475,1696.48,0.005,click,0.8869
1696.835,1696.84,0.005,click,0.8339
1696.895,1696.92,0.025,vocal,0.631
1697.095,1697.1,0.005,click,0.8662
1697.235,1697.24,0.005,click,0.8679
1697.415,1697.42,0.005,click,0.8556
1697.655,1697.66,0.005,click,0.905
1697.915,1697.94,0.025,water,0.5721
1698.215,1698.3,0.085,vocal,0.7536
1698.355,1698.4,0.045,water,0.4093
1698.555,1698.56,0.005,click,0.8483
1698.615,1698.66,0.045,water,0.4848
1699.295,1699.3,0.005,click,0.916
1699.735,1699.74,0.005,click,0.9115
1699.895,1699.92,0.025,water,0.7239
1700.395,1700.4,0.005,click,0.8778
1700.475,1700.48,0.005,click,0.8825
1700.735,1700.74,0.005,click,0.9083
1701.055,1701.1,0.045,water,0.4783
1701.155,1701.18,0.025,water,0.6938
1701.335,1701.34,0.005,click,0.8307
1701.455,1701.5,0.045,water,0.5929
1701.555,1701.56,0.005,click,0.8532
1701.675,1701.68,0.005,click,0.9004
1702.075,1702.08,0.005,click,0.8643
1702.315,1702.32,0.005,click,0.9228
1702.595,1702.6,0.005,click,0.8011
1702.715,1702.72,0.005,click,0.8866
1702.815,1702.84,0.025,water,0.8596
1702.895,1703.02,0.125,other,0.8686
1703.155,1703.2,0.045,vocal,0.4326
1703.475,1703.48,0.005,click,0.8351
1703.815,1703.82,0.005,click,0.8593
1703.895,1703.9,0.005,click,0.8879
1703.995,1704.0,0.005,click,0.8987
1704.135,1704.14,0.005,click,0.8917
1704.855,1704.86,0.005,click,0.8753
1705.215,1705.24,0.025,water,0.7804
1705.295,1705.3,0.005,click,0.897
1705.555,1705.56,0.005,click,0.8649
1705.675,1705.68,0.005,click,0.9186
1706.155,1706.16,0.005,click,0.7902
1706.395,1706.42,0.025,water,0.7201
1706.595,1706.6,0.005,click,0.8982
1706.655,1706.66,0.005,click,0.893
1706.735,1706.74,0.005,click,0.8589
1708.38,1708.385,0.005,click,0.8642
1708.88,1708.945,0.065,vocal,0.5664
1709.04,1709.045,0.005,click,0.9248
1709.44,1709.465,0.025,water,0.6487
1709.56,1709.565,0.005,click,0.8832
1709.68,1709.685,0.005,click,0.8366
1709.98,1710.005,0.025,water,0.7574
1710.74,1710.785,0.045,water,0.4792
1711.0,1711.005,0.005,click,0.8819
1711.1,1711.105,0.005,click,0.8467
1711.96,1711.965,0.005,click,0.9155
1712.16,1712.165,0.005,click,0.8766
1712.3,1712.325,0.025,water,0.7765
1712.52,1712.525,0.005,click,0.8858
1712.96,1712.965,0.005,click,0.8634
1713.46,1713.465,0.005,click,0.8822
1713.53,1713.535,0.005,click,0.7657
1713.58,1713.585,0.005,click,0.8969
1715.865,1715.87,0.005,click,0.7633
1716.165,1716.17,0.005,click,0.8666
1716.245,1716.25,0.005,click,0.8599
1716.385,1716.39,0.005,click,0.9005
1716.445,1716.45,0.005,click,0.8669
1717.025,1717.03,0.005,click,0.9004
1717.645,1717.69,0.045,water,0.3958
1717.865,1717.87,0.005,click,0.9258
1718.185,1718.19,0.005,click,0.9015
1718.245,1718.25,0.005,click,0.8723
1718.425,1718.43,0.005,click,0.8578
1718.54,1718.55,0.01,water,0.6491
1718.605,1718.61,0.005,click,0.9216
1718.785,1718.79,0.005,click,0.8584
1718.885,1718.89,0.005,click,0.8935
1719.425,1719.43,0.005,click,0.8741
1719.705,1719.71,0.005,click,0.8849
1719.845,1719.85,0.005,click,0.8714
1719.905,1719.91,0.005,click,0.8634
1720.405,1720.41,0.005,click,0.8772
1720.525,1720.53,0.005,click,0.9034
1721.005,1721.01,0.005,click,0.9105
1721.645,1721.65,0.005,click,0.8777
1721.765,1721.77,0.005,click,0.8817
1721.965,1721.97,0.005,click,0.8302
1722.125,1722.13,0.005,click,0.833
1722.765,1722.77,0.005,click,0.8884
1722.845,1722.87,0.025,water,0.6315
1722.945,1723.05,0.105,vocal,0.5722
1723.505,1723.51,0.005,click,0.8849
1724.165,1724.17,0.005,click,0.9011
1724.24,1724.245,0.005,click,0.771
1724.38,1724.385,0.005,click,0.8325
1724.565,1724.63,0.065,vocal,0.8905
1724.685,1724.69,0.005,click,0.8893
1724.765,1724.77,0.005,click,0.8959
1724.885,1724.89,0.005,click,0.8675
1725.185,1725.19,0.005,click,0.8985
1725.245,1725.25,0.005,click,0.9002
1725.305,1725.31,0.005,click,0.9009
1725.605,1725.63,0.025,water,0.745
1725.885,1725.89,0.005,click,0.8968
1726.305,1726.31,0.005,click,0.8546
1726.505,1726.51,0.005,click,0.8689
1727.065,1727.07,0.005,click,0.8709
1727.185,1727.19,0.005,click,0.9014
1727.265,1727.29,0.025,water,0.6705
1728.125,1728.15,0.025,water,0.6258
1728.445,1728.45,0.005,click,0.8902
1729.505,1729.51,0.005,click,0.8714
1729.785,1729.79,0.005,click,0.8737
1730.985,1730.99,0.005,click,0.887
1731.295,1731.3,0.005,click,0.8138
1731.385,1731.39,0.005,click,0.8865
1733.35,1733.355,0.005,click,0.8484
1734.11,1734.115,0.005,click,0.8527
1734.21,1734.215,0.005,click,0.895
1735.79,1735.795,0.005,click,0.887
1735.87,1735.875,0.005,click,0.8767
1736.01,1736.015,0.005,click,0.8955
1736.21,1736.215,0.005,click,0.8067
1736.71,1736.715,0.005,click,0.895
1737.01,1737.015,0.005,click,0.8862
1737.99,1737.995,0.005,click,0.8665
1738.09,1738.095,0.005,click,0.8492
1738.51,1738.515,0.005,click,0.8574
1745.695,1745.7,0.005,click,0.7776
1746.085,1746.09,0.005,click,0.9085
1749.225,1749.23,0.005,click,0.8358
1749.885,1749.89,0.005,click,0.8622
1749.935,1749.94,0.005,click,0.7627
1750.045,1750.07,0.025,water,0.7406
1750.84,1750.845,0.005,click,0.9115
1751.74,1751.745,0.005,click,0.8299
1752.04,1752.045,0.005,click,0.88
1752.3,1752.325,0.025,water,0.7437
1752.6,1752.605,0.005,click,0.8589
1752.74,1752.765,0.025,water,0.785
1753.36,1753.365,0.005,click,0.8294
1753.44,1753.445,0.005,click,0.8884
1753.61,1753.62,0.01,click,0.671
1754.72,1754.725,0.005,click,0.8749
1754.78,1754.785,0.005,click,0.9093
1756.04,1756.045,0.005,click,0.8978
1756.68,1756.685,0.005,click,0.8621
1756.755,1756.76,0.005,click,0.7624
1756.82,1756.825,0.005,click,0.9146
1756.92,1756.925,0.005,click,0.8555
1758.315,1758.32,0.005,click,0.8689
1758.675,1758.68,0.005,click,0.8785
1761.59,1761.595,0.005,click,0.8636
1762.995,1763.0,0.005,click,0.8928
1765.085,1765.095,0.01,water,0.8744
1765.71,1765.715,0.005,click,0.8992
1766.21,1766.215,0.005,click,0.8455
1766.51,1766.515,0.005,click,0.8787
1767.57,1767.635,0.065,vocal,0.5055
1768.75,1768.755,0.005,click,0.8583
1769.27,1769.275,0.005,click,0.8697
1774.51,1774.515,0.005,click,0.7885
1778.145,1778.15,0.005,click,0.8494
1779.39,1779.415,0.025,water,0.6404
1781.15,1781.155,0.005,click,0.882
1782.325,1782.33,0.005,click,0.7582
1784.29,1784.295,0.005,click,0.8979
1788.955,1789.0,0.045,water,0.5027
1789.405,1789.41,0.005,click,0.775
1790.315,1790.32,0.005,click,0.8531
1792.155,1792.16,0.005,click,0.8421
1793.53,1793.535,0.005,click,0.6903
1794.28,1794.285,0.005,click,0.868
1794.5,1794.525,0.025,water,0.675
1794.58,1794.585,0.005,click,0.8249
1794.64,1794.685,0.045,vocal,0.5824
1794.76,1794.765,0.005,click,0.9089
1795.04,1795.045,0.005,click,0.8511
1795.74,1795.745,0.005,click,0.8893
1795.82,1795.825,0.005,click,0.8727
1795.98,1796.005,0.025,water,0.8602
1796.06,1796.065,0.005,click,0.9007
1796.12,1796.205,0.085,vocal,0.7397
1796.3,1796.325,0.025,water,0.761
1796.38,1796.485,0.105,vocal,0.542
1796.56,1796.565,0.005,click,0.8829
1796.7,1796.725,0.025,water,0.688
1796.94,1796.985,0.045,water,0.4906
1797.26,1797.265,0.005,click,0.8991
1797.88,1797.885,0.005,click,0.8346
1798.14,1798.145,0.005,click,0.8775
1798.42,1798.425,0.005,click,0.8948
1798.5,1798.545,0.045,water,0.5476
1798.62,1798.645,0.025,water,0.6286
1798.74,1798.765,0.025,water,0.6717
1798.84,1798.865,0.025,water,0.753
1799.04,1799.045,0.005,click,0.8929
1799.4,1799.405,0.005,click,0.9084
1799.92,1799.925,0.005,click,0.8991
1800.08,1800.125,0.045,water,0.4556
1800.24,1800.285,0.045,water,0.6326
1800.38,1800.385,0.005,click,0.8865
1800.54,1800.585,0.045,water,0.4949
1801.54,1801.545,0.005,click,0.9014
1802.06,1802.065,0.005,click,0.8925
1802.64,1802.645,0.005,click,0.9089
1802.9,1802.905,0.005,click,0.8878
1802.96,1802.965,0.005,click,0.8667
1803.28,1803.285,0.005,click,0.9226
1803.34,1803.345,0.005,click,0.9253
1803.6,1803.605,0.005,click,0.8658
1806.08,1806.085,0.005,click,0.8685
1807.885,1807.89,0.005,click,0.9015
1807.985,1807.99,0.005,click,0.8528
1808.105,1808.11,0.005,click,0.854
1808.245,1808.27,0.025,vocal,0.495
1808.365,1808.37,0.005,click,0.9184
1808.445,1808.49,0.045,water,0.4993
1808.785,1808.79,0.005,click,0.9056
1809.045,1809.11,0.065,vocal,0.7185
1809.165,1809.17,0.005,click,0.8756
1809.425,1809.43,0.005,click,0.9008
1809.725,1809.73,0.005,click,0.8653
1809.805,1809.81,0.005,click,0.8716
1809.865,1809.91,0.045,vocal,0.4651
1810.005,1810.05,0.045,water,0.6209
1810.125,1810.25,0.125,other,0.4601
1810.305,1810.35,0.045,water,0.662
1810.485,1810.49,0.005,click,0.8845
1810.565,1810.57,0.005,click,0.8066
1811.225,1811.25,0.025,water,0.678
1811.31,1811.32,0.01,click,0.6878
1811.565,1811.61,0.045,water,0.445
1811.725,1811.73,0.005,click,0.887
1812.105,1812.11,0.005,click,0.8832
1812.285,1812.31,0.025,water,0.7952
1812.425,1812.43,0.005,click,0.9121
1812.505,1812.53,0.025,water,0.7416
1812.585,1812.63,0.045,water,0.5224
1812.765,1812.81,0.045,water,0.5196
1813.125,1813.13,0.005,click,0.9022
1813.245,1813.25,0.005,click,0.885
1813.405,1813.41,0.005,click,0.8835
1813.565,1813.57,0.005,click,0.8912
1813.685,1813.69,0.005,click,0.9094
1814.325,1814.33,0.005,click,0.9274
1814.665,1814.67,0.005,click,0.925
1816.41,1816.415,0.005,click,0.9078
1816.57,1816.575,0.005,click,0.8775
1817.01,1817.015,0.005,click,0.8737
1817.07,1817.075,0.005,click,0.8909
1817.81,1817.815,0.005,click,0.9098
1818.67,1818.675,0.005,click,0.9003
1819.05,1819.055,0.005,click,0.9019
1819.41,1819.415,0.005,click,0.8986
1819.59,1819.595,0.005,click,0.9032
1820.57,1820.575,0.005,click,0.9111
1822.855,1822.86,0.005,click,0.8945
1823.475,1823.48,0.005,click,0.9166
1824.135,1824.14,0.005,click,0.8715
1824.375,1824.38,0.005,click,0.8824
1824.715,1824.72,0.005,click,0.8626
1825.275,1825.28,0.005,click,0.879
1825.775,1825.78,0.005,click,0.9261
1827.315,1827.32,0.005,click,0.854
1827.555,1827.6,0.045,water,0.5104
1827.675,1827.68,0.005,click,0.9101
1827.735,1827.74,0.005,click,0.872
1827.795,1827.84,0.045,water,0.5994
1828.195,1828.2,0.005,click,0.8433
1828.395,1828.4,0.005,click,0.8692
1828.455,1828.46,0.005,click,0.873
1828.915,1828.92,0.005,click,0.9162
1829.48,1829.485,0.005,click,0.7899
1830.095,1830.1,0.005,click,0.8868
1831.88,1831.885,0.005,click,0.9071
1832.14,1832.185,0.045,water,0.5828
1832.4,1832.405,0.005,click,0.861
1832.58,1832.585,0.005,click,0.8902
1832.76,1832.765,0.005,click,0.7882
1832.82,1832.825,0.005,click,0.9017
1833.28,1833.285,0.005,click,0.8631
1833.545,1833.55,0.005,click,0.7902
1833.88,1833.885,0.005,click,0.8535
1834.415,1834.455,0.04,other,0.3421
1834.66,1834.665,0.005,click,0.8874
1834.82,1834.825,0.005,click,0.8381
1835.08,1835.085,0.005,click,0.8913
1835.2,1835.205,0.005,click,0.8906
1835.36,1835.365,0.005,click,0.8357
1835.7,1835.705,0.005,click,0.8717
1836.28,1836.305,0.025,water,0.6922
1836.4,1836.405,0.005,click,0.8459
1836.8,1836.865,0.065,water,0.4972
1836.98,1836.985,0.005,click,0.8546
1837.06,1837.065,0.005,click,0.8209
1837.28,1837.365,0.085,vocal,0.5468
1837.68,1837.685,0.005,click,0.8571
1837.82,1837.825,0.005,click,0.9049
1837.88,1837.885,0.005,click,0.8926
1838.86,1838.925,0.065,vocal,0.5602
1839.42,1839.425,0.005,click,0.8846
1839.9,1839.905,0.005,click,0.8759
1839.98,1839.985,0.005,click,0.8959
1840.32,1840.325,0.005,click,0.8283
1840.48,1840.485,0.005,click,0.8153
1840.56,1840.565,0.005,click,0.9007
1840.7,1840.705,0.005,click,0.8959
1840.84,1840.845,0.005,click,0.9043
1841.04,1841.045,0.005,click,0.8225
1841.1,1841.205,0.105,vocal,0.6162
1841.5,1841.545,0.045,water,0.6292
1841.6,1841.645,0.045,water,0.6589
1841.8,1841.805,0.005,click,0.8828
1841.86,1841.865,0.005,click,0.9099
1842.26,1842.305,0.045,water,0.5955
1842.66,1842.665,0.005,click,0.9061
1842.78,1842.785,0.005,click,0.857
1843.26,1843.265,0.005,click,0.901
1843.5,1843.525,0.025,water,0.7546
1843.92,1843.925,0.005,click,0.8734
1844.02,1844.025,0.005,click,0.8882
1844.68,1844.685,0.005,click,0.8931
1846.13,1846.135,0.005,click,0.8697
1849.52,1849.525,0.005,click,0.8493
1850.145,1850.15,0.005,click,0.9076
1850.645,1850.65,0.005,click,0.9103
1851.205,1851.21,0.005,click,0.868
1851.305,1851.35,0.045,water,0.6674
1851.465,1851.47,0.005,click,0.862
1851.765,1851.77,0.005,click,0.8922
1852.025,1852.05,0.025,water,0.7437
1852.365,1852.39,0.025,water,0.7543
1852.745,1852.75,0.005,click,0.9067
1852.85,1852.865,0.015,water,0.959
1853.005,1853.01,0.005,click,0.8867
1853.085,1853.09,0.005,click,0.901
1853.245,1853.25,0.005,click,0.8745
1853.385,1853.39,0.005,click,0.8398
1853.445,1853.45,0.005,click,0.9005
1853.765,1853.77,0.005,click,0.9056
1854.085,1854.09,0.005,click,0.8559
1854.185,1854.19,0.005,click,0.9064
1854.245,1854.27,0.025,water,0.6186
1854.565,1854.57,0.005,click,0.9015
1854.765,1854.85,0.085,vocal,0.7865
1854.925,1854.93,0.005,click,0.8965
1855.025,1855.03,0.005,click,0.9058
1855.205,1855.25,0.045,water,0.535
1855.715,1855.72,0.005,click,0.8194
1855.905,1855.91,0.005,click,0.8608
1856.425,1856.43,0.005,click,0.8701
1857.125,1857.13,0.005,click,0.8732
1859.57,1859.575,0.005,click,0.8896
1860.09,1860.095,0.005,click,0.8445
1860.56,1860.565,0.005,click,0.7884
1861.01,1861.015,0.005,click,0.8416
1861.73,1861.735,0.005,click,0.8874
1861.97,1861.975,0.005,click,0.9216
1862.47,1862.475,0.005,click,0.8438
1862.87,1862.875,0.005,click,0.9131
1863.61,1863.615,0.005,click,0.8462
1863.77,1863.775,0.005,click,0.9052
1863.89,1863.895,0.005,click,0.9006
1864.23,1864.235,0.005,click,0.8757
1864.29,1864.295,0.005,click,0.8672
1865.15,1865.175,0.025,water,0.7205
1865.81,1865.815,0.005,click,0.8784
1866.51,1866.515,0.005,click,0.8613
1867.45,1867.475,0.025,water,0.6463
1867.79,1867.875,0.085,vocal,0.7622
1867.97,1868.015,0.045,water,0.6053
1868.11,1868.135,0.025,water,0.6008
1868.21,1868.215,0.005,click,0.8816
1868.63,1868.635,0.005,click,0.8667
1868.81,1868.815,0.005,click,0.9019
1868.87,1868.875,0.005,click,0.8782
1869.93,1869.935,0.005,click,0.8922
1870.35,1870.395,0.045,water,0.5453
1870.49,1870.495,0.005,click,0.8669
1870.65,1870.655,0.005,click,0.8999
1870.85,1870.855,0.005,click,0.8675
1871.07,1871.075,0.005,click,0.906
1871.55,1871.555,0.005,click,0.874
1871.87,1871.875,0.005,click,0.8606
1872.19,1872.195,0.005,click,0.8989
1872.41,1872.455,0.045,vocal,0.5446
1872.53,1872.675,0.145,other,0.3654
1872.87,1872.875,0.005,click,0.8659
1872.95,1872.955,0.005,click,0.8922
1873.01,1873.015,0.005,click,0.9041
1873.15,1873.155,0.005,click,0.8844
1873.21,1873.295,0.085,vocal,0.623
1873.43,1873.435,0.005,click,0.9139
1873.57,1873.575,0.005,click,0.8721
1873.73,1873.835,0.105,other,0.7936
1873.93,1873.935,0.005,click,0.8951
1874.05,1874.055,0.005,click,0.901
1874.49,1874.495,0.005,click,0.8643
1874.61,1874.655,0.045,water,0.5546
1874.77,1874.795,0.025,water,0.5243
1874.87,1874.875,0.005,click,0.8804
1874.95,1874.955,0.005,click,0.8291
1875.11,1875.135,0.025,water,0.4945
1875.27,1875.275,0.005,click,0.8991
1875.43,1875.435,0.005,click,0.9073
1875.59,1875.595,0.005,click,0.8928
1876.01,1876.015,0.005,click,0.9103
1876.21,1876.275,0.065,vocal,0.7219
1876.39,1876.435,0.045,water,0.6789
1876.69,1876.795,0.105,other,0.3533
1876.87,1876.915,0.045,vocal,0.4152
1876.99,1877.055,0.065,vocal,0.8831
1877.51,1877.555,0.045,water,0.4505
1877.79,1877.795,0.005,click,0.8656
1877.89,1877.935,0.045,vocal,0.5389
1878.05,1878.055,0.005,click,0.8497
1878.23,1878.235,0.005,click,0.8902
1878.33,1878.395,0.065,vocal,0.7274
1878.45,1878.475,0.025,water,0.7878
1878.59,1878.595,0.005,click,0.8674
1878.83,1878.835,0.005,click,0.8536
1879.01,1879.015,0.005,click,0.8962
1879.11,1879.115,0.005,click,0.8505
1879.63,1879.635,0.005,click,0.8575
1880.785,1880.79,0.005,click,0.9157
1881.005,1881.01,0.005,click,0.8854
1881.825,1881.83,0.005,click,0.861
1881.945,1881.97,0.025,water,0.7037
1882.045,1882.11,0.065,vocal,0.8663
1882.185,1882.19,0.005,click,0.886
1882.265,1882.27,0.005,click,0.9088
1882.365,1882.45,0.085,vocal,0.7659
1882.605,1882.61,0.005,click,0.8807
1882.685,1882.71,0.025,water,0.6186
1882.865,1882.89,0.025,water,0.7511
1883.025,1883.13,0.105,vocal,0.4507
1883.225,1883.35,0.125,other,0.4278
1883.465,1883.53,0.065,vocal,0.6602
1883.605,1883.61,0.005,click,0.9032
1883.665,1883.67,0.005,click,0.8989
1883.825,1883.93,0.105,vocal,0.662
1884.065,1884.07,0.005,click,0.891
1884.245,1884.27,0.025,water,0.595
1884.325,1884.33,0.005,click,0.8406
1884.485,1884.49,0.005,click,0.8773
1884.585,1884.59,0.005,click,0.9056
1884.645,1884.67,0.025,water,0.6256
1884.745,1884.75,0.005,click,0.8758
1884.805,1884.83,0.025,water,0.779
1884.945,1884.95,0.005,click,0.8798
1885.145,1885.17,0.025,water,0.726
1885.245,1885.25,0.005,click,0.905
1885.485,1885.51,0.025,water,0.6095
1885.565,1885.57,0.005,click,0.9085
1885.785,1885.81,0.025,water,0.6297
1885.865,1885.87,0.005,click,0.9012
1885.945,1885.95,0.005,click,0.8765
1886.045,1886.23,0.185,silence,0.496
1886.345,1886.35,0.005,click,0.8984
1886.405,1886.41,0.005,click,0.9241
1886.485,1886.53,0.045,water,0.6472
1886.645,1886.67,0.025,water,0.703
1886.725,1886.73,0.005,click,0.8664
1886.97,1886.99,0.02,water,0.4435
1887.065,1887.11,0.045,water,0.4827
1887.185,1887.25,0.065,vocal,0.7903
1887.345,1887.35,0.005,click,0.8851
1887.465,1887.47,0.005,click,0.8435
1887.525,1887.53,0.005,click,0.8969
1887.605,1887.61,0.005,click,0.8901
1887.665,1887.67,0.005,click,0.8781
1887.745,1887.79,0.045,water,0.7239
1887.945,1888.03,0.085,vocal,0.8102
1888.085,1888.09,0.005,click,0.8441
1888.165,1888.19,0.025,water,0.6304
1888.425,1888.53,0.105,vocal,0.5255
1888.585,1888.63,0.045,water,0.4396
1888.685,1888.69,0.005,click,0.9057
1888.985,1888.99,0.005,click,0.8658
1889.085,1889.09,0.005,click,0.9159
1889.185,1889.19,0.005,click,0.915
1889.565,1889.57,0.005,click,0.8954
1889.765,1889.77,0.005,click,0.9008
1893.24,1893.245,0.005,click,0.872
1894.74,1894.745,0.005,click,0.8991
1896.75,1896.755,0.005,click,0.8048
1897.085,1897.09,0.005,click,0.8776
1897.185,1897.23,0.045,water,0.5108
1897.505,1897.51,0.005,click,0.8943
1897.665,1897.67,0.005,click,0.8314
1898.225,1898.23,0.005,click,0.9144
1898.465,1898.47,0.005,click,0.8143
1898.525,1898.53,0.005,click,0.9199
1898.625,1898.63,0.005,click,0.933
1898.685,1898.73,0.045,water,0.5842
1898.805,1898.81,0.005,click,0.8872
1899.005,1899.01,0.005,click,0.8412
1899.645,1899.71,0.065,vocal,0.7538
1899.865,1899.87,0.005,click,0.9001
1900.245,1900.275,0.03,click,0.3088
1900.745,1900.75,0.005,click,0.8786
1901.565,1901.57,0.005,click,0.8807
1901.885,1901.91,0.025,water,0.716
1902.005,1902.01,0.005,click,0.8886
1902.145,1902.15,0.005,click,0.8935
1902.645,1902.65,0.005,click,0.8837
1903.205,1903.23,0.025,water,0.8015
1903.325,1903.33,0.005,click,0.8764
1903.405,1903.41,0.005,click,0.8903
1903.465,1903.47,0.005,click,0.8832
1903.725,1903.73,0.005,click,0.8839
1904.025,1904.11,0.085,vocal,0.8069
1904.245,1904.25,0.005,click,0.9021
1904.365,1904.37,0.005,click,0.8801
1904.545,1904.55,0.005,click,0.8858
1907.57,1907.575,0.005,click,0.8722
1907.65,1907.655,0.005,click,0.8408
1907.77,1907.775,0.005,click,0.857
1907.89,1907.955,0.065,vocal,0.5745
1908.43,1908.475,0.045,vocal,0.4141
1908.79,1908.795,0.005,click,0.9013
1909.07,1909.075,0.005,click,0.9082
1909.33,1909.335,0.005,click,0.8695
1909.53,1909.555,0.025,water,0.6516
1909.71,1909.715,0.005,click,0.8989
1909.89,1909.955,0.065,vocal,0.5568
1910.17,1910.175,0.005,click,0.9041
1910.29,1910.315,0.025,water,0.7187
1910.47,1910.475,0.005,click,0.8656
1910.57,1910.575,0.005,click,0.9174
1910.63,1910.675,0.045,water,0.6891
1910.77,1910.795,0.025,water,0.793
1910.87,1910.915,0.045,vocal,0.4567
1911.01,1911.015,0.005,click,0.8735
1911.07,1911.075,0.005,click,0.8979
1911.19,1911.235,0.045,water,0.4558
1911.37,1911.375,0.005,click,0.8772
1911.71,1911.715,0.005,click,0.9067
1911.87,1911.875,0.005,click,0.8679
1911.99,1911.995,0.005,click,0.8918
1912.05,1912.055,0.005,click,0.8586
1912.21,1912.315,0.105,vocal,0.4784
1912.41,1912.415,0.005,click,0.8827
1912.61,1912.615,0.005,click,0.8899
1913.47,1913.475,0.005,click,0.8146
1914.125,1914.13,0.005,click,0.6701
1914.915,1914.92,0.005,click,0.9071
1915.115,1915.12,0.005,click,0.8678
1915.635,1915.64,0.005,click,0.8452
1915.855,1915.88,0.025,water,0.7162
1916.395,1916.4,0.005,click,0.9085
1916.595,1916.6,0.005,click,0.8426
1916.835,1916.84,0.005,click,0.8785
1917.615,1917.62,0.005,click,0.8313
1918.155,1918.16,0.005,click,0.8559
1918.275,1918.28,0.005,click,0.915
1919.035,1919.04,0.005,click,0.8575
1919.135,1919.14,0.005,click,0.884
1919.315,1919.4,0.085,vocal,0.6515
1919.595,1919.6,0.005,click,0.887
1919.655,1919.72,0.065,vocal,0.9245
1920.555,1920.56,0.005,click,0.8755
1920.835,1920.84,0.005,click,0.8663
1921.495,1921.5,0.005,click,0.9146
1922.875,1922.88,0.005,click,0.8396
1923.88,1923.905,0.025,water,0.7204
1923.96,1923.965,0.005,click,0.8788
1924.02,1924.025,0.005,click,0.8675
1924.08,1924.105,0.025,water,0.7776
1924.36,1924.365,0.005,click,0.8661
1924.98,1924.985,0.005,click,0.8872
1925.08,1925.085,0.005,click,0.8694
1925.18,1925.185,0.005,click,0.8388
1925.76,1925.765,0.005,click,0.8687
1925.98,1925.985,0.005,click,0.8884
1926.04,1926.045,0.005,click,0.8839
1926.32,1926.365,0.045,water,0.4506
1926.76,1926.765,0.005,click,0.8714
1926.86,1926.865,0.005,click,0.8842
1926.94,1926.945,0.005,click,0.9173
1927.0,1927.005,0.005,click,0.8608
1929.285,1929.29,0.005,click,0.8754
1930.405,1930.41,0.005,click,0.8636
1930.505,1930.51,0.005,click,0.9279
1930.565,1930.57,0.005,click,0.8961
1930.925,1930.93,0.005,click,0.8386
1931.025,1931.05,0.025,water,0.7782
1931.325,1931.33,0.005,click,0.8895
1931.425,1931.43,0.005,click,0.909
1931.545,1931.63,0.085,vocal,0.6687
1931.925,1931.93,0.005,click,0.8894
1932.325,1932.33,0.005,click,0.8917
1932.625,1932.63,0.005,click,0.8773
1932.945,1932.95,0.005,click,0.9234
1933.085,1933.09,0.005,click,0.8875
1933.32,1933.35,0.03,water,0.7521
1933.45,1933.455,0.005,click,0.8727
1933.525,1933.59,0.065,vocal,0.8193
1933.65,1933.73,0.08,vocal,0.8779
1933.805,1933.85,0.045,water,0.4746
1933.965,1933.97,0.005,click,0.9185
1934.145,1934.15,0.005,click,0.9039
1934.445,1934.45,0.005,click,0.8998
1934.745,1934.75,0.005,click,0.8651
1935.005,1935.01,0.005,click,0.9089
1935.065,1935.175,0.11,vocal,0.6053
1935.225,1935.27,0.045,vocal,0.4924
1935.405,1935.535,0.13,other,0.4089
1935.605,1935.61,0.005,click,0.8913
1935.75,1935.815,0.065,vocal,0.845
1935.885,1935.89,0.005,click,0.877
1936.13,1936.17,0.04,vocal,0.4535
1937.49,1937.495,0.005,click,0.871
1937.59,1937.595,0.005,click,0.882
1937.71,1937.715,0.005,click,0.8684
1938.61,1938.615,0.005,click,0.9041
1939.29,1939.355,0.065,vocal,0.6522
1939.55,1939.595,0.045,vocal,0.4253
1939.65,1939.655,0.005,click,0.8747
1940.21,1940.215,0.005,click,0.7681
1941.07,1941.075,0.005,click,0.8687
1941.47,1941.475,0.005,click,0.8855
1941.63,1941.635,0.005,click,0.9116
1941.71,1941.715,0.005,click,0.8909
1941.81,1941.835,0.025,water,0.8103
1942.13,1942.135,0.005,click,0.8943
1942.23,1942.235,0.005,click,0.9103
1942.29,1942.315,0.025,water,0.7433
1942.76,1942.765,0.005,click,0.8469
1943.37,1943.375,0.005,click,0.9054
1943.64,1943.98,0.34,other,0.3693
1944.03,1944.215,0.185,vocal,0.4455
1944.27,1944.275,0.005,click,0.8467
1944.35,1944.475,0.125,vocal,0.5106
1944.61,1944.615,0.005,click,0.833
1944.71,1944.715,0.005,click,0.922
1944.81,1944.815,0.005,click,0.8688
1944.91,1944.915,0.005,click,0.8651
1945.43,1945.475,0.045,water,0.6182
1945.59,1945.595,0.005,click,0.9036
1945.7,1945.705,0.005,click,0.7971
1946.13,1946.135,0.005,click,0.8781
1946.325,1946.755,0.43,other,0.4978
1946.82,1946.995,0.175,vocal,0.4209
1947.21,1947.215,0.005,click,0.8623
1947.67,1947.675,0.005,click,0.8603
1948.25,1948.255,0.005,click,0.8402
1948.345,1948.745,0.4,silence,0.445
1948.79,1948.89,0.1,vocal,0.599
1948.945,1949.035,0.09,vocal,0.7906
1949.15,1949.155,0.005,click,0.8381
1949.33,1949.335,0.005,click,0.8227
1950.91,1951.41,0.5,silence,0.5671
1951.41,1951.47,0.06,vocal,0.695
1951.535,1951.54,0.005,click,0.8813
1951.605,1951.615,0.01,water,0.4748
1951.685,1951.73,0.045,vocal,0.4063
1951.79,1951.795,0.005,click,0.8747
1951.965,1951.975,0.01,water,0.6001
1952.065,1952.11,0.045,water,0.6315
1952.185,1952.29,0.105,vocal,0.5668
1952.345,1952.35,0.005,click,0.9222
1952.425,1952.43,0.005,click,0.8605
1952.485,1952.51,0.025,water,0.6974
1952.665,1952.67,0.005,click,0.8721
1952.725,1952.73,0.005,click,0.8784
1952.805,1952.81,0.005,click,0.8748
1952.865,1952.95,0.085,vocal,0.8059
1953.045,1953.05,0.005,click,0.8816
1953.285,1953.29,0.005,click,0.8849
1953.345,1953.41,0.065,water,0.5162
1953.465,1953.53,0.065,vocal,0.8144
1953.585,1953.63,0.045,water,0.4987
1953.725,1953.75,0.025,water,0.8017
1953.845,1953.85,0.005,click,0.8758
1954.025,1954.05,0.025,water,0.758
1954.165,1954.21,0.045,water,0.4169
1954.645,1954.65,0.005,click,0.89
1954.765,1954.79,0.025,water,0.7719
1954.925,1954.99,0.065,vocal,0.7867
1955.045,1955.05,0.005,click,0.8987
1955.105,1955.27,0.165,other,0.636
1955.445,1955.45,0.005,click,0.8701
1955.545,1955.59,0.045,water,0.7784
1955.665,1955.69,0.025,water,0.8404
1955.785,1955.97,0.185,other,0.6794
1956.045,1956.09,0.045,water,0.4787
1956.245,1956.25,0.005,click,0.8895
1956.365,1956.37,0.005,click,0.8438
1956.505,1956.51,0.005,click,0.8603
1956.765,1956.77,0.005,click,0.8731
1956.985,1957.01,0.025,water,0.624
1957.065,1957.11,0.045,vocal,0.4408
1957.165,1957.27,0.105,vocal,0.4987
1957.425,1957.43,0.005,click,0.8417
1957.485,1957.53,0.045,water,0.582
1957.785,1957.79,0.005,click,0.8453
1957.965,1958.01,0.045,water,0.7835
1958.125,1958.17,0.045,water,0.5894
1958.265,1958.35,0.085,vocal,0.7603
1958.585,1958.67,0.085,vocal,0.7444
1958.845,1958.85,0.005,click,0.8618
1958.925,1958.93,0.005,click,0.8306
1959.025,1959.03,0.005,click,0.8791
1959.14,1959.145,0.005,click,0.883
1959.245,1959.25,0.005,click,0.8583
1959.745,1959.75,0.005,click,0.8722
1961.04,1961.045,0.005,click,0.8731
1962.98,1962.985,0.005,click,0.909
1963.5,1963.505,0.005,click,0.9222
1963.98,1963.985,0.005,click,0.8762
1964.62,1964.645,0.025,water,0.6232
1964.82,1964.825,0.005,click,0.9175
1964.92,1964.965,0.045,vocal,0.5356
1965.02,1965.025,0.005,click,0.8851
1965.22,1965.325,0.105,vocal,0.6514
1965.44,1965.445,0.005,click,0.8959
1965.64,1965.665,0.025,water,0.86
1965.76,1965.905,0.145,vocal,0.4199
1966.06,1966.065,0.005,click,0.9138
1966.42,1966.545,0.125,other,0.4533
1966.64,1966.805,0.165,other,0.6926
1966.86,1966.885,0.025,water,0.8714
1966.96,1966.965,0.005,click,0.8501
1967.02,1967.025,0.005,click,0.8598
1967.1,1967.145,0.045,vocal,0.3573
1967.26,1967.305,0.045,vocal,0.4294
1967.36,1967.385,0.025,water,0.593
1967.44,1967.445,0.005,click,0.9009
1967.72,1967.725,0.005,click,0.8861
1967.8,1967.805,0.005,click,0.9119
1967.86,1967.865,0.005,click,0.8721
1967.94,1968.065,0.125,vocal,0.3983
1968.12,1968.125,0.005,click,0.9165
1968.22,1968.225,0.005,click,0.8813
1968.28,1968.285,0.005,click,0.8857
1968.34,1968.345,0.005,click,0.8823
1968.44,1968.445,0.005,click,0.8854
1968.51,1968.565,0.055,other,0.5294
1968.62,1968.625,0.005,click,0.9052
1968.74,1968.745,0.005,click,0.8826
1968.88,1968.925,0.045,vocal,0.5678
1969.04,1969.045,0.005,click,0.8535
1969.12,1969.165,0.045,water,0.4479
1969.26,1969.265,0.005,click,0.9274
1969.38,1969.385,0.005,click,0.8699
1969.44,1969.445,0.005,click,0.8211
1969.74,1969.765,0.025,water,0.7596
1969.86,1969.865,0.005,click,0.8722
1970.46,1970.685,0.225,other,0.7257
1970.76,1970.785,0.025,water,0.7337
1970.88,1970.885,0.005,click,0.8724
1970.94,1970.945,0.005,click,0.882
1971.04,1971.045,0.005,click,0.9218
1971.24,1971.245,0.005,click,0.8693
1971.44,1971.445,0.005,click,0.8917
1971.56,1971.565,0.005,click,0.8714
1971.9,1971.905,0.005,click,0.9071
1971.96,1971.985,0.025,water,0.7528
1972.06,1972.065,0.005,click,0.9209
1972.12,1972.125,0.005,click,0.8781
1972.22,1972.225,0.005,click,0.8531
1972.3,1972.305,0.005,click,0.8096
1972.36,1972.365,0.005,click,0.9186
1972.88,1972.885,0.005,click,0.9245
1972.96,1972.965,0.005,click,0.8943
1973.06,1973.065,0.005,click,0.8956
1973.3,1973.305,0.005,click,0.9027
1973.36,1973.365,0.005,click,0.8936
1973.44,1973.445,0.005,click,0.8901
1973.62,1973.625,0.005,click,0.8663
1973.74,1973.745,0.005,click,0.9103
1973.96,1973.965,0.005,click,0.8976
1974.32,1974.325,0.005,click,0.8793
1974.48,1974.485,0.005,click,0.8872
1974.54,1974.545,0.005,click,0.8389
1974.94,1974.945,0.005,click,0.9016
1975.26,1975.265,0.005,click,0.9017
1975.68,1975.685,0.005,click,0.8877
1976.24,1976.245,0.005,click,0.8958
1977.46,1977.595,0.135,vocal,0.5846
1977.64,1977.945,0.305,silence,0.4287
1978.0,1978.005,0.005,click,0.8519
1978.065,1978.11,0.045,vocal,0.4645
1978.165,1978.17,0.005,click,0.8987
1978.405,1978.75,0.345,other,0.6772
1978.805,1978.97,0.165,other,0.3403
1979.105,1979.165,0.06,vocal,0.8365
1979.365,1979.41,0.045,water,0.4292
1979.465,1979.47,0.005,click,0.8805
1979.705,1979.73,0.025,water,0.6383
1979.925,1979.93,0.005,click,0.906
1980.065,1980.47,0.405,other,0.5985
1980.545,1980.57,0.025,water,0.7668
1980.645,1980.65,0.005,click,0.8861
1980.705,1980.75,0.045,water,0.4896
1981.205,1981.25,0.045,vocal,0.5285
1981.305,1981.31,0.005,click,0.8441
1981.625,1981.63,0.005,click,0.8908
1981.785,1981.79,0.005,click,0.8278
1981.905,1981.91,0.005,click,0.8843
1982.105,1982.11,0.005,click,0.8649
1982.385,1982.39,0.005,click,0.852
1982.465,1982.47,0.005,click,0.8689
1982.585,1982.59,0.005,click,0.8101
1982.645,1982.69,0.045,water,0.6067
1982.745,1982.77,0.025,water,0.6789
1982.925,1982.93,0.005,click,0.8856
1983.065,1983.07,0.005,click,0.9084
1983.34,1983.81,0.47,silence,0.619
1983.865,1983.95,0.085,vocal,0.7935
1983.995,1984.495,0.5,silence,0.4481
1984.495,1984.57,0.075,vocal,0.9198
1984.645,1984.69,0.045,water,0.5155
1984.745,1985.17,0.425,other,0.6218
1985.285,1985.39,0.105,vocal,0.6529
1985.525,1985.53,0.005,click,0.9044
1985.665,1985.67,0.005,click,0.9171
1985.785,1985.79,0.005,click,0.8807
1985.945,1985.95,0.005,click,0.9263
1986.005,1986.05,0.045,water,0.4364
1986.145,1986.15,0.005,click,0.888
1986.245,1986.25,0.005,click,0.8984
1986.385,1986.39,0.005,click,0.8976
1986.505,1986.55,0.045,vocal,0.4818
1986.685,1986.69,0.005,click,0.8604
1987.025,1987.07,0.045,vocal,0.5475
1987.125,1987.13,0.005,click,0.8761
1987.245,1987.29,0.045,vocal,0.446
1987.41,1987.45,0.04,water,0.6339
1987.605,1987.61,0.005,click,0.9093
1987.705,1987.75,0.045,water,0.6226
1987.885,1987.89,0.005,click,0.871
1987.945,1987.95,0.005,click,0.9017
1988.365,1988.37,0.005,click,0.8997
1988.425,1988.47,0.045,vocal,0.4488
1988.525,1988.53,0.005,click,0.9147
1988.585,1988.59,0.005,click,0.8846
1988.785,1989.285,0.5,other,0.6053
1989.285,1989.43,0.145,other,0.5326
1989.505,1989.55,0.045,water,0.542
1989.605,1989.75,0.145,water,0.5408
1989.845,1989.85,0.005,click,0.8818
1989.905,1989.95,0.045,vocal,0.5021
1990.025,1990.03,0.005,click,0.8768
1990.105,1990.11,0.005,click,0.8763
1990.185,1990.21,0.025,water,0.7089
1990.385,1990.39,0.005,click,0.8585
1990.445,1990.49,0.045,water,0.2939
1990.565,1990.57,0.005,click,0.8676
1990.645,1990.65,0.005,click,0.8997
1990.965,1990.97,0.005,click,0.931
1991.025,1991.05,0.025,water,0.7629
1991.185,1991.19,0.005,click,0.86
1991.285,1991.33,0.045,vocal,0.628
1991.525,1991.53,0.005,click,0.8914
1991.695,1991.7,0.005,click,0.7931
1991.845,1991.87,0.025,water,0.8939
1992.08,1992.13,0.05,water,0.7958
1992.405,1992.41,0.005,click,0.9157
1992.505,1992.51,0.005,click,0.8552
1992.845,1992.89,0.045,water,0.6251
1993.065,1993.07,0.005,click,0.907
1993.465,1993.47,0.005,click,0.8847
1993.565,1993.67,0.105,vocal,0.5786
1994.135,1994.14,0.005,click,0.785
1994.665,1994.67,0.005,click,0.9034
1994.765,1994.77,0.005,click,0.8894
1994.885,1994.89,0.005,click,0.9117
1995.165,1995.51,0.345,other,0.6797
1995.585,1995.59,0.005,click,0.8809
1995.745,1995.75,0.005,click,0.8954
1995.805,1995.83,0.025,water,0.5846
1995.905,1995.95,0.045,vocal,0.5328
1996.005,1996.03,0.025,water,0.8395
1996.125,1996.13,0.005,click,0.8713
1996.345,1996.655,0.31,other,0.7166
1996.7,1996.875,0.175,vocal,0.4132
1996.945,1997.05,0.105,other,0.5107
1997.105,1997.11,0.005,click,0.9109
1997.165,1997.17,0.005,click,0.8764
1997.245,1997.29,0.045,water,0.5616
1997.345,1997.35,0.005,click,0.8977
1997.465,1997.57,0.105,vocal,0.5836
1997.625,1997.63,0.005,click,0.8842
1997.705,1997.71,0.005,click,0.8996
1997.765,1997.79,0.025,water,0.5232
1998.465,1998.47,0.005,click,0.8615
1998.605,1998.61,0.005,click,0.8638
1998.845,1998.85,0.005,click,0.8758
1999.38,1999.39,0.01,water,0.667
1999.725,1999.73,0.005,click,0.8567
1999.865,1999.87,0.005,click,0.8534
2000.045,2000.05,0.005,click,0.8477
2000.205,2000.21,0.005,click,0.8552
2000.325,2000.33,0.005,click,0.8694
2000.405,2000.41,0.005,click,0.8705
2000.605,2000.63,0.025,water,0.8226
2000.685,2000.69,0.005,click,0.8788
2000.785,2000.79,0.005,click,0.8284
2000.945,2000.95,0.005,click,0.8748
2001.025,2001.03,0.005,click,0.883
2001.365,2001.37,0.005,click,0.8843
2001.445,2001.945,0.5,other,0.5412
2001.945,2002.11,0.165,vocal,0.4109
2002.185,2002.27,0.085,vocal,0.5889
2002.345,2002.39,0.045,vocal,0.591
2002.465,2002.47,0.005,click,0.9005
2002.545,2002.55,0.005,click,0.8952
2002.665,2002.755,0.09,vocal,0.7464
2002.825,2003.05,0.225,other,0.3505
2003.105,2003.11,0.005,click,0.8963
2003.285,2003.29,0.005,click,0.8705
2003.405,2003.43,0.025,water,0.7053
2003.525,2003.57,0.045,water,0.607
2003.745,2003.75,0.005,click,0.8623
2003.805,2003.81,0.005,click,0.8932
2004.085,2004.09,0.005,click,0.862
2004.285,2004.29,0.005,click,0.8793
2004.345,2004.35,0.005,click,0.8271
2004.405,2004.41,0.005,click,0.8978
2004.565,2004.57,0.005,click,0.9054
2004.785,2004.79,0.005,click,0.9097
2005.165,2005.19,0.025,water,0.7263
2005.345,2005.35,0.005,click,0.8706
2005.785,2005.79,0.005,click,0.8733
2006.045,2006.305,0.26,silence,0.382
2006.405,2006.51,0.105,vocal,0.715
2006.565,2006.67,0.105,vocal,0.5503
2006.805,2006.85,0.045,water,0.4863
2006.925,2006.93,0.005,click,0.886
2006.975,2007.19,0.215,other,0.7875
2007.245,2007.745,0.5,silence,0.6649
2007.745,2007.85,0.105,other,0.443
2007.915,2007.99,0.075,vocal,0.5088
2008.045,2008.055,0.01,water,0.8544
2008.145,2008.15,0.005,click,0.9097
2008.365,2008.39,0.025,water,0.8743
2008.445,2008.51,0.065,water,0.5293
2008.56,2009.06,0.5,other,0.7208
2009.06,2009.56,0.5,water,0.5282
2009.56,2010.06,0.5,water,0.7277
2010.06,2010.56,0.5,other,0.5151
2010.56,2011.06,0.5,water,0.5467
2011.06,2011.56,0.5,water,0.453
2011.56,2012.06,0.5,water,0.8409
2012.06,2012.56,0.5,water,0.8082
2012.56,2013.06,0.5,water,0.8275
2013.06,2013.56,0.5,water,0.8045
2013.56,2014.06,0.5,water,0.8032
2014.06,2014.56,0.5,water,0.7799
2014.56,2015.06,0.5,other,0.5157
2015.06,2015.56,0.5,water,0.7525
2015.56,2016.06,0.5,water,0.6944
2016.06,2016.56,0.5,water,0.763
2016.56,2017.06,0.5,water,0.7208
2017.06,2017.56,0.5,water,0.5784
2017.56,2018.06,0.5,other,0.5688
2018.06,2018.13,0.07,vocal,0.8988
2018.305,2018.31,0.005,click,0.8907
2018.365,2018.49,0.125,vocal,0.402
2019.025,2019.05,0.025,water,0.8006
2019.105,2019.11,0.005,click,0.9161
2019.165,2019.21,0.045,vocal,0.5473
2019.385,2019.43,0.045,water,0.6173
2019.485,2019.585,0.1,other,0.36
2019.665,2019.71,0.045,vocal,0.4332
2019.925,2019.93,0.005,click,0.9111
2019.985,2020.07,0.085,vocal,0.6753
2020.165,2020.21,0.045,water,0.4801
2020.325,2020.35,0.025,water,0.5912
2020.405,2020.45,0.045,water,0.5675
2020.705,2020.71,0.005,click,0.8538
2020.86,2020.92,0.06,vocal,0.7708
2020.965,2021.03,0.065,vocal,0.8366
2021.085,2021.09,0.005,click,0.8854
2021.225,2021.27,0.045,vocal,0.5933
2021.605,2021.61,0.005,click,0.9021
2021.7,2021.705,0.005,click,0.8926
2021.965,2021.97,0.005,click,0.8818
2022.025,2022.03,0.005,click,0.8515
2022.645,2022.65,0.005,click,0.8794
2022.785,2022.79,0.005,click,0.8653
2022.865,2022.87,0.005,click,0.9216
2023.105,2023.11,0.005,click,0.883
2023.225,2023.23,0.005,click,0.8829
2023.705,2023.71,0.005,click,0.8725
2023.825,2023.83,0.005,click,0.9025
2024.105,2024.11,0.005,click,0.9064
2024.205,2024.21,0.005,click,0.8412
2024.645,2024.65,0.005,click,0.8581
2024.73,2024.77,0.04,water,0.6423
2024.865,2024.87,0.005,click,0.8609
2025.005,2025.01,0.005,click,0.9026
2025.1,2025.115,0.015,water,0.5067
2025.185,2025.27,0.085,vocal,0.7181
2025.385,2025.55,0.165,other,0.4031
2025.685,2025.805,0.12,vocal,0.6835
2025.96,2025.97,0.01,water,0.6042
2026.125,2026.21,0.085,vocal,0.832
2026.545,2026.55,0.005,click,0.86
2026.625,2026.63,0.005,click,0.8735
2028.065,2028.215,0.15,vocal,0.5405
2028.265,2028.29,0.025,water,0.7215
2028.365,2028.73,0.365,other,0.61
2028.785,2028.885,0.1,vocal,0.6837
2028.96,2028.965,0.005,click,0.889
2029.025,2029.05,0.025,water,0.5512
2029.185,2029.27,0.085,vocal,0.7091
2029.545,2029.55,0.005,click,0.9253
2029.62,2029.625,0.005,click,0.8637
2030.22,2030.225,0.005,click,0.8842
2030.42,2030.765,0.345,silence,0.5892
2030.82,2030.825,0.005,click,0.8717
2030.96,2030.965,0.005,click,0.8812
2031.165,2031.17,0.005,click,0.9234
2031.24,2031.265,0.025,water,0.724
2031.325,2031.35,0.025,water,0.6905
2031.86,2031.91,0.05,water,0.4736
2031.965,2031.97,0.005,click,0.8978
2032.445,2032.525,0.08,vocal,0.7626
2032.6,2032.63,0.03,water,0.7565
2032.825,2032.865,0.04,vocal,0.5775
2032.985,2033.03,0.045,water,0.7855
2033.1,2033.145,0.045,vocal,0.4823
2033.24,2033.245,0.005,click,0.8829
2033.665,2033.67,0.005,click,0.9093
2034.28,2034.285,0.005,click,0.888
2034.425,2034.43,0.005,click,0.8285
2035.34,2035.345,0.005,click,0.8902
2035.785,2035.79,0.005,click,0.8786
2035.865,2035.91,0.045,water,0.4634
2035.96,2035.965,0.005,click,0.8538
2036.065,2036.09,0.025,water,0.6651
2036.425,2036.43,0.005,click,0.8682
2036.705,2036.71,0.005,click,0.8479
2036.82,2036.825,0.005,click,0.9048
2036.925,2036.93,0.005,click,0.8833
2037.185,2037.19,0.005,click,0.8616
2037.245,2037.31,0.065,vocal,0.8774
2037.805,2037.84,0.035,other,0.4292
2037.945,2037.95,0.005,click,0.8657
2038.27,2038.57,0.3,other,0.6057
2038.62,2038.825,0.205,other,0.5068
2038.925,2038.99,0.065,vocal,0.8876
2039.175,2039.18,0.005,click,0.8312
2039.265,2039.27,0.005,click,0.9002
2039.345,2039.38,0.035,click,0.4733
2039.545,2039.59,0.045,water,0.47
2039.645,2039.67,0.025,water,0.7766
2039.745,2039.77,0.025,water,0.6988
2039.965,2040.05,0.085,vocal,0.7424
2040.225,2040.23,0.005,click,0.8713
2040.465,2040.51,0.045,water,0.6684
2040.645,2040.65,0.005,click,0.8602
2040.705,2040.71,0.005,click,0.8349
2040.845,2040.89,0.045,water,0.4836
2040.965,2040.97,0.005,click,0.8797
2041.045,2041.05,0.005,click,0.8782
2041.205,2041.25,0.045,water,0.5343
2041.305,2041.31,0.005,click,0.8203
2041.505,2041.55,0.045,water,0.6326
2041.685,2041.69,0.005,click,0.854
2041.745,2041.83,0.085,vocal,0.6892
2041.885,2041.89,0.005,click,0.907
2041.965,2042.05,0.085,vocal,0.719
2042.125,2042.21,0.085,vocal,0.6259
2042.285,2042.37,0.085,vocal,0.4955
2042.425,2042.49,0.065,vocal,0.7186
2042.545,2042.55,0.005,click,0.8149
2042.605,2042.71,0.105,vocal,0.5866
2042.865,2042.89,0.025,water,0.6893
2042.945,2042.97,0.025,water,0.4985
2043.025,2043.03,0.005,click,0.8789
2043.125,2043.13,0.005,click,0.8538
2043.245,2043.25,0.005,click,0.8814
2043.325,2043.37,0.045,water,0.4805
2043.505,2043.51,0.005,click,0.8907
2043.565,2043.57,0.005,click,0.8935
2043.665,2043.73,0.065,vocal,0.6956
2043.805,2044.01,0.205,silence,0.5632
2044.145,2044.43,0.285,silence,0.4853
2044.525,2044.61,0.085,vocal,0.615
2044.685,2044.71,0.025,water,0.7898
2044.765,2044.81,0.045,water,0.4431
2044.885,2045.03,0.145,other,0.4185
2045.125,2045.13,0.005,click,0.8887
2045.225,2045.23,0.005,click,0.8479
2045.285,2045.33,0.045,water,0.4641
2045.425,2045.43,0.005,click,0.8851
2045.545,2045.73,0.185,silence,0.4192
2045.825,2045.93,0.105,vocal,0.5012
2046.005,2046.07,0.065,vocal,0.8639
2046.125,2046.25,0.125,vocal,0.3917
2046.325,2046.35,0.025,water,0.7031
2046.425,2046.47,0.045,vocal,0.6172
2046.545,2046.61,0.065,vocal,0.7107
2046.665,2046.71,0.045,water,0.4484
2046.765,2047.03,0.265,silence,0.6413
2047.085,2047.15,0.065,vocal,0.7756
2047.205,2047.21,0.005,click,0.8639
2047.345,2047.35,0.005,click,0.8755
2047.585,2047.59,0.005,click,0.8878
2047.745,2047.75,0.005,click,0.8823
2047.83,2048.17,0.34,other,0.5555
2048.265,2048.27,0.005,click,0.8919
2048.405,2048.49,0.085,vocal,0.7668
2048.545,2048.55,0.005,click,0.768
2048.645,2048.65,0.005,click,0.9199
2048.765,2048.77,0.005,click,0.8337
2048.925,2049.09,0.165,other,0.4655
2049.165,2049.19,0.025,water,0.7707
2049.265,2049.27,0.005,click,0.9207
2049.325,2049.33,0.005,click,0.8889
2049.445,2049.45,0.005,click,0.8867
2049.525,2049.53,0.005,click,0.8714
2049.865,2049.93,0.065,vocal,0.8026
2050.065,2050.07,0.005,click,0.8891
2050.185,2050.19,0.005,click,0.8822
2050.245,2050.33,0.085,vocal,0.7662
2050.405,2050.41,0.005,click,0.8945
2050.765,2050.81,0.045,water,0.4311
2050.905,2050.95,0.045,vocal,0.4776
2051.045,2051.05,0.005,click,0.8943
2051.205,2051.21,0.005,click,0.9212
2051.465,2051.47,0.005,click,0.8861
2051.925,2051.93,0.005,click,0.8665
2052.025,2052.03,0.005,click,0.8834
2052.945,2053.135,0.19,other,0.5879
2053.19,2053.22,0.03,water,0.8762
2053.305,2053.375,0.07,vocal,0.8161
2053.43,2053.455,0.025,water,0.7092
2053.55,2053.555,0.005,click,0.8483
2053.61,2053.615,0.005,click,0.8629
2053.89,2053.935,0.045,water,0.5341
2054.05,2054.055,0.005,click,0.9157
2054.17,2054.175,0.005,click,0.9039
2054.47,2054.475,0.005,click,0.8235
2054.55,2054.635,0.085,vocal,0.6489
2054.93,2054.935,0.005,click,0.9049
2055.03,2055.115,0.085,vocal,0.6534
2055.21,2055.275,0.065,vocal,0.6391
2055.39,2055.415,0.025,water,0.7869
2055.51,2055.535,0.025,water,0.7727
2055.61,2055.615,0.005,click,0.8871
2055.67,2055.715,0.045,water,0.4776
2055.83,2055.835,0.005,click,0.8531
2055.95,2055.955,0.005,click,0.8732
2056.19,2056.235,0.045,water,0.4555
2056.29,2056.355,0.065,vocal,0.7372
2056.59,2056.615,0.025,water,0.5999
2056.77,2056.775,0.005,click,0.8807
2056.97,2056.975,0.005,click,0.8724
2057.09,2057.135,0.045,vocal,0.574
2057.27,2057.315,0.045,vocal,0.4355
2057.37,2057.395,0.025,water,0.6921
2057.51,2057.535,0.025,water,0.5813
2057.59,2057.595,0.005,click,0.8739
2057.75,2057.775,0.025,water,0.7265
2058.07,2058.075,0.005,click,0.9199
2058.67,2058.675,0.005,click,0.8291
2058.79,2058.795,0.005,click,0.9126
2058.97,2058.975,0.005,click,0.9135
2059.735,2059.82,0.085,vocal,0.874
2059.875,2059.88,0.005,click,0.8567
2060.115,2060.12,0.005,click,0.911
2060.175,2060.18,0.005,click,0.8828
2060.415,2060.42,0.005,click,0.8919
2060.575,2060.58,0.005,click,0.8747
2060.635,2060.68,0.045,water,0.5903
2060.815,2060.86,0.045,water,0.4688
2060.915,2060.96,0.045,vocal,0.4829
2061.025,2061.03,0.005,click,0.8291
2061.075,2061.08,0.005,click,0.8804
2061.275,2061.28,0.005,click,0.8852
2061.395,2061.4,0.005,click,0.886
2061.475,2061.52,0.045,water,0.4684
2061.695,2061.7,0.005,click,0.8732
2061.775,2061.78,0.005,click,0.8897
2061.835,2061.84,0.005,click,0.8846
2062.075,2062.08,0.005,click,0.8856
2062.175,2062.3,0.125,vocal,0.3966
2062.375,2062.38,0.005,click,0.9133
2062.495,2062.5,0.005,click,0.8945
2062.695,2062.7,0.005,click,0.8469
2062.795,2062.84,0.045,vocal,0.6621
2062.915,2062.92,0.005,click,0.9052
2063.015,2063.04,0.025,water,0.6129
2063.115,2063.12,0.005,click,0.9283
2063.195,2063.2,0.005,click,0.8947
2063.275,2063.28,0.005,click,0.8867
2063.355,2063.4,0.045,water,0.4721
2063.455,2063.54,0.085,vocal,0.7371
2063.815,2063.86,0.045,vocal,0.443
2063.915,2063.92,0.005,click,0.8929
2064.015,2064.06,0.045,vocal,0.4975
2064.215,2064.22,0.005,click,0.8358
2064.295,2064.3,0.005,click,0.9058
2064.355,2064.36,0.005,click,0.8894
2064.435,2064.44,0.005,click,0.9012
2064.515,2064.52,0.005,click,0.8944
2064.835,2064.84,0.005,click,0.8881
2065.015,2065.02,0.005,click,0.9328
2065.115,2065.125,0.01,water,0.4711
2065.195,2065.28,0.085,vocal,0.7731
2065.475,2065.48,0.005,click,0.8636
2065.565,2065.6,0.035,water,0.8603
2065.755,2065.8,0.045,vocal,0.4203
2065.855,2065.88,0.025,water,0.702
2065.975,2065.98,0.005,click,0.9057
2066.235,2066.34,0.105,vocal,0.5062
2066.395,2066.4,0.005,click,0.8873
2067.83,2067.94,0.11,vocal,0.4742
2067.995,2068.005,0.01,water,0.6103
2068.12,2068.145,0.025,water,0.7369
2068.2,2068.205,0.005,click,0.891
2068.275,2068.28,0.005,click,0.8279
2068.52,2068.525,0.005,click,0.8852
2068.58,2068.645,0.065,vocal,0.8351
2068.7,2068.705,0.005,click,0.8441
2068.895,2068.925,0.03,water,0.941
2069.2,2069.205,0.005,click,0.8307
2069.46,2069.505,0.045,water,0.6753
2069.58,2069.585,0.005,click,0.8821
2069.66,2069.705,0.045,water,0.5727
2070.08,2070.085,0.005,click,0.8977
2070.2,2070.205,0.005,click,0.8911
2070.3,2070.305,0.005,click,0.8358
2070.38,2070.505,0.125,vocal,0.546
2070.66,2070.665,0.005,click,0.8627
2070.72,2070.825,0.105,vocal,0.6524
2070.88,2070.885,0.005,click,0.8834
2071.3,2071.445,0.145,other,0.6117
2071.5,2071.505,0.005,click,0.9063
2071.62,2071.665,0.045,water,0.5035
2071.75,2071.755,0.005,click,0.7947
2071.82,2071.825,0.005,click,0.8904
2071.88,2071.905,0.025,water,0.6675
2071.98,2071.985,0.005,click,0.8768
2072.2,2072.205,0.005,click,0.8673
2072.26,2072.265,0.005,click,0.8981
2072.34,2072.345,0.005,click,0.8893
2072.4,2072.405,0.005,click,0.8928
2072.54,2072.565,0.025,water,0.7173
2072.62,2072.625,0.005,click,0.8974
2072.7,2072.785,0.085,vocal,0.7298
2072.92,2072.925,0.005,click,0.8892
2073.0,2073.005,0.005,click,0.852
2073.2,2073.225,0.025,water,0.7885
2073.3,2073.305,0.005,click,0.8851
2073.54,2073.545,0.005,click,0.8799
2074.08,2074.085,0.005,click,0.8878
2074.14,2074.145,0.005,click,0.8457
2074.825,2074.83,0.005,click,0.9138
2075.045,2075.05,0.005,click,0.8966
2075.505,2075.51,0.005,click,0.8819
2075.565,2075.57,0.005,click,0.8581
2075.685,2075.69,0.005,click,0.923
2075.765,2075.91,0.145,other,0.4178
2075.965,2075.995,0.03,water,0.5341
2076.065,2076.11,0.045,water,0.5847
2076.305,2076.33,0.025,water,0.6651
2076.485,2076.71,0.225,other,0.5795
2076.865,2076.89,0.025,water,0.6459
2076.945,2076.97,0.025,water,0.7513
2077.045,2077.07,0.025,water,0.6344
2077.545,2077.67,0.125,vocal,0.3618
2077.785,2077.79,0.005,click,0.8967
2077.925,2077.93,0.005,click,0.8918
2078.025,2078.13,0.105,vocal,0.6589
2078.185,2078.23,0.045,vocal,0.4369
2078.325,2078.35,0.025,water,0.6904
2078.425,2078.43,0.005,click,0.862
2078.565,2078.57,0.005,click,0.8793
2078.625,2078.63,0.005,click,0.8771
2079.165,2079.17,0.005,click,0.8866
2079.285,2079.39,0.105,vocal,0.5467
2079.545,2079.55,0.005,click,0.9017
2079.745,2079.75,0.005,click,0.855
2079.865,2080.09,0.225,other,0.4882
2080.145,2080.15,0.005,click,0.8906
2080.265,2080.27,0.005,click,0.9219
2080.425,2080.43,0.005,click,0.9207
2080.485,2080.49,0.005,click,0.9061
2080.745,2080.77,0.025,water,0.6923
2080.905,2081.03,0.125,other,0.6172
2081.085,2081.15,0.065,vocal,0.6749
2081.245,2081.31,0.065,vocal,0.6943
2081.425,2081.43,0.005,click,0.882
2081.585,2081.59,0.005,click,0.9017
2081.665,2081.77,0.105,vocal,0.4892
2081.825,2081.83,0.005,click,0.8139
2082.065,2082.23,0.165,other,0.5862
2082.285,2082.29,0.005,click,0.8434
2082.365,2082.39,0.025,water,0.723
2082.445,2082.55,0.105,vocal,0.5154
2082.605,2082.795,0.19,other,0.4092
2082.905,2082.95,0.045,vocal,0.4142
2083.025,2083.31,0.285,silence,0.5876
2083.385,2083.39,0.005,click,0.927
2083.585,2083.59,0.005,click,0.8956
2083.725,2083.77,0.045,water,0.448
2083.985,2084.03,0.045,click,0.4054
2084.085,2084.23,0.145,vocal,0.4884
2084.285,2084.29,0.005,click,0.8676
2084.345,2084.35,0.005,click,0.8632
2084.405,2084.41,0.005,click,0.9012
2084.485,2084.53,0.045,water,0.6832
2084.585,2084.67,0.085,vocal,0.8104
2084.745,2084.75,0.005,click,0.8854
2084.805,2084.83,0.025,water,0.698
2084.885,2084.89,0.005,click,0.8879
2084.945,2084.95,0.005,click,0.8648
2085.005,2085.01,0.005,click,0.8854
2085.065,2085.09,0.025,water,0.7532
2085.145,2085.19,0.045,vocal,0.5482
2085.245,2085.25,0.005,click,0.8543
2085.325,2085.33,0.005,click,0.8815
2085.605,2085.67,0.065,vocal,0.8718
2086.065,2086.07,0.005,click,0.8731
2086.405,2086.43,0.025,water,0.4974
2086.765,2086.77,0.005,click,0.8768
2087.285,2087.29,0.005,click,0.9053
2087.345,2087.39,0.045,water,0.607
2087.445,2087.45,0.005,click,0.884
2087.505,2087.51,0.005,click,0.9178
2087.565,2087.67,0.105,vocal,0.706
2088.285,2088.29,0.005,click,0.8892
2088.485,2088.61,0.125,vocal,0.3857
2088.705,2088.71,0.005,click,0.8508
2088.805,2088.81,0.005,click,0.8934
2088.865,2088.87,0.005,click,0.883
2088.945,2088.97,0.025,water,0.7928
2089.165,2089.17,0.005,click,0.8924
2089.245,2089.25,0.005,click,0.8929
2089.445,2089.49,0.045,water,0.5407
2089.985,2089.99,0.005,click,0.8672
2090.085,2090.09,0.005,click,0.8249
2090.405,2090.41,0.005,click,0.8729
2090.525,2090.53,0.005,click,0.8605
2090.765,2090.77,0.005,click,0.909
2090.825,2090.83,0.005,click,0.8677
2090.885,2090.91,0.025,water,0.7047
2090.985,2090.99,0.005,click,0.8979
2091.145,2091.15,0.005,click,0.8472
2091.365,2091.37,0.005,click,0.8309
2091.425,2091.43,0.005,click,0.8997
2091.685,2091.71,0.025,water,0.6262
2091.785,2091.83,0.045,water,0.4738
2091.945,2091.95,0.005,click,0.9031
2092.045,2092.05,0.005,click,0.87
2092.325,2092.33,0.005,click,0.8709
2092.405,2092.41,0.005,click,0.8177
2093.665,2093.67,0.005,click,0.8955
2093.905,2094.05,0.145,other,0.407
2094.145,2094.15,0.005,click,0.9142
2094.245,2094.25,0.005,click,0.8305
2094.445,2094.475,0.03,water,0.9275
2094.525,2094.53,0.005,click,0.8683
2094.625,2094.63,0.005,click,0.8515
2094.685,2094.71,0.025,water,0.7374
2094.83,2094.835,0.005,click,0.8532
2097.925,2097.93,0.005,click,0.8863
2098.525,2098.53,0.005,click,0.8867
2098.785,2098.79,0.005,click,0.8844
2098.925,2098.935,0.01,click,0.4318
2101.03,2101.035,0.005,click,0.8488
2101.71,2101.715,0.005,click,0.7951
2102.49,2102.495,0.005,click,0.8824
2102.73,2102.735,0.005,click,0.8619
2103.485,2103.49,0.005,click,0.779
2104.41,2104.415,0.005,click,0.8815
2104.475,2104.51,0.035,vocal,0.5771
2104.565,2104.675,0.11,other,0.6454
2104.93,2104.935,0.005,click,0.8668
2106.825,2106.83,0.005,click,0.8179
2106.925,2106.93,0.005,click,0.8726
2107.305,2107.31,0.005,click,0.8326
2108.045,2108.05,0.005,click,0.9198
2108.125,2108.13,0.005,click,0.9107
2108.21,2108.215,0.005,click,0.8905
2108.445,2108.45,0.005,click,0.8613
2108.685,2108.69,0.005,click,0.8979
2108.745,2108.755,0.01,water,0.6265
2108.865,2108.87,0.005,click,0.8988
2109.005,2109.01,0.005,click,0.8645
2109.245,2109.25,0.005,click,0.8889
2109.505,2109.51,0.005,click,0.835
2109.605,2109.61,0.005,click,0.9264
2109.805,2109.81,0.005,click,0.8913
2110.165,2110.17,0.005,click,0.9239
2110.225,2110.23,0.005,click,0.9033
2110.465,2110.47,0.005,click,0.9013
2110.545,2110.55,0.005,click,0.8797
2110.965,2110.99,0.025,water,0.6585
2111.085,2111.09,0.005,click,0.9077
2111.185,2111.19,0.005,click,0.922
2111.345,2111.35,0.005,click,0.8837
2111.525,2111.53,0.005,click,0.8662
2111.905,2111.95,0.045,water,0.4899
2112.005,2112.05,0.045,water,0.515
2112.145,2112.15,0.005,click,0.8761
2112.325,2112.35,0.025,water,0.7851
2113.385,2113.39,0.005,click,0.935
2113.445,2113.45,0.005,click,0.8734
2113.585,2113.59,0.005,click,0.8837
2113.765,2113.77,0.005,click,0.8645
2114.245,2114.25,0.005,click,0.894
2114.34,2114.37,0.03,water,0.9555
2114.445,2114.47,0.025,water,0.6992
2114.525,2114.57,0.045,water,0.4394
2114.625,2114.63,0.005,click,0.867
2114.705,2114.71,0.005,click,0.8233
2114.785,2114.85,0.065,vocal,0.7525
2115.345,2115.43,0.085,vocal,0.6466
2115.485,2115.49,0.005,click,0.8627
2115.545,2115.55,0.005,click,0.895
2115.885,2115.89,0.005,click,0.8718
2116.205,2116.21,0.005,click,0.8726
2116.265,2116.29,0.025,water,0.7943
2116.485,2116.53,0.045,water,0.5273
2116.665,2116.67,0.005,click,0.8715
2116.785,2116.93,0.145,vocal,0.3967
2117.165,2117.17,0.005,click,0.9054
2117.225,2117.27,0.045,vocal,0.4716
2117.445,2117.45,0.005,click,0.8971
2117.825,2117.83,0.005,click,0.8362
2117.905,2117.91,0.005,click,0.8127
2118.045,2118.05,0.005,click,0.8813
2118.365,2118.37,0.005,click,0.9031
2119.485,2119.49,0.005,click,0.8568
2120.54,2120.545,0.005,click,0.8752
2120.76,2120.785,0.025,water,0.7158
2121.14,2121.145,0.005,click,0.8824
2121.24,2121.245,0.005,click,0.8734
2121.62,2121.625,0.005,click,0.9094
2121.86,2121.905,0.045,water,0.442
2122.4,2122.425,0.025,water,0.8142
2122.48,2122.485,0.005,click,0.8816
2122.7,2122.705,0.005,click,0.885
2123.0,2123.005,0.005,click,0.8707
2123.26,2123.265,0.005,click,0.902
2123.67,2123.675,0.005,click,0.6837
2124.0,2124.005,0.005,click,0.8926
2124.1,2124.105,0.005,click,0.9076
2124.26,2124.265,0.005,click,0.8331
2124.74,2124.745,0.005,click,0.9114
2124.8,2124.845,0.045,vocal,0.6599
2125.34,2125.345,0.005,click,0.8876
2125.58,2125.585,0.005,click,0.9149
2125.66,2125.67,0.01,water,0.4676
2125.725,2125.73,0.005,click,0.8367
2128.165,2128.17,0.005,click,0.875
2128.345,2128.39,0.045,water,0.4908
2128.825,2128.83,0.005,click,0.8656
2129.305,2129.31,0.005,click,0.8738
2129.405,2129.41,0.005,click,0.89
2129.585,2129.59,0.005,click,0.9016
2130.425,2130.43,0.005,click,0.8749
2130.89,2130.895,0.005,click,0.8177
2131.005,2131.01,0.005,click,0.8868
2131.075,2131.11,0.035,water,0.3711
2131.405,2131.43,0.025,water,0.5686
2131.645,2131.69,0.045,vocal,0.4448
2131.765,2131.79,0.025,water,0.6683
2132.385,2132.39,0.005,click,0.8625
2132.485,2132.49,0.005,click,0.8671
2132.805,2132.81,0.005,click,0.8604
2133.105,2133.15,0.045,water,0.4376
2133.625,2133.63,0.005,click,0.8902
2133.68,2133.695,0.015,water,0.5993
2133.765,2133.87,0.105,vocal,0.6031
2134.025,2134.03,0.005,click,0.9106
2134.87,2134.875,0.005,click,0.8998
2135.27,2135.275,0.005,click,0.911
2136.45,2136.455,0.005,click,0.8905
2137.695,2137.7,0.005,click,0.8515
2138.335,2138.34,0.005,click,0.8733
2138.395,2138.44,0.045,water,0.5507
2138.495,2138.52,0.025,water,0.5893
2139.015,2139.02,0.005,click,0.8509
2139.115,2139.12,0.005,click,0.9112
2139.335,2139.38,0.045,water,0.5068
2139.835,2139.84,0.005,click,0.8337
2140.395,2140.4,0.005,click,0.8494
2142.14,2142.145,0.005,click,0.8636
2142.28,2142.285,0.005,click,0.8997
2143.66,2143.665,0.005,click,0.9019
2144.0,2144.005,0.005,click,0.9133
2144.16,2144.245,0.085,vocal,0.7112
2144.48,2144.505,0.025,water,0.7578
2145.625,2145.63,0.005,click,0.8869
2146.065,2146.11,0.045,vocal,0.4691
2146.345,2146.35,0.005,click,0.9104
2146.445,2146.45,0.005,click,0.8255
2146.545,2146.59,0.045,water,0.6419
2146.75,2146.755,0.005,click,0.7926
2147.725,2147.73,0.005,click,0.8706
2147.865,2147.89,0.025,water,0.7017
2147.965,2147.97,0.005,click,0.9013
2149.105,2149.11,0.005,click,0.8645
2149.63,2149.635,0.005,click,0.8674
2149.83,2149.835,0.005,click,0.866
2150.39,2150.395,0.005,click,0.891
2150.59,2150.595,0.005,click,0.8755
2150.69,2150.695,0.005,click,0.9183
2150.75,2150.8,0.05,water,0.6445
2150.89,2150.895,0.005,click,0.8749
2151.17,2151.175,0.005,click,0.905
2151.47,2151.475,0.005,click,0.8878
2151.95,2151.955,0.005,click,0.8468
2153.23,2153.235,0.005,click,0.8749
2153.81,2153.835,0.025,water,0.6922
2154.33,2154.355,0.025,water,0.8185
2154.63,2154.635,0.005,click,0.7603
2155.01,2155.015,0.005,click,0.8639
2155.13,2155.135,0.005,click,0.874
2157.11,2157.115,0.005,click,0.8802
2157.29,2157.295,0.005,click,0.8951
2157.35,2157.355,0.005,click,0.9119
2157.63,2157.635,0.005,click,0.9078
2157.79,2157.795,0.005,click,0.8818
2158.01,2158.015,0.005,click,0.8789
2158.805,2158.81,0.005,click,0.839
2159.13,2159.135,0.005,click,0.902
2160.25,2160.255,0.005,click,0.8558
2161.93,2161.935,0.005,click,0.8999
2162.37,2162.435,0.065,vocal,0.9035
2162.49,2162.495,0.005,click,0.886
2162.65,2162.715,0.065,vocal,0.858
2163.15,2163.155,0.005,click,0.8971
2163.39,2163.395,0.005,click,0.851
2163.67,2163.675,0.005,click,0.853
2163.81,2163.815,0.005,click,0.8875
2164.51,2164.555,0.045,water,0.478
2164.93,2164.935,0.005,click,0.8813
2165.05,2165.055,0.005,click,0.8864
2165.43,2165.475,0.045,water,0.469
2165.67,2165.675,0.005,click,0.8938
2166.055,2166.06,0.005,click,0.8421
2166.11,2166.155,0.045,water,0.4895
2166.33,2166.335,0.005,click,0.9088
2166.55,2166.555,0.005,click,0.9028
2166.79,2166.84,0.05,click,0.4578
2166.99,2167.015,0.025,water,0.7824
2167.17,2167.175,0.005,click,0.9221
2167.57,2167.575,0.005,click,0.9037
2167.63,2167.635,0.005,click,0.8817
2167.93,2167.935,0.005,click,0.8805
2168.23,2168.235,0.005,click,0.8678
2169.005,2169.01,0.005,click,0.941
2170.805,2170.81,0.005,click,0.8903
2171.325,2171.33,0.005,click,0.8617
2172.025,2172.03,0.005,click,0.8495
2172.885,2172.89,0.005,click,0.8797
2173.585,2173.59,0.005,click,0.8745
2173.725,2173.73,0.005,click,0.8678
2174.685,2174.71,0.025,water,0.7055
2175.745,2175.75,0.005,click,0.8549
2176.875,2176.905,0.03,water,0.8521
2177.005,2177.01,0.005,click,0.8559
2177.22,2177.23,0.01,water,0.5876
2177.36,2177.365,0.005,click,0.901
2178.34,2178.35,0.01,click,0.8206
2178.68,2178.685,0.005,click,0.8686
2184.035,2184.04,0.005,click,0.8308
2185.055,2185.06,0.005,click,0.8497
2185.555,2185.56,0.005,click,0.873
2186.095,2186.1,0.005,click,0.8968
2186.44,2186.48,0.04,water,0.3714
2187.895,2187.9,0.005,click,0.8697
2189.13,2189.135,0.005,click,0.877
2190.23,2190.235,0.005,click,0.8805
2190.65,2190.655,0.005,click,0.814
2191.03,2191.035,0.005,click,0.8602
2191.35,2191.355,0.005,click,0.8882
2193.39,2193.395,0.005,click,0.7988
2194.425,2194.43,0.005,click,0.894
2194.485,2194.53,0.045,water,0.6053
2195.245,2195.25,0.005,click,0.8625
2195.845,2195.89,0.045,water,0.7752
2196.085,2196.09,0.005,click,0.8787
2196.665,2196.67,0.005,click,0.8912
2196.765,2196.77,0.005,click,0.8716
2196.825,2196.83,0.005,click,0.8693
2196.9,2196.905,0.005,click,0.8845
2199.52,2199.525,0.005,click,0.8617
2199.88,2199.925,0.045,vocal,0.4972
2200.18,2200.185,0.005,click,0.9239
2200.78,2200.785,0.005,click,0.9128
2200.84,2200.845,0.005,click,0.8599
2201.98,2201.985,0.005,click,0.8192
2202.335,2202.34,0.005,click,0.851
2203.775,2203.78,0.005,click,0.8797
2205.215,2205.22,0.005,click,0.8881
2206.295,2206.3,0.005,click,0.9076
2206.415,2206.42,0.005,click,0.8626
2209.495,2209.505,0.01,click,0.6683
2210.435,2210.44,0.005,click,0.7302
2211.93,2211.935,0.005,click,0.8767
2213.15,2213.155,0.005,click,0.8892
2213.37,2213.375,0.005,click,0.854
2214.11,2214.115,0.005,click,0.7706
2219.59,2219.595,0.005,click,0.8209
2220.945,2220.95,0.005,click,0.8823
2221.245,2221.47,0.225,other,0.6844
2221.945,2221.95,0.005,click,0.9006
2222.55,2222.59,0.04,water,0.9294
2225.15,2225.155,0.005,click,0.8656
2225.735,2225.755,0.02,click,0.4755
2225.85,2225.855,0.005,click,0.8783
2225.91,2225.915,0.005,click,0.8636
2226.01,2226.015,0.005,click,0.8807
2226.25,2226.335,0.085,vocal,0.6729
2226.49,2226.495,0.005,click,0.884
2226.83,2226.935,0.105,vocal,0.4654
2227.07,2227.075,0.005,click,0.7836
2227.61,2227.655,0.045,water,0.557
2227.97,2227.975,0.005,click,0.889
2228.05,2228.095,0.045,water,0.5723
2228.33,2228.335,0.005,click,0.8646
2228.53,2228.535,0.005,click,0.8842
2228.79,2228.795,0.005,click,0.8632
2230.19,2230.195,0.005,click,0.8765
2231.03,2231.035,0.005,click,0.8493
2232.17,2232.175,0.005,click,0.8971
2232.69,2232.695,0.005,click,0.8873
2232.89,2232.895,0.005,click,0.8683
2233.21,2233.215,0.005,click,0.8772
2237.015,2237.02,0.005,click,0.8385
2238.655,2238.66,0.005,click,0.8732
2238.875,2238.88,0.005,click,0.882
2239.035,2239.04,0.005,click,0.8969
2240.875,2240.88,0.005,click,0.8674
2241.495,2241.5,0.005,click,0.8677
2241.835,2241.84,0.005,click,0.8853
2242.115,2242.12,0.005,click,0.853
2242.595,2242.6,0.005,click,0.9119
2243.135,2243.14,0.005,click,0.9035
2243.495,2243.5,0.005,click,0.9145
2243.655,2243.7,0.045,vocal,0.5426
2244.635,2244.64,0.005,click,0.8877
2244.915,2244.92,0.005,click,0.9261
2245.135,2245.14,0.005,click,0.8769
2245.455,2245.46,0.005,click,0.8585
2246.015,2246.02,0.005,click,0.8824
2246.1,2246.105,0.005,click,0.8219
2246.435,2246.44,0.005,click,0.8804
2246.815,2246.82,0.005,click,0.9032
2246.955,2246.96,0.005,click,0.9011
2247.875,2247.88,0.005,click,0.9056
2247.955,2248.0,0.045,vocal,0.4861
2248.155,2248.16,0.005,click,0.9006
2248.575,2248.58,0.005,click,0.9168
2249.075,2249.08,0.005,click,0.8971
2249.46,2249.465,0.005,click,0.8178
2250.295,2250.3,0.005,click,0.917
2251.655,2251.66,0.005,click,0.8925
2252.055,2252.08,0.025,water,0.944
2252.44,2252.445,0.005,click,0.7115
2256.52,2256.525,0.005,click,0.839
2258.66,2258.665,0.005,click,0.8995
2259.56,2259.565,0.005,click,0.8594
2261.46,2261.465,0.005,click,0.8634
2262.0,2262.005,0.005,click,0.8939
2262.62,2262.625,0.005,click,0.8991
2262.72,2262.725,0.005,click,0.8694
2262.84,2262.845,0.005,click,0.8558
2263.18,2263.185,0.005,click,0.8116
2263.9,2263.905,0.005,click,0.8917
2264.32,2264.325,0.005,click,0.9145
2264.58,2264.585,0.005,click,0.8542
2264.96,2264.965,0.005,click,0.9029
2266.34,2266.345,0.005,click,0.8812
2266.72,2266.725,0.005,click,0.8842
2267.4,2267.425,0.025,water,0.778
2269.81,2269.815,0.005,click,0.7968
2273.085,2273.09,0.005,click,0.9089
2273.14,2273.145,0.005,click,0.7913
2275.965,2275.97,0.005,click,0.8721
2278.98,2278.985,0.005,click,0.8115
2280.1,2280.105,0.005,click,0.8787
2280.98,2280.985,0.005,click,0.8685
2281.42,2281.425,0.005,click,0.8706
2281.7,2281.705,0.005,click,0.8702
2281.86,2281.865,0.005,click,0.8636
2282.8,2282.805,0.005,click,0.8595
2282.98,2282.985,0.005,click,0.8996
2283.12,2283.125,0.005,click,0.8535
2283.26,2283.265,0.005,click,0.8869
2283.34,2283.385,0.045,vocal,0.4337
2283.44,2283.485,0.045,vocal,0.4669
2283.6,2283.605,0.005,click,0.9116
2283.9,2283.905,0.005,click,0.856
2284.1,2284.105,0.005,click,0.8944
2284.34,2284.345,0.005,click,0.9249
2284.44,2284.485,0.045,vocal,0.4472
2284.78,2284.805,0.025,water,0.7489
2285.0,2285.005,0.005,click,0.9055
2285.32,2285.345,0.025,water,0.7472
2285.5,2285.585,0.085,vocal,0.6528
2285.84,2285.845,0.005,click,0.8914
2285.92,2285.925,0.005,click,0.8989
2286.32,2286.325,0.005,click,0.9127
2286.66,2286.665,0.005,click,0.9226
2287.04,2287.045,0.005,click,0.9309
2287.14,2287.145,0.005,click,0.8572
2287.64,2287.645,0.005,click,0.8843
2288.04,2288.045,0.005,click,0.8736
2288.34,2288.365,0.025,water,0.88
2288.62,2288.625,0.005,click,0.8911
2288.72,2288.725,0.005,click,0.9091
2289.02,2289.025,0.005,click,0.8734
2289.46,2289.465,0.005,click,0.8798
2289.54,2289.545,0.005,click,0.9062
2290.74,2290.785,0.045,water,0.5702
2291.76,2291.765,0.005,click,0.8997
2292.6,2292.605,0.005,click,0.9107
2296.0,2296.005,0.005,click,0.6573
2296.325,2296.33,0.005,click,0.8652
2296.825,2296.91,0.085,vocal,0.5241
2297.125,2297.13,0.005,click,0.899
2297.625,2297.67,0.045,vocal,0.4902
2297.725,2297.73,0.005,click,0.8403
2298.045,2298.05,0.005,click,0.8862
2298.185,2298.19,0.005,click,0.7076
2299.185,2299.19,0.005,click,0.9157
2299.365,2299.37,0.005,click,0.8962
2299.8,2299.81,0.01,click,0.6806
2300.025,2300.03,0.005,click,0.9159
2300.225,2300.23,0.005,click,0.9056
2303.49,2303.495,0.005,click,0.8134
2304.17,2304.175,0.005,click,0.8263
2304.41,2304.415,0.005,click,0.9138
2304.91,2304.915,0.005,click,0.8888
2305.43,2305.435,0.005,click,0.8929
2305.57,2305.575,0.005,click,0.8737
2307.87,2307.875,0.005,click,0.9007
2309.17,2309.195,0.025,water,0.5898
2309.43,2309.435,0.005,click,0.9085
2309.63,2309.635,0.005,click,0.8832
2312.975,2312.98,0.005,click,0.8708
2313.115,2313.14,0.025,water,0.7107
2313.295,2313.3,0.005,click,0.8424
2313.675,2313.68,0.005,click,0.8626
2313.995,2314.0,0.005,click,0.8108
2314.315,2314.32,0.005,click,0.8612
2314.84,2314.88,0.04,water,0.4745
2315.275,2315.32,0.045,water,0.4408
2315.475,2315.48,0.005,click,0.8609
2315.815,2315.82,0.005,click,0.9198
2315.975,2315.98,0.005,click,0.8927
2316.235,2316.24,0.005,click,0.8804
2316.475,2316.48,0.005,click,0.8575
2316.935,2316.98,0.045,water,0.5327
2319.1,2319.105,0.005,click,0.7805
2319.655,2319.66,0.005,click,0.8631
2320.765,2320.77,0.005,click,0.7982
2324.775,2324.78,0.005,click,0.8959
2325.035,2325.04,0.005,click,0.9056
2325.54,2325.545,0.005,click,0.8122
2325.715,2325.72,0.005,click,0.9108
2326.375,2326.38,0.005,click,0.8472
2326.735,2326.74,0.005,click,0.8689
2327.195,2327.2,0.005,click,0.8873
2327.375,2327.42,0.045,water,0.4999
2327.595,2327.6,0.005,click,0.9183
2327.795,2327.8,0.005,click,0.9036
2327.875,2327.92,0.045,vocal,0.4684
2328.615,2328.62,0.005,click,0.9014
2328.855,2328.98,0.125,vocal,0.4035
2329.075,2329.12,0.045,water,0.4285
2329.175,2329.2,0.025,water,0.6868
2329.315,2329.32,0.005,click,0.8929
2329.375,2329.38,0.005,click,0.8808
2329.575,2329.58,0.005,click,0.8824
2329.695,2329.7,0.005,click,0.9257
2329.995,2330.0,0.005,click,0.8853
2330.115,2330.14,0.025,water,0.5461
2330.615,2330.64,0.025,water,0.5828
2330.715,2330.8,0.085,vocal,0.6661
2330.895,2330.9,0.005,click,0.8888
2331.335,2331.34,0.005,click,0.905
2331.415,2331.44,0.025,water,0.6287
2331.495,2331.5,0.005,click,0.8388
2331.655,2331.66,0.005,click,0.8678
2331.775,2331.78,0.005,click,0.8591
2331.855,2331.86,0.005,click,0.9072
2331.995,2332.0,0.005,click,0.899
2332.115,2332.12,0.005,click,0.8925
2333.355,2333.36,0.005,click,0.8655
2334.035,2334.12,0.085,vocal,0.7086
2334.615,2334.62,0.005,click,0.8641
2334.875,2334.88,0.005,click,0.8714
2337.39,2337.395,0.005,click,0.879
2338.775,2338.815,0.04,click,0.5238
2339.61,2339.635,0.025,water,0.688
2339.69,2339.695,0.005,click,0.9038
2339.75,2339.815,0.065,vocal,0.8725
2339.89,2339.955,0.065,vocal,0.8448
2340.01,2340.055,0.045,water,0.4862
2340.15,2340.155,0.005,click,0.9121
2340.31,2340.315,0.005,click,0.9123
2340.37,2340.415,0.045,vocal,0.5372
2340.47,2340.475,0.005,click,0.8942
2340.61,2340.615,0.005,click,0.8861
2340.75,2340.755,0.005,click,0.8714
2340.81,2340.815,0.005,click,0.9051
2341.05,2341.055,0.005,click,0.91
2341.15,2341.175,0.025,water,0.7501
2341.29,2341.295,0.005,click,0.8874
2341.45,2341.455,0.005,click,0.8911
2341.67,2341.675,0.005,click,0.8595
2341.79,2341.855,0.065,vocal,0.767
2341.93,2341.935,0.005,click,0.8288
2341.99,2341.995,0.005,click,0.8921
2342.05,2342.055,0.005,click,0.9144
2342.19,2342.195,0.005,click,0.8936
2342.41,2342.435,0.025,water,0.7172
2342.51,2342.515,0.005,click,0.8335
2342.59,2342.635,0.045,vocal,0.5545
2342.75,2342.755,0.005,click,0.8874
2342.95,2343.015,0.065,vocal,0.5838
2343.07,2343.075,0.005,click,0.8588
2343.29,2343.335,0.045,water,0.5042
2343.41,2343.435,0.025,water,0.7632
2343.59,2343.655,0.065,vocal,0.604
2344.17,2344.215,0.045,water,0.5135
2344.49,2344.495,0.005,click,0.886
2344.655,2344.675,0.02,click,0.3607
2344.73,2344.735,0.005,click,0.905
2345.01,2345.015,0.005,click,0.8752
2345.89,2345.895,0.005,click,0.8948
2346.39,2346.395,0.005,click,0.9201
2346.51,2346.515,0.005,click,0.8823
2346.65,2346.655,0.005,click,0.8716
2346.73,2346.735,0.005,click,0.8437
2346.93,2346.935,0.005,click,0.8947
2347.01,2347.055,0.045,water,0.539
2347.25,2347.255,0.005,click,0.8986
2347.69,2347.695,0.005,click,0.913
2347.85,2347.855,0.005,click,0.9111
2348.35,2348.395,0.045,vocal,0.6951
2348.99,2348.995,0.005,click,0.9066
2349.05,2349.055,0.005,click,0.9065
2349.13,2349.135,0.005,click,0.8948
2349.27,2349.275,0.005,click,0.8769
2349.45,2349.495,0.045,vocal,0.5361
2349.63,2349.635,0.005,click,0.9047
2349.77,2349.82,0.05,water,0.5312
2349.99,2349.995,0.005,click,0.8861
2350.15,2350.155,0.005,click,0.9041
2350.87,2350.875,0.005,click,0.899
2351.21,2351.255,0.045,water,0.6782
2351.31,2351.315,0.005,click,0.8574
2351.59,2351.655,0.065,vocal,0.8716
2351.75,2351.795,0.045,vocal,0.7389
2352.01,2352.015,0.005,click,0.8846
2352.23,2352.235,0.005,click,0.8742
2352.34,2352.38,0.04,vocal,0.8337
2352.51,2352.515,0.005,click,0.8508
2352.63,2352.635,0.005,click,0.8988
2352.97,2352.975,0.005,click,0.9021
2353.15,2353.175,0.025,water,0.623
2353.23,2353.235,0.005,click,0.8833
2353.39,2353.395,0.005,click,0.781
2353.49,2353.515,0.025,water,0.7191
2353.59,2353.635,0.045,water,0.6456
2353.83,2353.835,0.005,click,0.8913
2353.89,2353.955,0.065,vocal,0.8344
2354.01,2354.015,0.005,click,0.8963
2354.11,2354.155,0.045,vocal,0.6355
2354.25,2354.295,0.045,water,0.4052
2354.51,2354.515,0.005,click,0.8935
2354.73,2354.735,0.005,click,0.8857
2354.81,2354.815,0.005,click,0.9159
2355.01,2355.015,0.005,click,0.9041
2356.51,2356.515,0.005,click,0.8569
2356.63,2356.655,0.025,water,0.8275
2356.75,2356.755,0.005,click,0.9032
2357.15,2357.195,0.045,water,0.5797
2357.75,2357.855,0.105,vocal,0.6709
2358.07,2358.075,0.005,click,0.8976
2361.615,2361.62,0.005,click,0.9046
2363.29,2363.315,0.025,water,0.5907
2363.575,2363.58,0.005,click,0.8641
2365.4,2365.405,0.005,click,0.8893
2365.46,2365.465,0.005,click,0.8689
2365.76,2365.765,0.005,click,0.8689
2366.72,2366.725,0.005,click,0.9207
2366.955,2366.96,0.005,click,0.8187
2367.39,2367.41,0.02,vocal,0.5701
2368.18,2368.19,0.01,water,0.536
2368.405,2368.41,0.005,click,0.8669
2368.555,2368.56,0.005,click,0.8026
2369.765,2369.77,0.005,click,0.8467
2371.27,2371.275,0.005,click,0.8187
2371.41,2371.415,0.005,click,0.9103
2371.53,2371.535,0.005,click,0.8818
2371.59,2371.595,0.005,click,0.8566
2372.37,2372.38,0.01,water,0.5928
2372.55,2372.555,0.005,click,0.8658
2372.83,2372.835,0.005,click,0.8835
2372.95,2372.955,0.005,click,0.892
2373.29,2373.295,0.005,click,0.8645
2374.455,2374.46,0.005,click,0.8686
2374.655,2374.7,0.045,vocal,0.4662
2374.795,2374.8,0.005,click,0.9069
2374.955,2374.96,0.005,click,0.9013
2375.135,2375.22,0.085,vocal,0.7872
2375.995,2376.0,0.005,click,0.8445
2376.275,2376.28,0.005,click,0.9062
2376.635,2376.64,0.005,click,0.9087
2377.7,2377.745,0.045,water,0.5719
2379.5,2379.505,0.005,click,0.8864
2380.26,2380.265,0.005,click,0.874
2380.475,2380.705,0.23,other,0.4096
2380.935,2380.94,0.005,click,0.6771
2381.845,2381.85,0.005,click,0.7647
2382.885,2382.89,0.005,click,0.8598
2383.265,2383.29,0.025,water,0.6688
2383.825,2383.83,0.005,click,0.8834
2384.16,2384.165,0.005,click,0.8637
2384.365,2384.39,0.025,water,0.7044
2384.92,2384.93,0.01,water,0.8609
2385.045,2385.05,0.005,click,0.9128
2390.87,2390.875,0.005,click,0.8842
2391.35,2391.355,0.005,click,0.8607
2391.71,2391.715,0.005,click,0.8542
2392.505,2392.515,0.01,click,0.83
2393.01,2393.015,0.005,click,0.8688
2393.17,2393.175,0.005,click,0.8794
2393.97,2393.975,0.005,click,0.8732
2394.63,2394.635,0.005,click,0.8346
2395.45,2395.455,0.005,click,0.9111
2397.25,2397.275,0.025,water,0.7564
2397.67,2397.675,0.005,click,0.8862
2399.015,2399.02,0.005,click,0.8825
2400.165,2400.17,0.005,click,0.8835
2401.265,2401.27,0.005,click,0.9037
2404.12,2404.13,0.01,click,0.6574
2404.26,2404.265,0.005,click,0.9062
2404.42,2404.425,0.005,click,0.8498
2405.7,2405.705,0.005,click,0.8881
2408.535,2408.56,0.025,water,0.6778
2409.185,2409.19,0.005,click,0.7919
2413.45,2413.455,0.005,click,0.8962
2413.53,2413.535,0.005,click,0.8689
2415.07,2415.075,0.005,click,0.9149
2416.34,2416.345,0.005,click,0.8062
2416.42,2416.425,0.005,click,0.8113
2416.545,2416.55,0.005,click,0.8942
2419.245,2419.25,0.005,click,0.7845
2419.525,2419.55,0.025,water,0.8268
2419.645,2419.67,0.025,water,0.7186
2420.005,2420.01,0.005,click,0.9256
2420.165,2420.17,0.005,click,0.892
2420.305,2420.31,0.005,click,0.9045
2420.525,2420.53,0.005,click,0.8854
2421.045,2421.05,0.005,click,0.8046
2421.105,2421.11,0.005,click,0.9142
2421.245,2421.25,0.005,click,0.8882
2421.345,2421.35,0.005,click,0.8742
2421.405,2421.41,0.005,click,0.8792
2422.325,2422.33,0.005,click,0.8784
2422.425,2422.47,0.045,vocal,0.6871
2422.605,2422.61,0.005,click,0.8923
2422.785,2422.83,0.045,water,0.4784
2422.945,2422.95,0.005,click,0.8853
2423.16,2423.23,0.07,vocal,0.9181
2423.465,2423.47,0.005,click,0.8926
2423.97,2423.975,0.005,click,0.6668
2424.025,2424.03,0.005,click,0.8982
2424.165,2424.17,0.005,click,0.878
2424.245,2424.25,0.005,click,0.8323
2424.345,2424.39,0.045,vocal,0.723
2424.665,2424.89,0.225,other,0.626
2424.985,2424.99,0.005,click,0.8269
2425.065,2425.07,0.005,click,0.8746
2425.325,2425.33,0.005,click,0.8769
2426.065,2426.07,0.005,click,0.8789
2426.165,2426.17,0.005,click,0.886
2426.485,2426.53,0.045,vocal,0.4966
2427.845,2427.85,0.005,click,0.853
2427.945,2427.95,0.005,click,0.9047
2428.425,2428.43,0.005,click,0.8644
2428.865,2428.87,0.005,click,0.8856
2429.045,2429.13,0.085,vocal,0.8508
2429.205,2429.21,0.005,click,0.8429
2429.435,2429.49,0.055,vocal,0.5648
2429.585,2429.59,0.005,click,0.8666
2429.645,2429.65,0.005,click,0.8814
2429.745,2429.75,0.005,click,0.8362
2429.845,2429.87,0.025,water,0.498
2430.285,2430.29,0.005,click,0.9018
2430.605,2430.61,0.005,click,0.8634
2430.885,2430.89,0.005,click,0.8564
2431.085,2431.09,0.005,click,0.8635
2431.345,2431.43,0.085,vocal,0.7163
2431.685,2431.73,0.045,vocal,0.5894
2431.805,2431.81,0.005,click,0.8614
2432.025,2432.03,0.005,click,0.8705
2432.485,2432.53,0.045,water,0.5653
2432.745,2432.75,0.005,click,0.8485
2432.925,2432.93,0.005,click,0.9055
2433.025,2433.07,0.045,water,0.6292
2433.145,2433.19,0.045,vocal,0.5981
2433.345,2433.35,0.005,click,0.9135
2433.485,2433.49,0.005,click,0.8431
2433.545,2433.63,0.085,vocal,0.6462
2433.685,2433.73,0.045,water,0.4466
2433.845,2433.85,0.005,click,0.8602
2433.97,2434.15,0.18,vocal,0.4062
2434.205,2434.31,0.105,vocal,0.7118
2434.725,2434.73,0.005,click,0.8997
2435.245,2435.34,0.095,vocal,0.5501
2435.425,2435.43,0.005,click,0.8728
2436.185,2436.19,0.005,click,0.8797
2436.485,2436.49,0.005,click,0.9069
2436.665,2436.67,0.005,click,0.8667
2436.785,2436.79,0.005,click,0.8262
2436.945,2436.95,0.005,click,0.8221
2437.185,2437.19,0.005,click,0.8691
2437.33,2437.365,0.035,water,0.5694
2437.425,2437.53,0.105,vocal,0.6069
2438.165,2438.17,0.005,click,0.8716
2438.265,2438.27,0.005,click,0.8693
2438.425,2438.43,0.005,click,0.8658
2439.125,2439.13,0.005,click,0.8342
2439.725,2439.73,0.005,click,0.912
2439.885,2439.89,0.005,click,0.8845
2440.065,2440.07,0.005,click,0.8655
2440.245,2440.25,0.005,click,0.8449
2440.705,2440.73,0.025,click,0.3338
2440.825,2440.87,0.045,vocal,0.4528
2441.905,2441.91,0.005,click,0.9073
2442.785,2442.79,0.005,click,0.8995
2442.965,2442.97,0.005,click,0.8709
2443.065,2443.07,0.005,click,0.8391
2443.245,2443.25,0.005,click,0.8986
2443.925,2443.95,0.025,water,0.667
2444.085,2444.09,0.005,click,0.9043
2444.425,2444.43,0.005,click,0.8673
2444.545,2444.55,0.005,click,0.8732
2444.645,2444.65,0.005,click,0.9196
2445.105,2445.11,0.005,click,0.8948
2445.285,2445.29,0.005,click,0.8955
2445.525,2445.53,0.005,click,0.9051
2445.66,2445.69,0.03,water,0.6131
2445.765,2445.83,0.065,vocal,0.8467
2445.88,2445.93,0.05,water,0.4783
2446.005,2446.07,0.065,vocal,0.6609
2448.625,2448.63,0.005,click,0.8658
2449.14,2449.145,0.005,click,0.9102
2449.38,2449.385,0.005,click,0.8976
2449.64,2449.645,0.005,click,0.9045
2449.72,2449.745,0.025,water,0.5877
2450.36,2450.365,0.005,click,0.8619
2450.86,2450.865,0.005,click,0.8788
2451.14,2451.145,0.005,click,0.906
2451.285,2451.525,0.24,other,0.4735
2451.74,2451.745,0.005,click,0.9075
2451.8,2451.805,0.005,click,0.871
2452.0,2452.005,0.005,click,0.8452
2452.36,2452.385,0.025,water,0.8204
2452.44,2452.445,0.005,click,0.8836
2452.5,2452.565,0.065,vocal,0.9426
2452.82,2452.845,0.025,water,0.7505
2452.915,2452.985,0.07,vocal,0.9167
2453.04,2453.045,0.005,click,0.9047
2453.2,2453.245,0.045,water,0.5271
2453.3,2453.325,0.025,water,0.6318
2453.46,2453.465,0.005,click,0.8729
2453.54,2453.545,0.005,click,0.8961
2453.62,2453.645,0.025,water,0.6719
2453.86,2453.865,0.005,click,0.8847
2453.96,2453.965,0.005,click,0.8816
2454.64,2454.645,0.005,click,0.888
2454.9,2454.905,0.005,click,0.8874
2455.06,2455.065,0.005,click,0.8839
2455.36,2455.365,0.005,click,0.8584
2455.44,2455.485,0.045,vocal,0.4205
2456.14,2456.185,0.045,vocal,0.6231
2456.28,2456.285,0.005,click,0.8676
2456.34,2456.385,0.045,water,0.5757
2456.7,2456.705,0.005,click,0.9127
2457.42,2457.425,0.005,click,0.8992
2457.74,2457.745,0.005,click,0.9056
2457.82,2457.825,0.005,click,0.8585
2458.08,2458.085,0.005,click,0.8956
2458.14,2458.145,0.005,click,0.8651
2458.5,2458.505,0.005,click,0.8881
2459.04,2459.045,0.005,click,0.8232
2459.48,2459.485,0.005,click,0.9171
2460.195,2460.22,0.025,water,0.4857
2460.575,2460.58,0.005,click,0.908
2461.075,2461.08,0.005,click,0.8376
2461.275,2461.28,0.005,click,0.8915
2461.715,2461.72,0.005,click,0.8946
2461.795,2461.82,0.025,water,0.7751
2461.895,2461.9,0.005,click,0.8635
2462.01,2462.085,0.075,vocal,0.8188
2462.135,2462.18,0.045,vocal,0.4486
2462.295,2462.3,0.005,click,0.8636
2462.355,2462.4,0.045,water,0.5069
2462.455,2462.46,0.005,click,0.8956
2462.555,2462.56,0.005,click,0.8693
2463.355,2463.36,0.005,click,0.8908
2463.595,2463.6,0.005,click,0.8976
2464.115,2464.14,0.025,water,0.5197
2464.495,2464.58,0.085,vocal,0.768
2464.77,2464.98,0.21,other,0.5872
2465.515,2465.52,0.005,click,0.8794
2465.595,2465.6,0.005,click,0.8754
2465.975,2466.02,0.045,vocal,0.4678
2466.235,2466.28,0.045,water,0.5704
2466.475,2466.48,0.005,click,0.8462
2467.055,2467.08,0.025,click,0.6232
2467.175,2467.18,0.005,click,0.8545
2467.835,2467.84,0.005,click,0.8492
2468.215,2468.22,0.005,click,0.9293
2468.315,2468.36,0.045,vocal,0.7023
2468.405,2468.41,0.005,click,0.8693
2469.275,2469.3,0.025,water,0.7557
2469.435,2469.46,0.025,water,0.7511
2469.715,2469.72,0.005,click,0.9369
2470.575,2470.58,0.005,click,0.9191
2470.755,2470.76,0.005,click,0.8566
2470.89,2470.92,0.03,water,0.6845
2471.135,2471.14,0.005,click,0.9137
2471.435,2471.44,0.005,click,0.8466
2471.535,2471.54,0.005,click,0.9025
2472.455,2472.46,0.005,click,0.8777
2472.935,2472.94,0.005,click,0.8742
2472.995,2473.0,0.005,click,0.8488
2473.075,2473.08,0.005,click,0.8453
2473.235,2473.24,0.005,click,0.8708
2473.455,2473.46,0.005,click,0.8813
2473.615,2473.62,0.005,click,0.8608
2473.675,2473.68,0.005,click,0.866
2473.955,2473.96,0.005,click,0.8859
2474.015,2474.02,0.005,click,0.9277
2474.575,2474.58,0.005,click,0.8506
2475.415,2475.42,0.005,click,0.8722
2476.095,2476.1,0.005,click,0.8831
2476.535,2476.54,0.005,click,0.8808
2476.775,2476.78,0.005,click,0.8897
2476.975,2477.02,0.045,water,0.4865
2477.735,2477.74,0.005,click,0.852
2478.095,2478.1,0.005,click,0.8741
2478.415,2478.42,0.005,click,0.8851
2478.775,2478.78,0.005,click,0.8894
2478.955,2478.96,0.005,click,0.8583
2479.135,2479.14,0.005,click,0.8728
2479.355,2479.36,0.005,click,0.8783
2479.555,2479.56,0.005,click,0.832
2479.775,2479.78,0.005,click,0.8877
2482.1,2482.105,0.005,click,0.8473
2482.6,2482.605,0.005,click,0.8871
2482.96,2482.965,0.005,click,0.9181
2483.68,2483.685,0.005,click,0.9056
2483.98,2483.985,0.005,click,0.75
2484.26,2484.265,0.005,click,0.8618
2484.44,2484.445,0.005,click,0.8789
2484.64,2484.645,0.005,click,0.8966
2484.82,2484.865,0.045,water,0.4364
2485.2,2485.205,0.005,click,0.8835
2485.32,2485.325,0.005,click,0.8818
2485.48,2485.485,0.005,click,0.8969
2485.685,2486.055,0.37,other,0.9724
2486.1,2486.21,0.11,other,0.5303
2486.3,2486.31,0.01,water,0.9218
2486.475,2486.505,0.03,water,0.9813
2487.1,2487.105,0.005,click,0.9194
2487.265,2487.28,0.015,water,0.9878
2487.455,2487.46,0.005,click,0.8346
2487.66,2487.665,0.005,click,0.8704
2489.31,2489.315,0.005,click,0.8068
2491.645,2491.65,0.005,click,0.9085
2491.905,2491.91,0.005,click,0.8655
2492.465,2492.47,0.005,click,0.9051
2492.885,2492.89,0.005,click,0.8884
2492.98,2492.985,0.005,click,0.8128
2493.585,2493.59,0.005,click,0.9172
2493.685,2493.69,0.005,click,0.9096
2493.785,2493.79,0.005,click,0.8589
2493.845,2493.85,0.005,click,0.9046
2494.005,2494.01,0.005,click,0.8727
2494.125,2494.23,0.105,vocal,0.5107
2494.385,2494.415,0.03,water,0.5376
2494.465,2494.81,0.345,other,0.9097
2494.905,2495.09,0.185,other,0.6253
2495.245,2495.25,0.005,click,0.9021
2495.425,2495.43,0.005,click,0.9106
2495.545,2495.55,0.005,click,0.8915
2495.705,2495.71,0.005,click,0.8586
2495.945,2495.95,0.005,click,0.9114
2496.765,2496.77,0.005,click,0.9078
2496.965,2496.97,0.005,click,0.8894
2497.12,2497.17,0.05,water,0.3632
2497.225,2497.29,0.065,vocal,0.6793
2497.665,2497.71,0.045,vocal,0.4497
2497.825,2497.83,0.005,click,0.8892
2497.925,2497.93,0.005,click,0.9045
2498.125,2498.21,0.085,vocal,0.7004
2498.425,2498.43,0.005,click,0.8893
2498.545,2498.59,0.045,water,0.493
2498.865,2498.87,0.005,click,0.9098
2499.085,2499.09,0.005,click,0.8753
2499.385,2499.43,0.045,vocal,0.6512
2499.545,2499.55,0.005,click,0.8926
2499.765,2499.77,0.005,click,0.8602
2500.005,2500.01,0.005,click,0.8685
2500.385,2500.39,0.005,click,0.8727
2500.445,2500.45,0.005,click,0.922
2500.945,2500.95,0.005,click,0.8232
2501.465,2501.47,0.005,click,0.9061
2501.805,2501.81,0.005,click,0.8841
2501.965,2501.97,0.005,click,0.8702
2502.625,2502.63,0.005,click,0.9078
2502.725,2502.73,0.005,click,0.9055
2503.225,2503.23,0.005,click,0.8732
2503.685,2503.69,0.005,click,0.9168
2503.765,2503.77,0.005,click,0.8703
2504.285,2504.29,0.005,click,0.9078
2504.445,2504.49,0.045,water,0.4479
2504.565,2504.57,0.005,click,0.904
2504.745,2504.75,0.005,click,0.8788
2504.905,2504.91,0.005,click,0.8808
2505.025,2505.03,0.005,click,0.9138
2505.085,2505.09,0.005,click,0.8973
2505.145,2505.17,0.025,water,0.5949
2505.245,2505.29,0.045,water,0.4538
2505.585,2505.59,0.005,click,0.9222
2505.805,2505.81,0.005,click,0.8801
2506.085,2506.09,0.005,click,0.8808
2506.145,2506.15,0.005,click,0.8912
2506.245,2506.27,0.025,water,0.5787
2506.445,2506.45,0.005,click,0.8608
2506.525,2506.53,0.005,click,0.8894
2506.745,2506.75,0.005,click,0.9249
2506.985,2507.01,0.025,water,0.8506
2507.165,2507.19,0.025,water,0.776
2507.565,2507.57,0.005,click,0.8705
2507.625,2507.63,0.005,click,0.866
2507.785,2507.79,0.005,click,0.8691
2507.965,2507.97,0.005,click,0.8642
2508.565,2508.57,0.005,click,0.8512
2509.205,2509.21,0.005,click,0.8832
2509.285,2509.31,0.025,water,0.8611
2509.485,2509.51,0.025,water,0.7557
2509.765,2509.77,0.005,click,0.9122
2509.905,2509.93,0.025,water,0.742
2509.985,2509.99,0.005,click,0.867
2510.165,2510.17,0.005,click,0.8741
2510.24,2510.27,0.03,click,0.5083
2510.325,2510.53,0.205,other,0.996
2510.59,2510.73,0.14,other,0.8751
2510.785,2510.83,0.045,water,0.602
2510.925,2510.95,0.025,water,0.6888
2511.105,2511.11,0.005,click,0.8916
2511.245,2511.25,0.005,click,0.8847
2511.685,2511.79,0.105,vocal,0.7813
2511.845,2511.93,0.085,vocal,0.8238
2511.985,2511.99,0.005,click,0.9013
2512.105,2512.11,0.005,click,0.8759
2512.165,2512.19,0.025,water,0.7988
2512.245,2512.25,0.005,click,0.9
2512.405,2512.41,0.005,click,0.9046
2512.485,2512.49,0.005,click,0.8674
2512.865,2512.87,0.005,click,0.8792
2513.065,2513.11,0.045,vocal,0.4245
2513.265,2513.27,0.005,click,0.9135
2513.515,2513.52,0.005,click,0.8365
2513.765,2513.77,0.005,click,0.9086
2514.285,2514.29,0.005,click,0.8611
2514.945,2514.95,0.005,click,0.9386
2515.005,2515.01,0.005,click,0.9014
2515.065,2515.07,0.005,click,0.8214
2515.185,2515.19,0.005,click,0.8944
2515.265,2515.27,0.005,click,0.888
2516.105,2516.11,0.005,click,0.8803
2516.185,2516.19,0.005,click,0.9277
2517.105,2517.11,0.005,click,0.8625
2517.225,2517.23,0.005,click,0.8944
2517.625,2517.63,0.005,click,0.8906
2518.265,2518.31,0.045,water,0.5822
2518.405,2518.41,0.005,click,0.8718
2518.825,2518.83,0.005,click,0.9142
2520.485,2520.49,0.005,click,0.9136
2520.725,2520.73,0.005,click,0.8661
2521.09,2521.095,0.005,click,0.7825
2521.225,2521.23,0.005,click,0.8643
2521.405,2521.41,0.005,click,0.858
2521.51,2521.515,0.005,click,0.8834
2521.58,2521.59,0.01,water,0.3922
2521.845,2521.85,0.005,click,0.8298
2522.125,2522.13,0.005,click,0.8742
2522.225,2522.23,0.005,click,0.9159
2522.805,2522.85,0.045,water,0.5628
2524.905,2524.91,0.005,click,0.9128
2524.965,2524.97,0.005,click,0.9035
2525.045,2525.05,0.005,click,0.8362
2525.345,2525.35,0.005,click,0.8816
2525.405,2525.41,0.005,click,0.8392
2525.805,2525.85,0.045,water,0.4475
2526.425,2526.43,0.005,click,0.8545
2527.425,2527.43,0.005,click,0.8617
2528.2,2528.21,0.01,water,0.5488
2529.425,2529.43,0.005,click,0.8948
2529.675,2529.68,0.005,click,0.9062
2529.88,2529.905,0.025,water,0.9355
2529.97,2529.99,0.02,water,0.9274
2530.145,2530.15,0.005,click,0.88
2531.785,2531.79,0.005,click,0.8816
2531.885,2531.89,0.005,click,0.9077
2532.185,2532.19,0.005,click,0.8974
2532.765,2532.77,0.005,click,0.912
2532.845,2532.85,0.005,click,0.8949
2533.205,2533.25,0.045,water,0.4493
2533.385,2533.39,0.005,click,0.8797
2533.765,2533.77,0.005,click,0.8719
2533.885,2533.89,0.005,click,0.8882
2534.825,2534.83,0.005,click,0.8974
2534.945,2534.95,0.005,click,0.9041
2535.785,2535.83,0.045,water,0.5012
2536.005,2536.01,0.005,click,0.8647
2536.665,2536.71,0.045,water,0.5239
2536.865,2536.87,0.005,click,0.8724
2537.645,2537.65,0.005,click,0.8992
2538.2,2538.21,0.01,click,0.7909
2538.325,2538.33,0.005,click,0.9081
2538.405,2538.41,0.005,click,0.9177
2538.785,2538.79,0.005,click,0.8566
2538.945,2538.95,0.005,click,0.8675
2539.285,2539.29,0.005,click,0.8914
2540.205,2540.21,0.005,click,0.8588
2541.48,2541.525,0.045,vocal,0.5382
2542.4,2542.405,0.005,click,0.9038
2542.48,2542.485,0.005,click,0.8441
2542.54,2542.545,0.005,click,0.8887
2542.64,2542.645,0.005,click,0.8989
2543.06,2543.065,0.005,click,0.9208
2543.6,2543.605,0.005,click,0.8628
2544.18,2544.185,0.005,click,0.8953
2544.36,2544.365,0.005,click,0.9079
2544.42,2544.425,0.005,click,0.8363
2544.96,2544.965,0.005,click,0.8482
2545.42,2545.425,0.005,click,0.912
2545.66,2545.665,0.005,click,0.8457
2546.18,2546.185,0.005,click,0.8807
2546.5,2546.505,0.005,click,0.8883
2546.62,2546.665,0.045,water,0.6484
2546.78,2546.785,0.005,click,0.8884
2547.08,2547.085,0.005,click,0.8865
2547.16,2547.165,0.005,click,0.8679
2547.38,2547.385,0.005,click,0.8437
2547.46,2547.465,0.005,click,0.8951
2547.7,2547.705,0.005,click,0.8731
2548.12,2548.125,0.005,click,0.8661
2548.5,2548.985,0.485,other,0.8529
2549.06,2549.065,0.005,click,0.7888
2549.32,2549.325,0.005,click,0.8584
2549.5,2549.505,0.005,click,0.8805
2549.64,2549.645,0.005,click,0.893
2549.82,2549.825,0.005,click,0.8668
2550.2,2550.205,0.005,click,0.8742
2551.595,2551.6,0.005,click,0.8634
2552.61,2552.615,0.005,click,0.7145
2553.175,2553.18,0.005,click,0.901
2553.255,2553.26,0.005,click,0.8212
2553.715,2553.72,0.005,click,0.8987
2554.335,2554.34,0.005,click,0.8959
2554.695,2554.7,0.005,click,0.8817
2554.955,2554.96,0.005,click,0.8988
2556.075,2556.08,0.005,click,0.8964
2556.525,2556.53,0.005,click,0.8442
2556.815,2556.82,0.005,click,0.8374
2557.195,2557.2,0.005,click,0.8998
2557.32,2557.325,0.005,click,0.8186
2557.375,2557.38,0.005,click,0.8928
2557.695,2557.7,0.005,click,0.8496
2558.015,2558.04,0.025,water,0.8197
2558.435,2558.48,0.045,water,0.5049
2558.735,2558.78,0.045,vocal,0.5722
2559.035,2559.04,0.005,click,0.913
2559.235,2559.24,0.005,click,0.8485
2560.015,2560.02,0.005,click,0.9028
2560.135,2560.14,0.005,click,0.9062
2560.295,2560.3,0.005,click,0.8468
2560.475,2560.48,0.005,click,0.7991
2560.935,2560.94,0.005,click,0.8666
2561.035,2561.04,0.005,click,0.8854
2561.095,2561.1,0.005,click,0.8957
2561.295,2561.3,0.005,click,0.8756
2561.635,2561.68,0.045,water,0.6242
2561.875,2561.88,0.005,click,0.8603
2562.175,2562.18,0.005,click,0.8542
2562.295,2562.3,0.005,click,0.8949
2562.435,2562.46,0.025,water,0.7695
2562.635,2562.64,0.005,click,0.8812
2562.715,2562.76,0.045,water,0.4371
2562.81,2562.815,0.005,click,0.79
2562.875,2562.88,0.005,click,0.9027
2563.535,2563.54,0.005,click,0.8752
2564.415,2564.42,0.005,click,0.8571
2564.695,2564.7,0.005,click,0.8616
2564.815,2564.82,0.005,click,0.9065
2565.095,2565.1,0.005,click,0.9094
2565.375,2565.42,0.045,water,0.4723
2565.555,2565.56,0.005,click,0.8736
2565.615,2565.62,0.005,click,0.8765
2565.895,2565.92,0.025,water,0.817
2566.555,2566.58,0.025,water,0.7721
2566.715,2566.72,0.005,click,0.8968
2567.235,2567.24,0.005,click,0.8998
2568.895,2568.9,0.005,click,0.9171
2569.72,2569.725,0.005,click,0.8506
2570.08,2570.085,0.005,click,0.8753
2570.46,2570.465,0.005,click,0.8783
2570.54,2570.545,0.005,click,0.8389
2570.64,2570.685,0.045,vocal,0.5301
2570.88,2570.885,0.005,click,0.8546
2571.02,2571.045,0.025,water,0.6847
2571.18,2571.185,0.005,click,0.8765
2571.74,2571.825,0.085,vocal,0.7509
2572.02,2572.025,0.005,click,0.8991
2572.08,2572.085,0.005,click,0.8671
2572.14,2572.145,0.005,click,0.8738
2572.22,2572.285,0.065,vocal,0.8715
2572.52,2572.705,0.185,other,0.415
2572.86,2572.865,0.005,click,0.8901
2572.94,2572.945,0.005,click,0.9057
2573.02,2573.025,0.005,click,0.8784
2573.16,2573.205,0.045,vocal,0.4481
2573.28,2573.365,0.085,vocal,0.7695
2573.48,2573.485,0.005,click,0.8813
2573.64,2573.645,0.005,click,0.8884
2573.7,2573.705,0.005,click,0.8472
2573.8,2573.825,0.025,water,0.5832
2573.98,2574.005,0.025,water,0.7601
2574.16,2574.265,0.105,vocal,0.5321
2574.32,2574.325,0.005,click,0.9113
2574.6,2574.605,0.005,click,0.847
2574.72,2574.725,0.005,click,0.8921
2574.84,2574.885,0.045,water,0.4974
2575.02,2575.025,0.005,click,0.9154
2575.42,2575.425,0.005,click,0.8726
2575.56,2575.565,0.005,click,0.8864
2575.62,2575.625,0.005,click,0.9022
2575.84,2575.845,0.005,click,0.9113
2577.125,2577.13,0.005,click,0.8128
2577.385,2577.39,0.005,click,0.9042
2577.865,2577.87,0.005,click,0.8869
2578.385,2578.43,0.045,vocal,0.4076
2578.485,2578.57,0.085,vocal,0.7281
2578.645,2578.65,0.005,click,0.8922
2578.785,2578.79,0.005,click,0.8452
2579.205,2579.21,0.005,click,0.9233
2579.385,2579.39,0.005,click,0.8921
2579.565,2579.65,0.085,vocal,0.6547
2579.845,2579.93,0.085,vocal,0.7898
2580.065,2580.07,0.005,click,0.9135
2580.165,2580.19,0.025,water,0.8239
2580.285,2580.29,0.005,click,0.8597
2580.345,2580.39,0.045,water,0.5074
2580.465,2580.47,0.005,click,0.8456
2580.525,2580.65,0.125,vocal,0.463
2581.025,2581.03,0.005,click,0.9159
2581.085,2581.09,0.005,click,0.8516
2581.925,2582.01,0.085,vocal,0.8984
2582.085,2582.09,0.005,click,0.857
2582.23,2582.275,0.045,water,0.5344
2582.365,2582.37,0.005,click,0.9311
2582.71,2582.735,0.025,water,0.6717
2582.83,2582.835,0.005,click,0.8416
2582.89,2582.915,0.025,water,0.7501
2583.25,2583.255,0.005,click,0.8712
2583.45,2583.455,0.005,click,0.8826
2583.63,2583.655,0.025,water,0.8416
2583.89,2583.915,0.025,water,0.6154
2583.97,2583.975,0.005,click,0.8678
2584.03,2584.035,0.005,click,0.9182
2584.45,2584.455,0.005,click,0.9146
2584.53,2584.575,0.045,water,0.6249
2584.73,2584.735,0.005,click,0.8797
2584.79,2584.815,0.025,water,0.6714
2585.03,2585.035,0.005,click,0.8686
2585.19,2585.235,0.045,vocal,0.4806
2585.55,2585.555,0.005,click,0.8737
2585.87,2585.875,0.005,click,0.8888
2586.71,2586.715,0.005,click,0.908
2587.215,2587.22,0.005,click,0.9039
2587.335,2587.34,0.005,click,0.8725
2587.575,2587.58,0.005,click,0.8371
2587.715,2587.84,0.125,vocal,0.5511
2588.075,2588.12,0.045,vocal,0.5574
2588.235,2588.24,0.005,click,0.8853
2588.295,2588.32,0.025,water,0.7327
2588.495,2588.5,0.005,click,0.8893
2588.735,2588.74,0.005,click,0.8877
2589.075,2589.14,0.065,vocal,0.6497
2589.235,2589.24,0.005,click,0.8951
2589.295,2589.3,0.005,click,0.9086
2589.355,2589.36,0.005,click,0.8841
2589.855,2589.86,0.005,click,0.8853
2590.355,2590.36,0.005,click,0.8832
2590.475,2590.48,0.005,click,0.8719
2590.595,2590.6,0.005,click,0.898
2591.095,2591.1,0.005,click,0.8705
2591.155,2591.16,0.005,click,0.8884
2591.415,2591.42,0.005,click,0.8921
2591.715,2591.72,0.005,click,0.8766
2591.835,2591.84,0.005,click,0.8686
2593.115,2593.12,0.005,click,0.9235
2593.555,2593.6,0.045,vocal,0.4949
2594.375,2594.38,0.005,click,0.9082
